Key,Type,Desc,English,French,Italian,German,Spanish,Japanese,Korean,Polish,Russian,Chinese-Simplified [zh-CN],Portuguese-Brazil [pt-BR],Chinese-Traditional [zh-TW],Pirate English [en-PI],Serbian,Swedish,Romanian,$Context,$Status
Missions/Secondary/Vall_Sounds_Of_Music/Objective,Text,,Perform a surface scan of Vall.,Effectuer un scan de la surface de Vall.,Scansiona la superfice di Vall,Führe einen Oberflächenscan von Vall durch,Escanea la superficie de Vall.,ヴァルの地表スキャンを実行する,볼의 표면을 조사하라,Wykonaj skan powierzchni Vall.,Провести сканирование поверхности Валла,对Vall进行表面扫描。,Efetuar um escaneamento da superfície de Vall.,Perform a surface scan of Vall.,Seek after a surface scan o' Vall,Perform a surface scan of Vall.,Perform a surface scan of Vall.,Efectuează un scanare a suprafeței lui Vall.,,Localized
Missions/Secondary/Vall_Sounds_Of_Music/Name,Text,,The Scans of Music,Les Scans Musicaux,Scansione della Musica,Die Spuren der Musik,Escaneos musicales,スキャンの音楽,음악의 울림,Skanowanie Muzyki,Сканы Музыки,音乐的扫描图,Os escaneamentos de Musica,The Scans of Music,The Scans o' Chanties,Испити музике,The Scans of Music,Scanările Muzicii,,Localized
Missions/Secondary/Vall_Sounds_Of_Music/Debrief02,Text,,"The missing musicians turned up in the janitor's broom closet. When we told them the test worked, they were overjoyed and burst out singing again. Even a startled Valentina Kerman passing by wasn't enough to make them stop.","Les musiciens disparus ont été retrouvés dans le placard à balais du concierge. Quand on leur a dit que le test avait fonctionné, ils étaient fous de joie et se sont remis à chanter de plus belle. Valentina Kerman a sursauté en passant mais ça n'a même pas suffi à les arrêter.","I musicisti scomparsi sono stati trovati nello stanzino delle scope del bidello. Quando gli abbiamo detto che il test ha funzionato, erano pieni di allegria e hanno preso a cantare di nuovo. Anche il passaggio di una sorpresa Valentina Kerman non è stato abbastanza per farli smettere","Die vermissten Musiker wurden in der Abstellkammer des Reinigungspersonals gefunden. Als wir ihnen davon erzählten, dass die Tests funktionierten waren sie überglücklich und konnten nicht anders als wieder los zu singen. Selbst die verblüfte Valentina Kerman, die vorbeiging, war nicht genug um sie aufzuhalten.","Los músicos desaparecidos aparecieron en el armario de escobas del conserje. Cuando les dijimos que la prueba había funcionado, se pusieron muy contentos y volvieron a cantar. Ni siquiera el paso sorprendido de Valentina Kerman fue suficiente para hacerles detenerse.",行方不明のミュージシャンたちが用務員の物置に現れた。テストが成功したと伝えると、彼らは大喜びで歌い始めた。その場を通りかかったヴァレンティナ・カーマンが驚いても、彼らは歌うことを止めなかった...,"실종된 음악가들이 청소부 빗자루 보관실에서 발견되었습니다. 우리가 시험이 성공했다고 전하자, 그들은 기뻐서 다시 노래를 부르기 시작했습니다. 심지어 지나가던 놀란 발렌티나 케르만조차 그들의 노래를 멈추게 할 수 없었습니다.","Udało nam się odnaleźć zaginionych muzyków w kanciapie. Kiedy powiedzieliśmy im że test zadziałał, byli tak przeszczęśliwi że zaczęli śpiewać, znowu. Nie przestali nawet kiedy przestraszyli Valentinę Kerman przechodzącą obok.","Пропавшие музыканты нашлись в подсобке уборщика. Когда мы сообщили им, что тест прошёл успешно, они обрадовались и снова начали петь. Даже напуганная Валентина Керман, случайно проходившая мимо, не смогла заставить их замолчать.",失踪的乐手们出现在了清洁工的扫帚间里。当我们告诉他们扫描成功时，他们欣喜若狂，再次放声歌唱。路过的Valentina Kerman被吓了一跳，也没能让他们停下来。,"Os músicos desaparecidos apareceram no armário de vassouras do zelador. Quando lhes dissemos que o teste tinha funcionado, eles ficaram radiantes e voltaram a cantar. Nem mesmo a presença de Valentina Kerman, que passava por ali e levou um susto, foi suficiente para fazê-los parar.","The missing musicians turned up in the janitor's broom closet. When we told them the test worked, they were overjoyed and burst out singing again. Even a startled Valentina Kerman passing by wasn't enough to make them stop.","The missin' musicians turned up in the janitor's broom hold. When we told 'em the test worked, they were overjoyed 'n burst out singin' chanties again. Even a startled Valentina Kerman passin' by wasn't enough t' make 'em stop.","Нестали музичари су се појавили у остави за метле код домара. Када смо им рекли да је тест успео, били су пресрећни и поново су почели да певају. Чак ни уплашена Валентина Керман која је прошла поред њих није била довољна да их заустави.","The missing musicians turned up in the janitor's broom closet. When we told them the test worked, they were overjoyed and burst out singing again. Even a startled Valentina Kerman passing by wasn't enough to make them stop.","Muzicienii dispăruți au fost găsiți în dulapul cu mături al îngrijitorului. Când le-am spus că testul a funcționat, au fost extrem de fericiți și au început din nou să cânte. Chiar și Valentina Kerman, care trecea pe acolo uimită, nu a reușit să-i facă să se oprească.",,Localized
Missions/Secondary/Vall_Sounds_Of_Music/Debrief03,Text,,Now they've offered to hold a concert in the parking lot with live music beamed from space. I suggest you get out of here before they try to sign you on as the lead singer.,Voilà qu'ils ont proposé de faire un concert sur le parking avec de la musique diffusée en direct depuis l'espace. Je vous suggère de fuir avant qu'ils ne tentent de faire de vous le chanteur principal.,"Ora si sono messi in testa di fare un concerto nel parcheggio, con la musica dal vivo trasmessa dallo spazio. Ti conviene filartela prima che provino a reclutarti come frontman","Nun, da sie angeboten haben, ein Konzert auf dem Parkplatz zu geben – mit viel Live-Musik, die aus dem All übertragen wird – schlage ich vor, dass du dich lieber vom Acker machst, bevor sie versuchen, dich als Leadsänger anzuheuern.",Ahora te han ofrecido un concierto en el estacionamiento con música en vivo transmitida desde el espacio. Te sugiero que te largues antes de que intenten ficharte como cantante principal.,Now they've offered to hold a concert in the parking lot with live music beamed from space. I suggest you get out of here before they try to sign you on as the lead singer.,Now they've offered to hold a concert in the parking lot with live music beamed from space. I suggest you get out of here before they try to sign you on as the lead singer.,"Teraz oferują że zagrają koncert na parkingu, z żywą muzyką nadawaną prosto z kosmosu. Sugeruję ucieczkę, zanim spróbują zaciągnąć cię jako głównego wokalistę.","А теперь они предлагают устроить концерт на парковке — с прямой трансляцией их 'музыки' из космоса! Советую сваливать, пока тебя не наняли в качестве вокалиста.",现在他们提议在停车场办一场音乐会，现场的音乐是从太空实时传送过来的。我建议你赶紧离开这儿，免得他们想把你签约当主唱。,"Agora eles propuseram fazer um show no estacionamento, com música ao vivo transmitida do espaço. Sugiro que você caia fora daqui antes que tentem te contratar como vocalista principal.",Now they've offered to hold a concert in the parking lot with live music beamed from space. I suggest you get out of here before they try to sign you on as the lead singer.,Now they've offered t' hold a concert in the parkin' lot wit' live chanties beamed from space. I suggest ye get out o' here afore they try t' sign ye on as the lead singer.,Now they've offered to hold a concert in the parking lot with live music beamed from space. I suggest you get out of here before they try to sign you on as the lead singer.,Now they've offered to hold a concert in the parking lot with live music beamed from space. I suggest you get out of here before they try to sign you on as the lead singer.,Now they've offered to hold a concert in the parking lot with live music beamed from space. I suggest you get out of here before they try to sign you on as the lead singer.,,Localized
Missions/Secondary/Vall_Sounds_Of_Music/Description,Text,,"Iconic Symp- no, lonic Protonic Sy- those guys <i>really</i> need to come up with a shorter name- anyway, our antenna supplier just reached out and asked us if we'd be up to test their brand-new surface-scanning radar antenna. They assured us the technology is intended to penetrate the surface of distant planets and reveal more about their composition, but we suspect they may just be trying to beam their music to any sub-surface dwelling lifeforms. When asked if they had a preferred target in mind, they suddenly started singing about Vall! Valentina Kerman just so happened to be nearby, and came bursting through the doors of the meeting room to see what was going on. The musicians got startled and fled through the back door, and we haven't seen a trace of them since.
Anyway, we'll give them what they want. Please launch a mission to Vall and make a surface scan. The technical specifications say you need to be in an polar orbit below 5000 km for the scanner to work properly. Changing your inclination takes a lot of fuel once you're in a low orbit, so it might be wise to come in on a trajectory over Vall's poles when you enter its sphere of influence. If you need to adjust your inclination after you've captured into orbit, just burn Normal at the Ascending Node or Anti-Normal at the Descending Node until your inclination reaches 80°. The slower your orbital velocity when making the inclination change, the less fuel it will take, so best to do it at whatever note- sorry, node- is the highest.
Who knows, maybe we'll find some useful materials on Vall. Or a hidden musical civilization living under the ice. Make sure to check if those missing musicians aren't hiding under the launch pad before you lift off!","Électroniques Proto… non, Électroniques Sympho… ces gars-là devraient <i>vraiment</i> trouver un nom plus court. Bref, notre fournisseur d'antennes vient de nous contacter pour nous demander si nous serions prêts à tester leur toute nouvelle antenne radar à balayage de surface. Ils nous ont assuré que cette technologie est destinée à pénétrer la surface de planètes lointaines et à en révéler davantage sur leur composition, mais nous soupçonnons qu'ils essaient simplement de transmettre leur musique à toute forme de vie souterraine. Lorsqu'on leur a demandé s'ils avaient une cible privilégiée en tête, ils se sont soudain mis à chanter à propos de Vall ! Valentina Kerman se trouvait par hasard dans les parages et a fait irruption dans la salle de réunion pour voir ce qui se passait. Les musiciens ont été surpris et se sont enfuis par la porte de derrière, et nous n'avons plus revu aucune trace d'eux depuis.
Bref, nous allons leur donner ce qu'ils veulent. Veuillez lancer une mission vers Vall et scanner sa surface. Les spécifications techniques indiquent que vous devez être sur une orbite polaire sous les 5000 km pour que le scanner fonctionne correctement. Changer d'inclinaison peut être violon, pardon, violent sur votre consommation de carburant une fois en orbite basse, il serait donc judicieux d'arriver par les pôles de Vall lorsque vous entrez dans sa sphère d'influence. Si vous devez ajuster votre inclinaison après votre mise en orbite, propulsez-vous simplement en direction de la normale au nœud ascendant ou anti-normale au nœud descendant jusqu'à ce que votre inclinaison atteigne 80°. Plus votre vitesse orbitale est lente lors du changement d'inclinaison, moins vous consommerez de carburant. Il est donc préférable de le faire au nœud le plus éloigné.
Qui sait, peut-être trouverons-nous des matériaux utiles sur Vall. Ou une civilisation musicale cachée vivant sous la glace. Vérifiez bien que ces musiciens disparus ne se cachent pas sous la rampe de lancement avant de décoller !","Iconic Symp- no, lonic Protonic Sy- quei tizi <i>devono proprio</i> trovare un nome più breve- comunque, il nostro fornitore di antenne ci ha appena contattati per chiederci se fossimo disposti a testare la loro nuovissima antenna radar per la scansione della superficie. Ci hanno assicurato che la tecnologia è pensata per penetrare la superficie di pianeti lontani e rivelare di più sulla loro composizione, ma sospettiamo che stiano semplicemente cercando di trasmettere la loro musica a eventuali forme di vita che vivono nel sottosuolo. Quando gli abbiamo chiesto se avessero in mente un bersaglio preferito, hanno improvvisamente iniziato a cantare di Vall! Valentina Kerman si trovava proprio lì vicino ed è entrata di corsa nella sala riunioni per vedere cosa stesse succedendo. I musicisti si sono spaventati e sono fuggiti dalla porta sul retro, e da allora non ne abbiamo più visto traccia.
Comunque, daremo loro ciò che vogliono. Per favore, lanciate una missione su Vall ed effettuate una scansione della superficie. Le specifiche tecniche indicano che è necessario trovarsi in un'orbita polare al di sotto dei 5000 km affinché lo scanner funzioni correttamente. Cambiare l'inclinazione richiede molto carburante una volta che ci si trova in un'orbita bassa, quindi potrebbe essere saggio entrare su una traiettoria sopra i poli di Vall quando si entra nella sua sfera d'influenza. Se hai bisogno di regolare l'inclinazione dopo essere entrato in orbita, basta bruciare Normal al Nodo Ascendente o Anti-Normal al Nodo Discendente finché l'inclinazione non raggiunge gli 80°. Più lenta è la velocità orbitale quando si effettua la modifica dell'inclinazione, meno carburante ci vorrà, quindi è meglio farlo al nodo più alto.
Chissà, forse troveremo dei materiali utili su Vall. O una civiltà musicale nascosta che vive sotto il ghiaccio. Assicurati di controllare se quei musicisti scomparsi non si nascondono sotto la piattaforma di lancio prima di decollare!","Ikonische Symp– nein, Ionische Protonische Sy– diese Leute brauchen wirklich mal einen kürzeren Namen – jedenfalls hat sich unser Antennenlieferant gerade bei uns gemeldet und gefragt, ob wir bereit wären, ihre brandneue oberflächenscannende Radarantenne zu testen. Sie versicherten uns, dass die Technologie dazu gedacht ist, die Oberfläche ferner Planeten zu durchdringen und mehr über deren Zusammensetzung zu enthüllen, aber wir vermuten, dass sie einfach nur versuchen, ihre Musik an unterirdisch lebende Lebensformen zu senden. Auf die Frage, ob sie ein bevorzugtes Ziel im Sinn hätten, fingen sie plötzlich an, über Vall zu singen! Valentina Kerman war zufällig in der Nähe, platzte durch die Tür des Besprechungsraums, um zu sehen, was los war – woraufhin die Musiker erschraken und durch die Hintertür flohen. Seitdem fehlt jede Spur von ihnen.
Wie auch immer – wir geben ihnen, was sie wollen. Bitte starte eine Mission nach Vall und führe einen Oberflächenscan durch. Laut technischer Spezifikationen musst du dich dafür in einem polaren Orbit unter 5000km Höhe befinden. Eine nachträgliche Änderung der Inklination kostet in niedriger Umlaufbahn viel Treibstoff, daher wäre es klug, Vall’s Einflussbereich direkt in einer polaren Bahn zu betreten. Falls du die Inklination nach der Orbitaufnahme anpassen musst, dann brenne beim Aufsteigenden Knoten in Normal-Richtung oder beim Absteigenden Knoten in Anti-Normal-Richtung, bis deine Inklination 80° erreicht. Je langsamer deine Umlaufgeschwindigkeit bei der Bahnneigungsänderung ist, desto weniger Treibstoff wird benötigt – also am besten am jeweils höchsten Noten – äh, Knoten.
Wer weiß – vielleicht finden wir nützliche Materialien auf Vall. Oder eine verborgene musikalische Zivilisation unter dem Eis. Und überprüfe bitte, ob sich die verschwundenen Musiker nicht unter der Startrampe verstecken, bevor du abhebst!","<i>Iconic Symp... no, lonic Protonic Sy... esos tipos <i> realmente</i> deberían buscar un nombre más corto. En fin, nuestro proveedor de antenas nos contactó y nos preguntó si estaríamos dispuestos a probar su nueva antena de radar de escaneo de superficie. Nos aseguraron que la tecnología está diseñada para penetrar la superficie de planetas distantes y revelar más sobre su composición, pero sospechamos que solo intentan transmitir su música a cualquier forma de vida que habite bajo la superficie. Cuando les preguntamos si tenían un objetivo preferido en mente, ¡de repente empezaron a cantar sobre Vall! Valentina Kerman estaba cerca y entró corriendo por las puertas de la sala de reuniones para ver qué pasaba. Los músicos se asustaron y huyeron por la puerta trasera, y no hemos visto rastro de ellos desde entonces.
En fin, les daremos lo que quieren. Por favor, lancen una misión a Vall y realicen un escaneo de superficie. Las especificaciones técnicas indican que deben estar en una órbita polar por debajo de los 5000 km para que el escáner funcione correctamente. Cambiar la inclinación consume mucho combustible una vez en órbita baja, así que sería prudente entrar en una trayectoria sobre los polos de Vall al entrar en su esfera de influencia. Si necesitas ajustar la inclinación después de entrar en órbita, simplemente usa Normal en el Nodo Ascendente o Anti-normal en el Nodo Descendente hasta que la inclinación alcance los 80°. Cuanto menor sea tu velocidad orbital al cambiar la inclinación, menos combustible consumirás, así que lo mejor es hacerlo en la nota (perdón, nodo) más alta.
Quién sabe, quizá encontremos material útil en Vall. O una civilización musical oculta bajo el hielo. ¡Asegúrate de comprobar si esos músicos desaparecidos están escondidos bajo la plataforma de lanzamiento antes de despegar!","Iconic Symp- no, lonic Protonic Sy- those guys <i>really</i> need to come up with a shorter name- anyway, our antenna supplier just reached out and asked us if we'd be up to test their brand-new surface-scanning radar antenna. They assured us the technology is intended to penetrate the surface of distant planets and reveal more about their composition, but we suspect they may just be trying to beam their music to any sub-surface dwelling lifeforms. When asked if they had a preferred target in mind, they suddenly started singing about Vall! Valentina Kerman just so happened to be nearby, and came bursting through the doors of the meeting room to see what was going on. The musicians got startled and fled through the back door, and we haven't seen a trace of them since.
Anyway, we'll give them what they want. Please launch a mission to Vall and make a surface scan. The technical specifications say you need to be in an polar orbit below 5000 km for the scanner to work properly. Changing your inclination takes a lot of fuel once you're in a low orbit, so it might be wise to come in on a trajectory over Vall's poles when you enter its sphere of influence. If you need to adjust your inclination after you've captured into orbit, just burn Normal at the Ascending Node or Anti-Normal at the Descending Node until your inclination reaches 80°. The slower your orbital velocity when making the inclination change, the less fuel it will take, so best to do it at whatever note- sorry, node- is the highest.
Who knows, maybe we'll find some useful materials on Vall. Or a hidden musical civilization living under the ice. Make sure to check if those missing musicians aren't hiding under the launch pad before you lift off!","아이코닉 심프- 아니, 아이오닉 프로토닉 심- 아, 얘네는 <i>정말<i/> 이름 좀 짧게 지어줬음 좋겠어요. 어쨌든, 저희 안테나 공급사에서 연락이 와서는, 신형 지표 스캐닝 레이더 안테나를 테스트해보지 않겠냐고 하더군요. 기술적으로 이 안테나는 먼 행성의 표면을 관통하여 구성 성분을 알아내는 것이 목적이라고 했지만, 사실 저희는 지하 생명체에게 음악을 송출하려는 게 아닌가 의심하고 있습니다. 선호하는 목표가 있냐고 묻자, 갑자기 볼에 대해 노래를 부르기 시작했어요! 마침 발렌티나 케르만이 근처를 지나가고 있었고, 회의실 문을 박차고 들어와 상황을 확인하려 했죠. 음악가들은 깜짝 놀라 뒷문으로 도망쳤고, 그 후로 그들을 다시는 보지 못했어요.
어쨌든, 그들이 원하는 걸 해 줍시다. 볼로 미션을 발사하고 표면 조사를 수행하세요. 기술 사양서에 따르면, 스캐너가 제대로 작동하기 위해서는 5000 km 이하의 극궤도에 진입해야 합니다. 낮은 궤도에 진입한 후 궤도 경사각을 바꾸려면 많은 연료가 필요하므로, 볼의 극을 지나가는 경로로 접근하는 것이 좋습니다. 만약 궤도 진입 후 경사각을 조정해야 한다면, 상승 노드에서 노멀, 하강 노드에서 안티 노멀을 향해 가속하여 경사각을 80°까지 맞추세요. 경사 변경 시 궤도 속도가 느릴수록 연료 소모가 적으므로, 해당 노트에서, 아니, 노드의 가장 높은 지점에서 수행하는 것이 좋습니다.
누가 알겠어요, 어쩌면 볼에서 유용한 자원을 발견할 수도 있고, 빙하 아래 숨은 음악 문명을 찾을 수도 있겠죠. 발사하기 전에 실종된 음악가들이 발사대 아래에 숨진 않았는지 꼭 확인하세요!","Iconic Symp- nie, lonic Protonic Sy- ci goście <i>serio</i> muszą wymyślić krótszą nazwę- w każdym razie, nasz dostawca anten właśnie się z nami skontaktował i spytał, czy bylibyśmy skłonni przetestować ich zupełnie nową skanująco-powierzchniową antenę radarową. Zapewniają, że ta technologia jest przeznaczona do przenikania powierzchni odległych planet i ujawniania więcej informacji o ich składzie, ale podejrzewamy, że mogą po prostu próbować przesyłać swoją muzykę do jakichkolwiek podpowierzchniowych form życia. Kiedy spytaliśmy, czy mają jakiś konkretny cel, nagle zaczęli śpiewać o Vall! Valentina Kerman akurat była w pobliżu i wpadła przez drzwi sali konferencyjnej, żeby zobaczyć, co się dzieje. Muzykanci przestraszyli się i uciekli tylnymi drzwiami, i od tamtej pory nie było po nich śladu.
W każdym razie, damy im to, czego chcą. Proszę, wyślij misję na Vall i wykonaj skan powierzchni. Specyfikacja techniczna mówi, że musisz znajdować się na orbicie polarnej poniżej 5000 km, aby skaner działał prawidłowo. Zmiana inklinacji pochłania dużo paliwa, gdy jesteś na niskiej orbicie, więc rozsądnie byłoby wejść na trajektorii przebiegającej nad biegunami Vall, gdy wchodzisz w jej sferę wpływu. Jeśli musisz dostosować inklinację po wejściu na orbitę, po prostu spalaj w kierunku Normal w Węźle Wstępującym lub Anti-Normal w Węźle Zstępującym, aż twoja inklinacja osiągnie 80°. Im wolniejsza twoja prędkość orbitalna podczas zmiany inklinacji, tym mniej paliwa to zajmie, więc najlepiej zrobić to w tym miejscu węzła, które jest najwyżej.
Kto wie, może znajdziemy na Vall jakieś użyteczne materiały. Albo ukrytą muzyczną cywilizację żyjącą pod lodem. Upewnij się, że ci zaginieni muzycy nie chowają się pod platformą startową, zanim wystartujesz!","Короче, те самые 'Ионо-Сим-Прото-ЧтоТоТам' или как их. Эти ребята <i>реально</i> должны придумать название покороче... Короче, наш поставщик антенн только что спросил, не хотим ли мы протестировать их новую радарную антенну для сканирования поверхности. Они клянутся, что эта штука создана для сканирования недр далёких планет... Но мы подозреваем, что они просто хотят транслировать свою 'музыку' подпольным формам жизни. Когда мы спросили, есть ли у них предпочтительная цель для сканирования, они внезапно затянули песню о Валл! В этот момент мимо проходила Валентина Керман — услышав шум, она ворвалась в зал переговоров, чтобы выяснить, что происходит. Музыканты в ужасе разбежались через чёрный ход, и с тех пор их никто не видел.
Ладно, уговорили. Запускаем миссию на Валл — пусть просканируют поверхность. По техзаданию, сканер работает только на полярной орбите ниже 5000 км. Но менять наклон на низкой орбите — это прожорливо по топливу. Так что умный кербал подлетает к Валлу сразу над полюсом! Если нужно скорректировать наклон уже на орбите — ускоряйся по Нормали на восходящем узле или против на нисходящем, пока не получишь 80°. Чем медленнее летишь при манёвре — тем экономнее. Так что делай это в самом высоком узле.
Кто знает — может, на Валле мы найдём полезные ресурсы. Или подлёдную музыкальную цивилизацию. И да — проверьте стартовую площадку перед запуском: вдруг они там засели в последний момент?","Iconic Symp……不对，是Ionic Protonic Sy……这帮家伙<i>真</i>得想个短点儿的名字！——总之，我们的天线供应商刚刚联系我们，问我们要不要测试他们全新的地表扫描雷达天线。他们保证说：这项技术旨在穿透遥远行星的地表，揭示更多关于其构成的信息。但我们怀疑他们可能只是想把自己的音乐播放给任何可能栖息在地下的生命。当问到他们有没有心仪的目标时，他们突然就唱起了关于Vall的歌！Valentina Kerman刚好就在附近，直接冲进会议室想看看发生了什么。乐手们吓了一跳，从后门逃走了，之后就再也没见过他们的踪迹。
不过嘛，我们还是遂了他们的愿。请发射一艘探测器前往Vall，进行地表扫描。技术手册指出：为了让扫描仪正常工作，你需要处于高度5000公里以内的极地轨道。一旦进入较低轨道，调整倾角会消耗大量燃料，所以进入Vall的引力范围时，沿着经过其两极的轨迹切入可能是个明智之举。如果泊入轨道后才调整倾角，只需在升交点沿着法线正方向推进，或在降交点沿着法线负方向推进，直到倾角达到至少80°。调整倾角时，轨道速度越慢，消耗的燃料就越少，所以最好在那个最高的音……啊呸，交点，升降交点中高度最高的那个交点，在那个位置上调整
谁知道呢，或许我们真能在Vall上找到一些有用的东西。或者一个隐藏在冰层下的音乐文明。发射前记得检查一下，那些失踪的乐手会不会就藏在发射台下面！","Iconic Elet... não, Ionic Protônicos Sin... — esse pessoal precisa <i>mesmo</i> arranjar um nome mais curto — enfim, nosso fornecedor de antenas entrou em contato perguntando se toparíamos testar a nova antena de radar para escaneamento de superfície deles. Eles garantiram que a tecnologia serve para penetrar a superfície de planetas distantes e revelar mais sobre a composição deles, mas suspeitamos que eles só queiram transmitir suas músicas para eventuais formas de vida que vivam no subsolo. Quando perguntados se tinham algum alvo específico em mente, eles começaram, de repente, a cantar sobre Vall! Acontece que Valentina Kerman estava por perto e entrou de supetão na sala de reuniões para ver o que estava acontecendo. Os músicos levaram um susto e fugiram pela porta dos fundos, e não vimos nem sinal deles desde então.
De qualquer forma, vamos dar a eles o que querem. Por favor, inicie uma missão até Vall e realize uma varredura da superfície. As especificações técnicas indicam que é necessário estar em uma órbita polar abaixo de 5.000 km para que o escaner funcione corretamente. Alterar a inclinação consome muito combustível quando se está em uma órbita baixa; portanto, pode ser sensato chegar em uma trajetória que passe sobre os polos de Vall ao entrar em sua esfera de influência. Se precisar ajustar a inclinação após entrar em órbita, basta realizar uma manobra na direção ""Normal"" no Nodo Ascendente ou na direção ""Anti-Normal"" no Nodo Descendente até que a inclinação atinja 80°. Quanto menor for a sua velocidade orbital ao realizar a mudança de inclinação, menos combustível será gasto; por isso, o ideal é fazer isso em qualquer nodo- desculpa, nodo que estiver no ponto mais alto da órbita.
Quem sabe? Talvez encontremos materiais úteis em Vall. Ou uma civilização musical oculta vivendo sob o gelo. Certifique-se de verificar se aqueles músicos desaparecidos não estão escondidos em baixo da plataforma de lançamento antes de decolar!","Iconic Symp- no, lonic Protonic Sy- those guys <i>really</i> need to come up with a shorter name- anyway, our antenna supplier just reached out and asked us if we'd be up to test their brand-new surface-scanning radar antenna. They assured us the technology is intended to penetrate the surface of distant planets and reveal more about their composition, but we suspect they may just be trying to beam their music to any sub-surface dwelling lifeforms. When asked if they had a preferred target in mind, they suddenly started singing about Vall! Valentina Kerman just so happened to be nearby, and came bursting through the doors of the meeting room to see what was going on. The musicians got startled and fled through the back door, and we haven't seen a trace of them since.
Anyway, we'll give them what they want. Please launch a mission to Vall and make a surface scan. The technical specifications say you need to be in an polar orbit below 5000 km for the scanner to work properly. Changing your inclination takes a lot of fuel once you're in a low orbit, so it might be wise to come in on a trajectory over Vall's poles when you enter its sphere of influence. If you need to adjust your inclination after you've captured into orbit, just burn Normal at the Ascending Node or Anti-Normal at the Descending Node until your inclination reaches 80°. The slower your orbital velocity when making the inclination change, the less fuel it will take, so best to do it at whatever note- sorry, node- is the highest.
Who knows, maybe we'll find some useful materials on Vall. Or a hidden musical civilization living under the ice. Make sure to check if those missing musicians aren't hiding under the launch pad before you lift off!","Iconic symp- no, lonic protonic sy- them scurvy dogs <i>really</i> need to find a shorter name- anyway, our antenna supplier just reached out an' asked us if we'd be up to test their brand-new surface-scannin' radar antenna. They assured us the technology be intended to penetrate the surface o' distant planets an' reveal more about their composition, but we suspect they may just be tryin' to beam their music to any sub-surface dwellin' lifeforms. When asked if they 'ad a preferred target in mind, they suddenly started singin' about vall! valentina kerman just so 'appened to be nearby, an' came burstin' through the doors o' the meetin' room to see what been goin' on. The musicians got startled an' fled through the aft door, an' we 'aven't spied a trace o' them since.
 anyway, we'll give them what they want. Please launch a mission to vall an' make a surface scan. The technical specifications say ye need to be in an polar orbit below 5000 km fer the scanner to work properly. Changin' yer inclination takes a lot o' fuel once ye be in a low orbit, so it might be wise to come in on a trajectory o'er vall's poles when ye enter its sphere o' influence. If ye need to adjust yer inclination after ye've captured into orbit, just burn normal at the ascendin' node or anti-normal at the descendin' node until yer inclination reaches 80°. The slower yer orbital velocity when makin' the inclination change, the less fuel it will take, so best to do it at whatever note- sorry, node- be the lighest.
 who knows, maybe we'll find some useful materials on vall. Or a 'idden musical civilization livin' under the ice. Make sure to check if them missin' musicians aren't 'idin' under the launch pad before ye lift off!","Iconic Symp- no, lonic Protonic Sy- those guys <i>really</i> need to come up with a shorter name- anyway, our antenna supplier just reached out and asked us if we'd be up to test their brand-new surface-scanning radar antenna. They assured us the technology is intended to penetrate the surface of distant planets and reveal more about their composition, but we suspect they may just be trying to beam their music to any sub-surface dwelling lifeforms. When asked if they had a preferred target in mind, they suddenly started singing about Vall! Valentina Kerman just so happened to be nearby, and came bursting through the doors of the meeting room to see what was going on. The musicians got startled and fled through the back door, and we haven't seen a trace of them since.
Anyway, we'll give them what they want. Please launch a mission to Vall and make a surface scan. The technical specifications say you need to be in an polar orbit below 5000 km for the scanner to work properly. Changing your inclination takes a lot of fuel once you're in a low orbit, so it might be wise to come in on a trajectory over Vall's poles when you enter its sphere of influence. If you need to adjust your inclination after you've captured into orbit, just burn Normal at the Ascending Node or Anti-Normal at the Descending Node until your inclination reaches 80°. The slower your orbital velocity when making the inclination change, the less fuel it will take, so best to do it at whatever note- sorry, node- is the highest.
Who knows, maybe we'll find some useful materials on Vall. Or a hidden musical civilization living under the ice. Make sure to check if those missing musicians aren't hiding under the launch pad before you lift off!","Iconic Symp- no, lonic Protonic Sy- those guys <i>really</i> need to come up with a shorter name- anyway, our antenna supplier just reached out and asked us if we'd be up to test their brand-new surface-scanning radar antenna. They assured us the technology is intended to penetrate the surface of distant planets and reveal more about their composition, but we suspect they may just be trying to beam their music to any sub-surface dwelling lifeforms. When asked if they had a preferred target in mind, they suddenly started singing about Vall! Valentina Kerman just so happened to be nearby, and came bursting through the doors of the meeting room to see what was going on. The musicians got startled and fled through the back door, and we haven't seen a trace of them since.
Anyway, we'll give them what they want. Please launch a mission to Vall and make a surface scan. The technical specifications say you need to be in an polar orbit below 5000 km for the scanner to work properly. Changing your inclination takes a lot of fuel once you're in a low orbit, so it might be wise to come in on a trajectory over Vall's poles when you enter its sphere of influence. If you need to adjust your inclination after you've captured into orbit, just burn Normal at the Ascending Node or Anti-Normal at the Descending Node until your inclination reaches 80°. The slower your orbital velocity when making the inclination change, the less fuel it will take, so best to do it at whatever note- sorry, node- is the highest.
Who knows, maybe we'll find some useful materials on Vall. Or a hidden musical civilization living under the ice. Make sure to check if those missing musicians aren't hiding under the launch pad before you lift off!","Iconic Symp- no, lonic Protonic Sy- those guys <i>really</i> need to come up with a shorter name- anyway, our antenna supplier just reached out and asked us if we'd be up to test their brand-new surface-scanning radar antenna. They assured us the technology is intended to penetrate the surface of distant planets and reveal more about their composition, but we suspect they may just be trying to beam their music to any sub-surface dwelling lifeforms. When asked if they had a preferred target in mind, they suddenly started singing about Vall! Valentina Kerman just so happened to be nearby, and came bursting through the doors of the meeting room to see what was going on. The musicians got startled and fled through the back door, and we haven't seen a trace of them since.
Anyway, we'll give them what they want. Please launch a mission to Vall and make a surface scan. The technical specifications say you need to be in an polar orbit below 5000 km for the scanner to work properly. Changing your inclination takes a lot of fuel once you're in a low orbit, so it might be wise to come in on a trajectory over Vall's poles when you enter its sphere of influence. If you need to adjust your inclination after you've captured into orbit, just burn Normal at the Ascending Node or Anti-Normal at the Descending Node until your inclination reaches 80°. The slower your orbital velocity when making the inclination change, the less fuel it will take, so best to do it at whatever note- sorry, node- is the highest.
Who knows, maybe we'll find some useful materials on Vall. Or a hidden musical civilization living under the ice. Make sure to check if those missing musicians aren't hiding under the launch pad before you lift off!",,Localized
Missions/MissionControl/Popover/GranterHeader,Text,,Brought to you by!,Présenté par !,Su gentile concessione di:,Präsentiert von !,Por cortesía de...,私たちがお届けします！,다음에서 제공!,Zleceniodawca:,Наш спонсор!,为你带来！,Um oferecimento de:,為你帶來！,Brought t' ye by!,Brought to you by!,Brought to you by!,Brought to you by!,,Localized
Missions/MissionGranter/Description/Golaith,Text,,"Goliath National Products has a simple dream: a nose for everything. Rockets? Nose cone. Rovers? Nose cone. Kerbals? Nose cone. Do you have some flat space? Put a cone on it! Nose cones make it all aerodynamic and so, so cool.

(Coolness available only in ice cones.)","Les Produits Nationaux Goliath ont un seul rêve : une coiffe pour tout. Les fusées ? Une coiffe. Les rovers ? Une coiffe. Les Kerbals ? Une coiffe. Vous avez des espaces plats ? Ajoutez-y une coiffe ! Les coiffes rendent tout et quiconque aérodynamiques et tellement cool.
  
  (L'option cool est uniquement disponible en salon de coiffure.)","La Prodotti Nazionali Goliath ha un sogno semplice: più ogive per tutti. Un razzo? Ogiva. Un rover? Ogiva. Un kerbal? Ogiva. Hai uno spazio libero? Mettici un'ogiva! Le ogive aggiungono aerodinamicità a tutto e a tutti, e sono davvero, davvero ganze.
  
  (Ganzità disponibile solo attraverso l'uso di un'ogiva.)","Goliath National Products hat einen einfachen Traum: eine Nase für alles. Raketen? Bugnasen. Rover? Bugnasen. Kerbals? Bugnasen. Hast du eine Ebene? Dann steck eine Bugnase drauf! Bugnasen machen alles und jeden dynamisch und supercool.
  
  (Aber nur, wenn sie einer Eiswaffel ähneln.)","El sueño de Goliath National Products es muy sencillo: echarle narices a todo. ¿Un cohete? Toma nariz. ¿Un róver? Nariz al canto. ¿Un kerbal? Nariz cónica para él también. ¿Que tienes un espacio plano? ¡Nariz! Las narices cónicas lo vuelven todo aerodinámico e icónico.
  
  ¡Cuánto morro!","ゴライアス・ナショナル・プロダクツにはシンプルな夢があります。すべてにノーズを付けることです。ロケット？ ノーズコーン。ローバー？ ノーズコーン。カーバル？ ノーズコーン。平らなスペースがある？ コーンを置こう！ ノーズコーンがあればエアロダイナミックになり、とってもとってもクールになります。
 
 （クールな冷たさはアイスのコーンでのみ味わえます。）","골리앗 국영공장은 오직 한 가지, ""모든 물체에 코 달아주기""만 생각합니다. 로켓? 노즈콘. 로버? 노즈콘. 커벌? 노즈콘. 여러분의 기체에 평평한 곳이 있나요? 골리앗 국영공장과 함께 노즈콘을 달아주세요! 노즈콘은 모든 물체를 공기역학적으로 만들어 주고 그래서 멋지답니다.
  
  (쿨내를 뿜뿜하고 싶다면 노즈콘 대신 아이스콘을 달아보세요.)","PaFaGo ma proste marzenie: każdemu w dziób. To jest, tego, każdemu dziób. Rakieta? Dziób. Łazik? Dziób. Kerbal? Dziób. Masz trochę płaskiego na czubku? Zainstaluj tam dziób! Stożkowe dzioby zapewniają aerodynamikę każdemu kształtowi i są niezwykle odlotowe.
  
  (To znaczy, że mogą odlecieć od konstrukcji w przypadku zbyt silnych wstrząsów).","Федеральная корпорация «Голиаф» мечтает только об одном: чтобы у всего в мире был нос. Ракеты? Носовой обтекатель. Вездеходы? Носовой обтекатель. Кербалы? Носовой обтекатель. У вас есть плоскость? Поставьте на нее носовой обтекатель! Носовые обтекатели делают все аэродинамичным и очень, очень крутым.
  
  (Крутизну обеспечивают только крутые носовые обтекатели корпорации «Голиаф».)","歌利亚国家制造厂有一个简单的梦想：万物皆有头锥。火箭？头锥。探测车？头锥。坎巴拉人？头锥。你那儿有个很平坦的地方？放个头锥在上面！头锥能使万物万人符合空气动力学，而且非常非常地酷。

(想要加倍冷酷请选择冰锥)","Os Produtos Nacionais Goliath têm um sonho: um nariz para tudo! Foguetes? Cone de nariz. Rovers? Cone de nariz. Kerbals? Cone de nariz. Você tem uma superfície plana? Coloque um cone nela! Cones de nariz tornam tudo mais aerodinâmico e tão mais maneiro!

(O mais refrescante é o cone de gelo).","歌利亞國家製造公司有個單純的夢想：什麼都該裝個鼻子。火箭？鼻錐。探測車？鼻錐。坎巴拉人？鼻錐。你有平坦的空間嗎？在上面放個錐體吧！鼻錐可以讓每件事、每個人都符合空氣動力學，而且清涼有勁。
  
  （清涼感僅限於冰錐。）","Goliath National Products has a simple dream: a nose for everything. Rockets? Nose cone. Rovers? Nose cone. Kerbals? Nose cone. Do you have some flat space? Put a cone on it! Nose cones make it all aerodynamic and so, so cool.

(Coolness available only in ice cones.)","Goliath National Products has a simple dream: a nose for everything. Rockets? Nose cone. Rovers? Nose cone. Kerbals? Nose cone. Do you have some flat space? Put a cone on it! Nose cones make it all aerodynamic and so, so cool.

(Coolness available only in ice cones.)","Goliath National Products has a simple dream: a nose for everything. Rockets? Nose cone. Rovers? Nose cone. Kerbals? Nose cone. Do you have some flat space? Put a cone on it! Nose cones make it all aerodynamic and so, so cool.

(Coolness available only in ice cones.)","Goliath National Products has a simple dream: a nose for everything. Rockets? Nose cone. Rovers? Nose cone. Kerbals? Nose cone. Do you have some flat space? Put a cone on it! Nose cones make it all aerodynamic and so, so cool.

(Coolness available only in ice cones.)",,Localized
Missions/MissionGranter/Description/Ionic,Text,,"Ionic Symphonic Protonic Electronics isn't just a cool name, it’s a lifestyle. Why would you explode across the cosmos when you can sing and dance in unity?

(We make transmitters. I wouldn’t call that a lifestyle. -Harold)","Les Électroniques Protoniques Symphoniques Ioniques ne sont pas qu'un nom super cool, c'est un style de vie. Pourquoi exploser brutalement à travers le cosmos quand on peut chanter et danser à l'unisson ?
  
  (Nous fabriquons des transmetteurs. Je n'appellerais pas ça un ""style de vie"". - Harold)","Elettronica Ionica Sinfonica Protonica è più di un nome fichissimo, è uno stile di vita. Perché andare in frantumi brutalmente in qualche angolo del cosmo quando puoi cantare e ballare in armonia?

(Noi produciamo trasmettitori. Non lo chiamerei proprio uno stile di vita. -- Harold)","Ionic Symphonic Protonic Electronics ist mehr als nur ein cooler Name. Es ist ein ganzer Lifestyle. Warum sollte man elendig im Kosmos krepieren, wenn man vereint singen und tanzen kann?
  
  (Wir bauen Sendeanlagen. Lifestyle ist was anderes. -Harold)","Ionic Symphonic Protonic Electronics no es solo un nombre rimbombante, sino un estilo de vida. ¿Quién quiere explosiones brutales en el cosmos pudiendo cantar y bailar en armonía?
  
  (Fabricamos transmisores, lo del estilo de vida es fliparse un poco. -Harold).","アイオニック・シンフォニック・プロトニック・エレクトロニクスでクールなのはその名前だけではありません。ライフスタイルもクールなのです。なぜ歌とダンスでひとつになれるというときに、野蛮にも宇宙で爆発を起こさなければならないのでしょうか？
  
  （我々は伝達装置を作る。私はそれをライフスタイルとは言わない。 -ハロルド）","아이오닉 심포닉 프로토닉 일렉트로닉스는 단지 쿨한 이름이 아닌 라이프스타일 그 자체입니다. 같이 어울려서 노래하고 춤추는 게 심포니 아니겠어요? 우주에서 뭔가를 펑펑 터트리는 것만 중요한 게 아니랍니다.
  
  (저희는 송신기를 만듭니다. 라이프스타일이란 말은 낯간지러워서 못 하겠네요. -해롤드)","Nikt nie wie, co oznacza „Melwro” w nazwie, ale brzmi to czadowo i dobrze wyraża nasz styl. Po co brutalnie wybuchać w różnych zakątkach kosmosu, kiedy można wspólnie śpiewać i tańczyć?
  
  (Produkujemy przekaźniki. Nie bardzo wiem, co tu ma do rzeczy śpiew i taniec. – Harold)","«Ионик Синхрофазотроника» — не просто крутое имя, это стиль жизни. Зачем примитивно взрываться в космосе, если можно петь в унисон и синхронно танцевать?
  
  («Мы делаем передатчики. Не думаю, что это стиль жизни». — Гарольд)","离子质子电子交响乐不单是一个很酷的名字，它还是一种生活方式。能大家和谐地一同唱歌和跳舞时，为何要在宇宙中野蛮地炸来炸去呢？

(我们制造传输设备，我不会称之为一种生活方式。-Harold)","Ionic - Eletrônicos Sinfônicos Protônicos é mais do que um nome legal: é um estilo de vida. Pra quê explodir brutalmente pelo cosmos quando se pode cantar e dançar em harmonia?
  
(Nós fazemos transmissores. Eu não chamaria isso de estilo de vida. -Harold)","「離子交響質子電子」不僅僅是個酷炫的名稱，還是一種生活格調。若是能夠一起歡唱跳舞，何必讓野蠻的怒罵聲傳遍宇宙？
  
  （我們的工作是製造發射器。我不會稱之為生活格調。——哈洛德）","Ionic Symphonic Protonic Electronics isn't just a cool name, it’s a lifestyle. Why would you explode across the cosmos when you can sing and dance in unity?

(We make transmitters. I wouldn’t call that a lifestyle. -Harold)","Ionic Symphonic Protonic Electronics isn't just a cool name, it’s a lifestyle. Why would you explode across the cosmos when you can sing and dance in unity?

(We make transmitters. I wouldn’t call that a lifestyle. -Harold)","Ionic Symphonic Protonic Electronics isn't just a cool name, it’s a lifestyle. Why would you explode across the cosmos when you can sing and dance in unity?

(We make transmitters. I wouldn’t call that a lifestyle. -Harold)","Ionic Symphonic Protonic Electronics isn't just a cool name, it’s a lifestyle. Why would you explode across the cosmos when you can sing and dance in unity?

(We make transmitters. I wouldn’t call that a lifestyle. -Harold)",,Localized
Missions/MissionGranter/Description/KerbinWorldFirst,Text,,"The Kerbin World-Firsts Record-Keeping Society judges and tracks all records on Kerbin, no matter how minute. They hold the record for most records tracked and most hyphens in a record keeper’s name.","Le Cercle de certification de première mondiale de Kerbin juge et répertorie tous les records sur Kerbin, aussi insignifiants soient-ils. Il détient le record du plus grand nombre de records suivis et du plus long nom d'un détenteur de record.","La Società dei Record Mondiali di Kerbin valuta e tiene traccia di tutti i record su Kerbin, non importa quanto insignificanti. Detiene il record per il maggior numero di record registrati e il maggior numero di parole nel nome di una società che si occupa di record.","Die Kerbin World-Firsts Record-Keeping Society hält alle Rekorde auf Kerbin nach und bewertet sie, egal, wie unbedeutend sie auch sein mögen. Sie hält den Rekord für die meisten nachgehaltenen Rekord und die meisten Bindestriche im Namen eines Rekordhalters.","La Sociedad de Registro de Hazañas Mundiales de Kerbin da cuenta de todos los récords logrados en Kerbin, por muy ridículos que sean. Ostenta el récord de récords registrados, y el de nombre de sociedad de registro más largo.",カービン世界新記録管理協会はカービン上でのあらゆる記録を判定し保存します。これはどれだけ小さなものでも関係ありません。保存された記録の最多記録と、記録保持者の名前に含まれるハイフンの最多記録を保持しています。,커빈 세계-최초 기록-보관 협회는 커빈에 관한 기록이라면 아무리 사소한 것이라도 죄다 심사하고 추적합니다. 협회는 추적되는 대부분의 기록에 대한 기록과 많은 하이픈을 기록 보관자의 이름으로 보관합니다.,"Towarzystwo Rejestrowania Rekordów Kerbinessa obserwuje i weryfikuje wszystkie próby bicia rekordów na Kerbinie, niezależnie od tego, jak nieistotnych rzeczy by one dotyczyły. TRRK jest ponadto rekordzistą w dziedzinie obserwowania i weryfikowania prób bicia rekordów na Kerbinie.","Всемирное сообщество регистрации рекордов оценивает и регистрирует все рекорды кербинов, даже самые незначительные. Оно поставило рекорд по числу зарегистрированных рекордов.",Kerbin世界第一纪录保持协会对Kerbin的所有纪录进行评判和追踪，无论纪录多么不起眼。他们保持着追踪最多纪录的纪录，以及纪录管理方名字中的连字符最多的纪录。,"A Sociedade de Registro de Feitos Inéditos de Kerbin julga e rastreia todos os registros de Kerbin, não importando a hora exata. Eles têm o recorde de mais registros rastreados e de mais hifens em um nome de um detentor de recorde.",坎巴拉世界紀錄協會負責評判並追蹤坎巴拉星的所有紀錄，無論多麼瑣碎。他們保持著追蹤最多紀錄和紀錄保持人姓名中連字號最多的紀錄。,"The Kerbin World-Firsts Record-Keeping Society judges and tracks all records on Kerbin, no matter how minute. They hold the record for most records tracked and most hyphens in a record keeper’s name.","The Kerbin World-Firsts Record-Keeping Society judges and tracks all records on Kerbin, no matter how minute. They hold the record for most records tracked and most hyphens in a record keeper’s name.","The Kerbin World-Firsts Record-Keeping Society judges and tracks all records on Kerbin, no matter how minute. They hold the record for most records tracked and most hyphens in a record keeper’s name.","The Kerbin World-Firsts Record-Keeping Society judges and tracks all records on Kerbin, no matter how minute. They hold the record for most records tracked and most hyphens in a record keeper’s name.",,Localized
Missions/MissionGranter/Description/ReactionSystems,Text,,"While Reaction Systems Ltd. trusts in thrust, we believe that the right application of thrust makes the difference between punching through the atmosphere or exploding into pieces. When you want to dock instead of knock, look to Reaction Systems Ltd.","Bien que SysRéac SARL ait confiance en la poussée, nous pensons que la bonne application de la poussée fait la différence entre percer l'atmosphère ou s'agiter dans tous les sens et en plusieurs morceaux. Lorsque vous voulez accoster au lieu de vous cogner, appelez SysRéac SARL.","La Reaction Systems Ltd. crede nella spinta, ma è consapevole che è la giusta applicazione di spinta a fare la differenza tra uscire dall'atmosfera in stile o perdere il controllo e ritrovarsi in molti pezzi separati. Quando nello spazio vuoi spararti anziché spaccarti, rivolgiti alla Reaction Systems Ltd.","Reaction Systems Ltd. vertraut auf Schub, aber wir glauben außerdem an dessen richtige Anwendung, denn die sorgt dafür, dass du entweder durch die Atmosphäre schießt oder unkontrolliert und in Einzelteilen auf dem Boden aufschlägst. Wenn du andocken und nicht nur anklopfen willst, dann ist Reaction Systems Ltd. die richtige Adresse.","Aunque Reaction Systems Ltd. puje por el empuje, es obvio que un empuje adecuado puede marcar la diferencia entre penetrar la atmósfera como si nada y perder el control junto a casi todas las piezas. Para un acople sin sustos, con Reaction Systems Ltd. estarás a gusto.",リアクション・システムズは推進力の信奉者です。私たちは、大気を突破できるか、ぐらぐらと制御を失い木っ端みじんに砕けてしまうかの違いは、推進力の適切な使い方にあると信じています。ノッキングではなくドッキングをご所望ならリアクション・システムズまでどうぞ。,"리액션 시스템즈는 로켓 엔진의 추력을 신뢰하고, 추력 방향 조절의 미세한 차이가 로켓을 우주로 나가게 할 수도 산산조각이 나게 할 수도 있다는 것을 잘 압니다. 바닥에 노킹 하는 대신 정거장에 도킹하고 싶다면, 리액션 시스템즈에 문의하세요.","Firma Systemy Reakcyjne Itd. ciągle wierzy w ciąg, zwłaszcza odpowiednio przyłożony – bo to czyni różnicę między przebiciem się przez atmosferę a utratą sterowności i bezradnym rozsypaniem się na bardzo małe kawałki. Gdy chcesz dokować ze stylem, Systemy Reakcyjne Itd. zapraszają.","Если ОАО «Реактивные Системы» полагается на ускорители, то мы верим, что правильное применение ускорителя — то, что отличает успешный пуск от чудовищной аварии. Если вам нужно стыковаться, а не расшибаться, выбирайте ОАО «Реактивные Системы».",反应系统有限公司崇尚推力，但我们认为推力的正确应用决定了你是成功冲出大气层，还是失控摆动并解体为各种碎片。当你想要尽心对接而不是碰撞爆炸时，请找反应系统有限公司。,"O Sistemas de Reação Ltda. confia no empuxo, mas também acredita que a aplicação correta do empuxo faz toda a diferença entre atravessar a atmosfera ou sair do controle e acabar explodindo em pedaços. Se quiser acoplar (e não bater) com segurança, procure o Sistemas de Reação Ltda.",雖然反應系統有限公司相信推力，但我們更相信正確地運用推力將決定是突破大氣層，還是失控散成一堆碎片。若你是想對接而非對撞，反應系統有限公司是最佳選擇。,"While Reaction Systems Ltd. trusts in thrust, we believe that the right application of thrust makes the difference between punching through the atmosphere or exploding into pieces. When you want to dock instead of knock, look to Reaction Systems Ltd.","While Reaction Systems Ltd. trusts in thrust, we believe that the right application of thrust makes the difference between punching through the atmosphere or exploding into pieces. When you want to dock instead of knock, look to Reaction Systems Ltd.","While Reaction Systems Ltd. trusts in thrust, we believe that the right application of thrust makes the difference between punching through the atmosphere or exploding into pieces. When you want to dock instead of knock, look to Reaction Systems Ltd.","While Reaction Systems Ltd. trusts in thrust, we believe that the right application of thrust makes the difference between punching through the atmosphere or exploding into pieces. When you want to dock instead of knock, look to Reaction Systems Ltd.",,Localized
Missions/MissionGranter/Description/Zaltonic,Text,,"That’s a lot of fancy things you’ve got going on in that rocket. With all of that space taken up for gizmos and scanners and portable snack rehydrators, very few parts also come with the batteries to keep it all running ship shape. Slap on some Zaltonic batteries: it’s literally the only thing we do!","Cette fusée contient un tas de choses sophistiquées. Avec tout cet espace occupé par des gadgets, des scanners et des réhydrateurs de chips portables, très peu de pièces sont livrées avec les piles nécessaires. Utilisez des batteries Zaltonic : il n'y a littéralement que ça que nous fabriquons !","Ci sono un sacco di cose complicate, in un razzo. Con tutto lo spazio occupato da dispositivi bizzarri, scanner e reidratatori portatili di merendine, pochissime parti includono anche le batterie necessarie per mantenere tutto in funzione. Schiaffateci dentro delle batterie Zaltonic: è letteralmente l'unica cosa che produciamo!","In deiner Rakete tummeln sich jede Menge ausgefallene Geräte. Der ganze Schnickschnack und die Scanner und tragbaren Snack-Hydratoren brauchen Platz, und deshalb haben nur wenige Teile ihre eigenen Batterien, damit alles tipptopp läuft. Rüste lieber Batterien von Zaltonic nach: Was anderes bauen wir eigentlich nicht!","Hay que ver la de cacharros que tienes en ese cohete. Lo llevas a reventar de herramientas, escáneres e hidratadores de aperitivos portátiles, pero muy pocas piezas llevan baterías para tirar del carro. Ya que estás, echa unas cuantas baterías Zaltonic; ¡es lo único que vendemos!",そのロケットでは数々の素敵な物事が動き出すでしょう。配置ツールとスキャナー、ポータルブルおやつリハイドレーターのためのスペースをふんだんに備え、整然と稼働させるためのバッテリーはごく一部のパーツにのみ搭載されています。ザルトニックのバッテリーを使ってください。私たちが作っているのは、文字どおりそれだけですから！,"로켓 안에서 끝내주는 일들을 하고 계셨군요? 여러 가지 장비나 스캐너, 과자 가루 제거기 등은 한 부피 하다 보니 건전지까지 챙겨가기는 쉽지 않죠. 그런 여러분에게 필요한 물건이 바로 잘토닉의 배터리입니다. 다른 선택지는 없어요!","Każda rakieta zawiera mnóstwo aparatury, która musi się kręcić, świecić, buczeć i robić inne rzeczy. Różne wihajstry, skanery, radary, przenośne podgrzewacze przekąsek – a tylko nieliczne z nich są sprzedawane w komplecie z bateriami. Wrzuć więc do swojej rakiety kilka akumulatorków od Zaltonic, one są całym naszym życiem!","В этой ракете целая тонна крутых вещей. Все место занято гаджетами, сканерами и портативными регидраторами припасов, а источников энергии совсем мало! Прилепите к кораблю несколько аккумуляторов «Zаряд Электроникс»: других товаров у нас просто нет!",你的火箭里可是塞了很多了不得的玩意儿呢。小工具、扫描仪和便携式零食复水器占据了大量空间，很少有部件配备了电池来保证其能正常有序地运行。带上一些泽通电池吧：我们真的就只供电！,"Tem um monte de coisas sofisticadas naquele foguete. Com todo aquele espaço ocupado por engenhocas, scanners e reidratadores portáteis de lanche, poucas peças vêm também com baterias para manter tudo funcionando corretamente. Coloque algumas baterias Zaltonic: isso é literalmente a única coisa que fazemos!",你在那艘火箭上裝了不少新奇的東西嘛。各種小玩意兒、掃描器和可攜式零食保濕機佔了那麼多空間，卻沒有幾樣零件附有電池以維持正常運轉。那就裝上幾顆澤通電子的電池吧：我們真的就只賣這個！,"That’s a lot of fancy things you’ve got going on in that rocket. With all of that space taken up for gizmos and scanners and portable snack rehydrators, very few parts also come with the batteries to keep it all running ship shape. Slap on some Zaltonic batteries: it’s literally the only thing we do!","That’s a lot of fancy things you’ve got going on in that rocket. With all of that space taken up for gizmos and scanners and portable snack rehydrators, very few parts also come with the batteries to keep it all running ship shape. Slap on some Zaltonic batteries: it’s literally the only thing we do!","That’s a lot of fancy things you’ve got going on in that rocket. With all of that space taken up for gizmos and scanners and portable snack rehydrators, very few parts also come with the batteries to keep it all running ship shape. Slap on some Zaltonic batteries: it’s literally the only thing we do!","That’s a lot of fancy things you’ve got going on in that rocket. With all of that space taken up for gizmos and scanners and portable snack rehydrators, very few parts also come with the batteries to keep it all running ship shape. Slap on some Zaltonic batteries: it’s literally the only thing we do!",,Localized
Missions/MissionGranter/Name/Ionic,Text,,Ionic Symphonic Protonic Electronics,Électroniques Protoniques Symphoniques Ioniques,Elettronica Ionica Sinfonica Protonica,Ionic Symphonic Protonic Electronics,Ionic Symphonic Protonic Electronics,アイオニック・シンフォニック・プロトニック・エレクトロニクス,아이오닉 심포닉 프로토닉 일렉트로닉스,Zakłady Elektroniczne Melwro,Ионик Синхрофазотроника,离子质子电子交响乐,Ionic - Eletrônicos Sinfônicos Protônicos,離子交響質子電子,Ionic Symphonic Protonic Electronics,Ionic Symphonic Protonic Electronics,Ionic Symphonic Protonic Electronics,Ionic Symphonic Protonic Electronics,,Localized
Missions/MissionGranter/Name/ReactionSystems,Text,,Reaction Systems Ltd.,SysRéac SARL,Reaction Systems Ltd.,Reaction Systems Ltd.,Reaction Systems Ltd.,リアクション・システムズ,리액션 시스템즈 유한회사,Systemy Reakcyjne Itd.,Реактив Системс Лтд.,反应系统有限公司,Sistemas de Reação Ltda.,反應系統有限公司,Reaction Systems Ltd.,Reaction Systems Ltd.,Reaction Systems Ltd.,Reaction Systems Ltd.,,Localized
Missions/Notifications/UntrackedMission,Text,,Mission Untracked,Mission plus suivie,Missione non monitorata,Mission wird nicht mehr verfolgt,Misión no seguida,ミッション未追跡,임무 추적 해제됨,Śledzenie wyłączone,Миссия не отслеживается,任务取消追踪,Missão não rastreada,取消追蹤的任務,Mission Untracked,Mission Untracked,Mission Untracked,Mission Untracked,,Localized
Missions/Primary/PM01/Objective04,Text,,Establish an orbit around the Mun with an Apoapsis less than 240km and a Periapsis greater than 60km.,Établir une orbite autour de la Mune avec un apoastre de 240 km ou moins et un périastre de 60 km ou plus,Stabilisci un'orbita intorno a Mun con un apoapside inferiore a 240 km e un periapside superiore a 60 km.,Erreiche eine Umlaufbahn um den Mun mit einer Apoapsis von mehr als 240 km und einer Periapsis von mehr als 60 km.,Establece una órbita alrededor de la Muna con un apoápside inferior a 240 km y un periápside superior a 60 km.,ムンを周回する、遠点が240km以下、近点が60km以上の軌道を確立してください。,"최근점이 60km보다 높고, 최원점이 240km보다 낮은 문 궤도를 달성하세요.","Wejdź na orbitę wokół Muna: apoapsis mniejsze niż 240 km, peryapsis większe niż 60 km.","Выйдите на орбиту вокруг Муны, апоцентр которой меньше 240 км, а перицентр больше 60 км.",建立一条环绕Mun的轨道，使远点小于240千米且近点大于60千米。,Estabeleça uma órbita ao redor de Mun com um Apoastro menor que 240 km e um Periastro maior que 60 km.,在穆恩星周圍建立軌道，讓遠心點小於240公里，近心點大於60公里。,Establish an orbit around the Mun with an Apoapsis less than 240km and a Periapsis greater than 60km.,Establish an orbit around the Mun with an Apoapsis less than 240km and a Periapsis greater than 60km.,Establish an orbit around the Mun with an Apoapsis less than 240km and a Periapsis greater than 60km.,Establish an orbit around the Mun with an Apoapsis less than 240km and a Periapsis greater than 60km.,,Localized
Missions/Primary/PM01/Objective10,Text,,Set up a vessel with a probe core and an antenna with a minimum range of 86 Gm around Jool.,Placer un vaisseau avec un noyau de sonde et une antenne d'une portée minimum de 86 Gm autour de Jool,Colloca un veicolo con un nucleo sensore e un'antenna con un raggio minimo di 86 Gm intorno a Jool.,Bringe ein Raumfahrzeug mit einem Sondenkern und einer Antenne mit einer Mindestreichweite von 86 Gm um Jool in Position.,Monta una nave con núcleo de sonda y una antena con un alcance mínimo de 86 GM alrededor de Jool.,ジュール周辺に、プローブコアと最低86Gmの受信範囲を持つアンテナを備えた宇宙船を配置してください。,프로브 코어와 안테나가 있는 기체를 줄 주변 최소 86 Gm에 배치해 보세요.,Wprowadź na orbitę wokół Joola pojazd wyposażony w rdzeń sondy i antenę o zasięgu co najmniej 86 Gm.,Выведите на орбиту вокруг Джула аппарат с автоматическим блоком управления и антенной с минимальной дальностью действия 86 Гм.,环绕Jool布置一个配有探测器核心的航天器，并且天线的最小范围为86GM。,Posicione uma nave com um núcleo de sonda e uma antena com um alcance mínimo de 86 Gm ao redor de Jool.,在朱爾星周圍設置配備探測器核心和天線的載具，最小探測範圍為86 GM。,Set up a vessel with a probe core and an antenna with a minimum range of 86 Gm around Jool.,Set up a vessel with a probe core and an antenna with a minimum range of 86 Gm around Jool.,Set up a vessel with a probe core and an antenna with a minimum range of 86 Gm around Jool.,Set up a vessel with a probe core and an antenna with a minimum range of 86 Gm around Jool.,,Localized
Missions/Primary/PM05/Brief03,Text,,"Use SAS to orient yourself either <color=#FFA114><b><cspace=-.1em>Up</cspace></b></color> or <color=#FFA114><b><cspace=-.1em>Radial Out</cspace></b></color> before extending your landing legs and slowly coasting down. Any surface will do. Well, maybe not anywhere that looks slippery. 

Once you’ve completed the most significant achievement in our history, look around and tell us if anything you find looks…edible. Yes. I said edible.","Utilisez le SAS pour vous orienter de façon <color=#FFA114><b><cspace=-.1em>radiale</cspace></b></color> ou <color=#FFA114><b><cspace=-.1em>anti-radiale</cspace></b></color> avant de déployer le train d'atterrissage et de vous poser doucement. N'importe quelle surface fera l'affaire. Enfin, évitez quand même les endroits trop glissants. 
 
 Lorsque vous aurez réalisé l'exploit le plus monumental de notre histoire, regardez autour de vous et dites-nous si vous trouvez quelque chose de... mangeable. Oui, j'ai bien dit mangeable.","Usa il S.A.S. per orientarti in <color=#FFA114><b><cspace=-.1em>alto</cspace></b></color> o in direzione <color=#FFA114><b><cspace=-.1em>anti-radiale</cspace></b></color> prima di attivare i dispositivi di atterraggio e procedere con una lenta discesa. Qualsiasi superficie andrà bene. Beh, magari non atterrare dove sembra scivoloso.

Una volta raggiunto il traguardo più importante della nostra storia, guardati intorno e dicci se vedi qualcosa che sembra... commestibile. Già. Ho detto ""commestibile"".","Orientiere dich mit dem SAS <color=#FFA114><b><cspace=-.1em>nach oben</cspace></b></color> oder <color=#FFA114><b><cspace=-.1em>radial</cspace></b></color>, bevor du die Landebeine ausfährst und langsam hinuntersinkst. Das geht auf jeder Oberfläche. Na, vielleicht nicht, wo es rutschig ist.
 
 Nachdem du den größten Erfolg unserer Geschichte erzielt hast, sieh dich um und sag uns, ob irgendwas ... essbar aussieht. Ja. Ich habe „essbar“ gesagt.","Usa el SAE para orientarte hacia <color=#FFA114><b><cspace=-.1em>arriba</cspace></b></color> o hacia un <color=#FFA114><b><cspace=-.1em>radial exterior</cspace></b></color> antes de extender las patas de aterrizaje y descender lentamente. Nos vale cualquier superficie... Bueno, cualquiera no; no es plan de quedar como unos cutres. 
 
 Cuando culmines el logro más importante de nuestra historia, mira el entorno y busca algo que parezca... comestible. Sí, he dicho ""comestible"".","SASを使って<color=#FFA114><b><cspace=-.1em>上</cspace></b></color>向きにするか、<color=#FFA114><b><cspace=-.1em>ラジアルアウト</cspace></b></color>の向きにしてから、着陸脚を展開してゆっくり惰性で下っていきます。どんな表面でも構いません。まあ、滑りやすそうなところはやめた方がいいかもしれないですね。
 
 我々の歴史で最大の偉業を達成したら、周りを見渡して、何か…食べられそうなものを見つけたら教えてください。そうです、食べられそうなもの、です。","래닝레그를 전개하고 천천히 내려가기 전 SAS를 사용해 <color=#FFA114><b><cspace=-.1em>위</cspace></b></color>나<color=#FFA114><b><cspace=-.1em>연직방향</cspace></b></color>으로 방향을 잡아보세요. 어떤 표면에도 착륙할 수 있습니다. 다만 평평한 곳이 없을 수는 있어요. 
 
 역사상 가장 중요한 업적을 달성한 후에는 주변을 탐색하고 먹을...것이 있다면 알려주세요. 네. 먹을것이라고 말했어요.","Użyj SWS, by ustawić swoją rakietę <color=#FFA114><b><cspace=-.1em>do góry</cspace></b></color> lub <color=#FFA114><b><cspace=-.1em>obwodowo na zewnątrz</cspace></b></color>. Potem wysuń nogi pojazdu i powoli zejdź w dół beznapędowo. Do lądowania wystarczy dowolny płaski kawałek powierzchni. Cóż, może nie taki, który wygląda na śliski.
 
 Gdy już zaliczysz największe osiągnięcie w dziejach naszej planety, rozejrzyj się, czy nie znajdziesz czegoś… jadalnego. Tak tak, jadalnego.","Используйте САС, чтобы сориентировать свой аппарат <color=#FFA114><b><cspace=-.1em>вверх</cspace></b></color> или <color=#FFA114><b><cspace=-.1em>радиально наружу</cspace></b></color>, а затем выпустите посадочные опоры и медленно опустите аппарат. Подойдет любая поверхность и любой образец. Ну, может, скользкая не подойдет.
 
 Как только осуществите это самое выдающееся достижение в истории, посмотрите по сторонам и постарайтесь найти что-нибудь... съестное. Да. Съестное.","在伸出着陆支架并慢慢惯性向下滑行前，利用SAS进行自我定向，确定是<color=#FFA114><b><cspace=-.1em>向上</cspace></b></color>还是<color=#FFA114><b><cspace=-.1em>径向向外</cspace></b></color>。任何表面都行。好吧，也许找个看起来不那么滑溜溜的地方。
 
 等你完成史上最重要的成就之后，看看四周，如果发现什么看起来……能吃，就告诉我们。没错。我说的就是能吃。","Use S.A.E. para se orientar para <color=#FFA114><b><cspace=-.1em>cima</cspace></b></color> ou em <color=#FFA114><b><cspace=-.1em>radial externo</cspace></b></color> antes de estender os trens de pouso e descer lentamente. Qualquer superfície serve. Bom, talvez não seja legal em lugares escorregadios.
 
 Depois de concluir a façanha mais importante da nossa história, dê uma olhada em volta e nos diga se encontrar alguma coisa que pareça... comestível. Sim. Eu disse comestível.","在展開著陸架並慢慢向下滑行之前，使用穩定輔助系統來調整自己的方向，可以選擇<color=#FFA114><b><cspace=-.1em>向上</cspace></b></color>或是<color=#FFA114><b><cspace=-.1em>徑向向外</cspace></b></color>。任何地表都可以，但最好不要選擇降落在看起來很滑的地方。
 
 一旦你完成了我們歷史上最偉大的成就，就環顧四周，看看你發現的任何東西是否看起來……可食用。對，我說的就是可食用。","Use SAS to orient yourself either <color=#FFA114><b><cspace=-.1em>Up</cspace></b></color> or <color=#FFA114><b><cspace=-.1em>Radial Out</cspace></b></color> before extending your landing legs and slowly coasting down. Any surface will do. Well, maybe not anywhere that looks slippery. 

Once you’ve completed the most significant achievement in our history, look around and tell us if anything you find looks…edible. Yes. I said edible.","Use SAS to orient yourself either <color=#FFA114><b><cspace=-.1em>Up</cspace></b></color> or <color=#FFA114><b><cspace=-.1em>Radial Out</cspace></b></color> before extending your landing legs and slowly coasting down. Any surface will do. Well, maybe not anywhere that looks slippery. 

Once you’ve completed the most significant achievement in our history, look around and tell us if anything you find looks…edible. Yes. I said edible.","Use SAS to orient yourself either <color=#FFA114><b><cspace=-.1em>Up</cspace></b></color> or <color=#FFA114><b><cspace=-.1em>Radial Out</cspace></b></color> before extending your landing legs and slowly coasting down. Any surface will do. Well, maybe not anywhere that looks slippery. 

Once you’ve completed the most significant achievement in our history, look around and tell us if anything you find looks…edible. Yes. I said edible.","Use SAS to orient yourself either <color=#FFA114><b><cspace=-.1em>Up</cspace></b></color> or <color=#FFA114><b><cspace=-.1em>Radial Out</cspace></b></color> before extending your landing legs and slowly coasting down. Any surface will do. Well, maybe not anywhere that looks slippery. 

Once you’ve completed the most significant achievement in our history, look around and tell us if anything you find looks…edible. Yes. I said edible.",,Localized
Missions/Primary/PM08/Debrief03,Text,,"The message says,
<i>“Bear witness to her brow, where two entwine through gravity.
Bear witness to her influence, which saved us from calamity.
Six times the heavens circled, once freed we did not stay.   
Bear witness to the Goddess, Kerbina Lights the Way.”</i>","Le message dit :
<i>""Soyez témoin de son front, où deux s'entrelacent par la gravité.
Soyez témoin de son influence, qui nous sauva de la calamité.
Six fois les cieux tournèrent, libérés, nous ne restâmes point.
Soyez témoin de la Déesse, Kerbina éclaire le chemin.""</i>","Il messaggio recita:
<i>""Sia testimone la sua fronte, dove un duo s'intreccia nella gravità.
Sia testimone la sua influenza, che ci salvò dalle calamità.
Sei volte ruotarono i cieli e, liberi, riprendemmo il nostro destino.
Sia testimone la Dea, Kerbina ci illumina il cammino.""</i>","Die Nachricht lautet:
 <i>„Lege zu ihrer Stirn Zeugnis ab, wo sich aufgrund der Schwerkraft zwei umschlingen.
 Lege zu ihrem Einfluss Zeugnis ab, der uns vor der Katastrophe bewahrt hat.
 Sechsmal den Himmel umkreist, einmal befreit blieben wir nicht.
 Lege zu ihrer Göttin Zeugnis ab, Kerbina erhellt den Weg.“</i>","El mensaje dice así:
 <i>""Sed testigos de Su entrecejo, donde la dupla se entrelaza con la gravedad.
 Sed testigos de Su influencia, pues nos salvó de la catástrofe.
 Seis vueltas dieron los cielos, y al quedar libres, nos marchamos. 
 Sed testigos de la diosa Kerbina, pues ella ilumina el camino"".</i>","メッセージはこうです。
 <i>「2人が重力で絡み合うとき、彼女の額の証人となれ。
 我々を厄災から救った彼女の影響力の証人となれ。
 天が6回円を描き、解放された我々はもう留まらなかった。…
 女神の証人となれ、カービナが道を照らす」</i>","메시지는 다음과 같습니다.
<i>“그녀의 이마에서 중력을 통해 둘이 하나가 되는 것을 보라.
우리를 재난에서 구원한 그녀의 영향력을 보라.
하늘이 여섯 번 돌았고, 우리가 풀려나면 그곳을 떠나리라.
눈을 들어 여신을 보라. 여신 커비나께서 길을 밝히시리다.”</i>","Wiadomość brzmi:
 <i>„Patrz śmiało, to Kerbina, gdzie grawitacja dwoje splata.
 Patrz, ujrzyj jej potęgę, która przed klęską nas ocala.
 Sześć kręgów na niebiosach, uwolnione wnet odleci.
 Skłoń głowę przed boginią, ona drogę ci oświeci”.</i>","В сообщении сказано:
 <i>«Узрите ее чело, где двое объединились, благодаря силе тяжести.
 Узрите ее влияние, которое спасло нас от опасности.
 Шесть раз небеса кружили, и, обретя свободу, мы не остались здесь.
 Узрите, как богиня Кербина освещает путь».</i>","这条消息说的是，
 <i>“见证她的黛眉，因重力交织缠绕。
 见证她的影响力，将我们自灾难中拯救。
 六倍于苍穹，一获自由不停留。
 见证女神，Kerbina照亮前路。”</i>","A mensagem diz:
 <i>""Testemunhe o fronte dela, onde dois se entrelaçam por meio da gravidade.
 Testemunhe a influência dela, que nos salvou da calamidade.
 Seis vezes os céus circundaram, uma vez libertos, não permanecemos.
 Testemunhe a Deusa, Kerbina Ilumina o Caminho.""</i>","訊息上寫道，
 <i>「見證她的眉宇，兩者在引力中交纏。
 見證她的影響力，拯救我們免於災難。
 在天空繞行六次，一旦自由我們便不再停留。
 見證女神，坎巴拉娜照亮前路。」</i>","The message says,
<i>“Bear witness to her brow, where two entwine through gravity.
Bear witness to her influence, which saved us from calamity.
Six times the heavens circled, once freed we did not stay.   
Bear witness to the Goddess, Kerbina Lights the Way.”</i>","The message says,
<i>“Bear witness to her brow, where two entwine through gravity.
Bear witness to her influence, which saved us from calamity.
Six times the heavens circled, once freed we did not stay.   
Bear witness to the Goddess, Kerbina Lights the Way.”</i>","The message says,
<i>“Bear witness to her brow, where two entwine through gravity.
Bear witness to her influence, which saved us from calamity.
Six times the heavens circled, once freed we did not stay.   
Bear witness to the Goddess, Kerbina Lights the Way.”</i>","The message says,
<i>“Bear witness to her brow, where two entwine through gravity.
Bear witness to her influence, which saved us from calamity.
Six times the heavens circled, once freed we did not stay.   
Bear witness to the Goddess, Kerbina Lights the Way.”</i>",,Localized
Missions/Primary/PM09/Brief02,Text,,"Newton shouted, “DR. KERI CAN’T HAVE COFFEE FOR A MONTH OR SHE'LL GO BOOM!” in the control room. Now the staff are guarding the coffee machines from me. 
Which is where you come in!","Newton s'est mise à crier sur tous les toits ""LE DR KERI NE PEUT PLUS BOIRE DE CAFÉ PENDANT UN MOIS SINON ELLE VA FAIRE BOUM !"". Toute l'équipe se relaie pour monter la garde devant les machines à café et m'empêcher de les approcher.
 
 C'est là que vous rentrez en scène !","Newton ha urlato ""LA DOTTORESSA KERI NON PUÒ BERE CAFFÈ PER UN MESE, ALTRIMENTI FARÀ UN BEL BOTTO!"" nel bel mezzo della sala di controllo. Ora lo staff fa i turni di guardia per sorvegliare le macchine per il caffè. Non posso avvicinarmi.
Ed è qui che entri in gioco tu!","Newton hat durch die gesamte Leitstelle gebrüllt: „DR. KERI DARF EINEN MONAT LANG KEINEN KAFFEE MEHR TRINKEN, SONST MACH SIE WUMMS!“ Jetzt schieben die Mitarbeiter schichtweise Schmiere vor den Kaffeemaschinen, sodass ich nicht mal mehr in ihre Nähe komme.
 
 Und da kommst du ins Spiel!","Newton vociferó en mitad de la sala de control que no puedo tomar café durante un mes entero... ¡o explotaré! Ahora, el personal se turna para vigilar las cafeteras, y no puedo ni acercarme. 
 
 ¡Aquí es donde entras tú!","ニュートンが叫んだんです。「ケリー博士、1か月コーヒー禁止、でないと『ドッカン！』」って、管制室のど真ん中で。それでスタッフがコーヒーメーカーをシフト制でガードするようになって、私は近づけないんです。
 
 そこで所長の出番ですよ！","뉴턴은 통제실 중간에서 소리쳤어요. “케리 박사님! 한 달 동안 커피를 드시면 안 됩니다, 그러다 펑 하고 터져버릴지도 몰라요!” 지금은 직원들이 교대로 커피머신을 지키고 있어서 가까이 다가갈 수 없었어요. 
 
 저 대신 가주실래요?","Newton wrzasnęła na całą sterownię: „DR KERI NIE MOŻE PIĆ KAWY PRZEZ CAŁY MIESIĄC, BO WYBUCHNIE!”. Teraz personal na zmianę trzyma straż przy ekspresach do kawy i nie mogę się do nich zbliżyć.
 
 Więc mam dla ciebie zadanie bojowe!","Ньютон, стоявший в центре управления, крикнул: «ДОКТОР, КЕРИ НЕЛЬЗЯ ПИТЬ КОФЕ ЦЕЛЫЙ МЕСЯЦ, ОНА ВЗОРВЕТСЯ». Теперь персонал по очереди охраняет кофемашины, и я не могу к ним подобраться.
 
 Вот поэтому мне нужны вы!","牛顿在控制室的正中央大喊，“Keri博士，一个月不能喝咖啡，否则她会爆炸！”现在所有的同事都轮班看守咖啡机，我根本无法靠近。
 
  所以就轮到你出马了！","Newton gritou: ""DRA. KERI NÃO PODE TOMAR CAFÉ POR UM MÊS OU VAI FAZER BUM!"" no meio da sala de controle. Agora os funcionários estão fazendo turnos vigiando as cafeteiras, e não consigo me aproximar.
 
 E é aí que você entra!","牛頓在控制室的中央大喊道：「接下來一個月都別讓科瑞博士喝咖啡，不然她會炸掉的！」現在所有員工輪班看守咖啡機，我完全無法靠近。
 
 這時候就輪到你出場了！","Newton shouted, “DR. KERI CAN’T HAVE COFFEE FOR A MONTH OR SHE'LL GO BOOM!” in the control room. Now the staff are guarding the coffee machines from me. 
Which is where you come in!","Newton shouted, “DR. KERI CAN’T HAVE COFFEE FOR A MONTH OR SHE'LL GO BOOM!” in the control room. Now the staff are guarding the coffee machines from me. 
Which is where you come in!","Newton shouted, “DR. KERI CAN’T HAVE COFFEE FOR A MONTH OR SHE'LL GO BOOM!” in the control room. Now the staff are guarding the coffee machines from me. 
Which is where you come in!","Newton shouted, “DR. KERI CAN’T HAVE COFFEE FOR A MONTH OR SHE'LL GO BOOM!” in the control room. Now the staff are guarding the coffee machines from me. 
Which is where you come in!",,Localized
Missions/Primary/PM09/Debrief03,Text,,"As expected, the monument is emitting a new signal that we'll need to decode!
For now, I'd like to share a memo from <i>The Institute of Old Stuff.</i> The lead researcher is my old classmate, Levi!
We only received a stern “Real Science Only,” memo from the Kerbal Astronomical Society, by the way. Their loss!","Comme prévu, le monument émet un nouveau signal que nous allons devoir déchiffrer !
 En attendant, je voudrais vous faire part d'un mémo de <i>l'Institut des Trucs Vraiment Très Vieux</i>. Leur chercheur en chef est mon ancien camarade de classe Levi !
 Quant à la Société Astronomique Kerbale, elle s'est contentée de nous renvoyer un courrier avec ""Vraie science uniquement"" écrit dessus. Tant pis pour eux !","Come previsto, il monumento sta inviando un nuovo segnale da decifrare!
Nel frattempo, vorrei condividere una nota da <i>L'Istituto delle Anticaglie.</i> Il capo ricercatore è un mio vecchio compagno di classe, Levi!
A proposito, dalla Società Astronomica Kerbal abbiamo ricevuto solo un severo promemoria con scritto “Solo Vera Scienza”. Peggio per loro!","Wie erwartet sendet das Monument ein neues Signal, dass wir dechiffrieren müssen!
 Jetzt möchte ich dir aber erst mal ein Memo vom <i>Institut für altes Zeug</i> zeigen. Der Forschungsleiter ist Levi, ein alter Klassenkamerad von mir!
 Von der Astronomischen Gesellschaft von Kerbin haben wir nur eine strenge Ermahnung erhalten, doch bitte nur „echte wissenschaftliche Belange“ einzureichen. Ihr Pech!","Como cabía esperar, ¡el monumento está emitiendo otra señal que debemos descifrar!
Mientras tanto, quiero compartir un mensaje del <i>Instituto Vetusto</i>. El investigador jefe es Levi, ¡un antiguo compi mío de clase!
Ah, y la Sociedad Astronómica Kerbal nos ha respondido con un escueto ""Solo ciencia de verdad"". ¡Pues ellos se lo pierden!","予想どおり、モニュメントは新しい信号を出していて、解読が必要です！
 とりあえず、<i>古物研究所</i>から受け取ったメモについて報告しておきます。そこの主任研究者は、私の昔のクラスメートのレヴィだったんですよ！
 私たちはカーバル天文学会から非常に厳しい「真の科学限定」のメモしか受け取れなかったんですけどね。彼らがどれだけ損したことか！","예상대로, 이 유적은 저희가 해독해야 할 새로운 신호를 발산하고 있습니다!
이제는 이 신호를 <i>오래된 협회</i>에 공유해야 할 것 같아요. 협회의 수석 연구원은 제 옛 동기인 리바이예요!
여담이지만, 저희는 커벌 천문협회로부터 “유사 과학 사절”이라는 메모를 전해 받은 게 전부입니다. 손해를 본 건 그들이겠죠!","Tak jak się spodziewaliśmy, monument nadaje nowy sygnał, który musimy rozszyfrować!
W międzyczasie chciałabym poinformować cię o notce, którą otrzymaliśmy z <i>Instytutu Staroci.</i> Okazuje się, że jego główny naukowiec to mój kolega z podstawówki, Levi!
Natomiast Kerbińskie Towarzystwo Astronomiczne przysłało nam jedynie surowe napomnienie „Tylko prawdziwa nauka”. Ich strata!","Как и ожидалось, монумент испускает новый сигнал, который нужно расшифровать!
 Давайте я зачитаю послание из <i>Института старья.</i> Мы с Леви учились в одном классе, а теперь он их старший исследователь!
 Астрономическое сообщество кербалов прислало нам только строгое замечание — дескать, «Только настоящая наука». Ну, им же хуже!","不出所料，纪念碑发出了一条我们需要破译的新信号！
 现在，我想分享一条来自<i>旧物协会</i>的备忘录。他们的首席研究员是我的老同学，Levi！
 对了，我们从坎巴拉天文协会只收到“仅限真正的科学”这句古板的备忘录。反正是他们的损失！","Como esperado, o monumento está emitindo um sinal novo que precisamos decodificar!
Por ora, eu gostaria de compartilhar um memorando do <i>Instituto CoisaVeia.</i> O pesquisador-chefe é meu antigo colega de turma, Levi!
Só recebemos um memorando sério da Sociedade Astronômica Kerbal aliás, dizendo ""Apenas ciência de verdade"". Há! Eles que saem perdendo!","不出所料，紀念碑發出了新的訊號，我們需要解碼！
 現在，我想和大家分享一份來自<i>古物研究所</i>的備忘錄。首席研究員是我的老同學，李維！
 順便說一句，我們只收到了來自坎巴拉星天文學會寄來的一份「只做真正的科學」的嚴厲備忘錄。這是他們的損失！","As expected, the monument is emitting a new signal that we'll need to decode!
For now, I'd like to share a memo from <i>The Institute of Old Stuff.</i> The lead researcher is my old classmate, Levi!
We only received a stern “Real Science Only,” memo from the Kerbal Astronomical Society, by the way. Their loss!","As expected, the monument is emitting a new signal that we'll need to decode!
For now, I'd like to share a memo from <i>The Institute of Old Stuff.</i> The lead researcher is my old classmate, Levi!
We only received a stern “Real Science Only,” memo from the Kerbal Astronomical Society, by the way. Their loss!","As expected, the monument is emitting a new signal that we'll need to decode!
For now, I'd like to share a memo from <i>The Institute of Old Stuff.</i> The lead researcher is my old classmate, Levi!
We only received a stern “Real Science Only,” memo from the Kerbal Astronomical Society, by the way. Their loss!","As expected, the monument is emitting a new signal that we'll need to decode!
For now, I'd like to share a memo from <i>The Institute of Old Stuff.</i> The lead researcher is my old classmate, Levi!
We only received a stern “Real Science Only,” memo from the Kerbal Astronomical Society, by the way. Their loss!",,Localized
Missions/Secondary/Bop_ExperimentFossil/Objective,Text,,Perform a Sample Survey of the strange fossil on Bop.,Réalisez une analyse de prélèvement sur l'étrange fossile de Bop.,Esegui un primo rilevamento dello strano fossile su Bop,Nimm an dem seltsamen Fossil auf Bop eine Stichprobenerhebung vor.,Recoge una muestra del extraño fósil de Bop.,ボップで奇妙な化石のサンプル調査を実施してください。,밥에서 이상한 화석의 샘플을 조사하세요.,Wykonaj analizę próbki na dziwnej skamieniałości z Bopa.,"Проведите исследование образца, взятого у странного ископаемого на Бопе.",对Bop上的奇怪化石进行样本调查。,Faça uma pesquisa de amostra do estranho fóssil em Bop.,對波普星上的奇怪化石進行樣本調查。,Perform a Sample Survey of the strange fossil on Bop.,Perform a Sample Survey of the strange fossil on Bop.,Perform a Sample Survey of the strange fossil on Bop.,Perform a Sample Survey of the strange fossil on Bop.,,Localized
Missions/Secondary/Bop_LandCrater/Objective,Text,,Land in the Largest Impact Site on Bop.,Atterrissez dans le plus grand cratère de Bop.,Atterra nel gigantesco cratere su Bop,Lande in der größten Einschlagstelle auf Bop.,Aterriza en el área de impacto más grande de Bop.,ボップ最大の衝突サイトに着陸してください。,밥에서 가장 큰 크레이터에 착륙하세요.,Wyląduj w największym kraterze meteorytowym na Bopie.,Приземлитесь в самом большой метеоритном кратере на Бопе.,在Bop上最大的撞击坑内着陆。,Aterrisse no local de maior impacto em Bop.,著陸在波普星最大的隕擊坑中。,Land in the Largest Impact Site on Bop.,Land in the Largest Impact Site on Bop.,Land in the Largest Impact Site on Bop.,Land in the Largest Impact Site on Bop.,,Localized
Missions/Secondary/Bop_OrbitHydrogen/Objective,Text,,Enter Bop Orbit with a Hydrogen Engine.,Atteignez l'orbite de Bop avec un propulseur à hydrogène.,Entra in orbita intorno a Bop con un motore a idrogeno,Nimm mit einem Wasserstofftriebwerk eine Umlaufbahn um Bop ein.,Entra en la órbita de Bop con un motor de hidrógeno.,水素エンジンを使ってボップの軌道に入ってください。,수소 엔진을 이용해 밥 궤도에 진입하세요.,"Wejdź na orbitę wokół Bopa, używając silnika wodorowego.",Выйдите на орбиту вокруг Бопа на аппарате с двигателем на водороде.,用氢引擎进入Bop的轨道。,Entre na órbita de Bop com um motor de hidrogênio.,使用氫燃料引擎進入波普星的軌道。,Enter Bop Orbit with a Hydrogen Engine.,Enter Bop Orbit with a Hydrogen Engine.,Enter Bop Orbit with a Hydrogen Engine.,Enter Bop Orbit with a Hydrogen Engine.,,Localized
Missions/Secondary/Dres_Flag/Objective,Text,,Plant a flag on the Eye of Dres.,Plantez un drapeau sur l'œil de Dres.,Pianta una bandiera sull'occhio di Dres,Stelle eine Flagge im Auge von Dres auf.,Clava una bandera en el Ojo de Dres.,ドレスの目に旗を立ててください。,드레스의 눈에 깃발을 꽂으세요.,Umieść flagę w Oku Dres.,Установите флаг на глаз Дреса.,在Dres之眼插旗。,Coloque uma bandeira no Olhos de Dres.,在德雷斯星之眼插一面旗子。,Plant a flag on the Eye of Dres.,Plant a flag on the Eye of Dres.,Plant a flag on the Eye of Dres.,Plant a flag on the Eye of Dres.,,Localized
Missions/Secondary/Dres_Rover/Objective,Text,,Drive a rover with RCS on the ridge of Dres.,Pilotez un rover avec un propulseur RCS le long de la crête de Dres.,Guida un rover con un SCR sulla cresta di Dres,Fahre mit einem Rover mit RFS über den Gebirgskamm auf Dres.,Conduce un róver con un RCS por la cordillera de Dres.,ドレスの尾根でRCSを搭載したローバーを走らせてください。,드레스의 능선에서 RCS를 장착한 로버를 주행하세요.,Jedź łazikiem z silnikami manewrowymi po grzbiecie górskim na Dres.,Проведите вездеход с РСУ по горному хребту Дреса.,在Dres的山脊上驾驶配有RCS的探测车。,Dirija um rover com um SCR na cordilheira de Dres.,在德雷斯星的山脊開裝有反應控制系統的探測車。,Drive a rover with RCS on the ridge of Dres.,Drive a rover with RCS on the ridge of Dres.,Drive a rover with RCS on the ridge of Dres.,Drive a rover with RCS on the ridge of Dres.,,Localized
Missions/Secondary/Duna_LandingHeavy/Debrief03,Text,,"They'll probably want to go bigger soon, right? I have no idea how big, but I’m thinking we might need to start rationing struts.","Ce n'est qu'une question de temps avant qu'ils décident de voir encore plus grand. Je ne sais pas jusqu'où ils voudront aller, mais je crois qu'on va devoir commencer à rationner les étais.","Prima o poi potremmo ricevere una richiesta davvero sesquipedale. Nel dubbio, credo sia meglio cominciare a razionare i puntoni.","Wahrscheinlich soll es bald noch größer werden, oder? Ich habe keine Ahnung, wie groß, aber es könnte sein, dass wir Streben rationieren müssen.","Lo más probable es que nos pidan ir a más, ¿verdad? No sé hasta qué punto, pero empiezo a pensar que vamos a tener que racionar las riostras.",きっとすぐに、さらにビッグなことを要求してくるでしょうね。どれくらいビッグかはわかりませんが、ストラットの使用を制限し始めた方がいいかもしれません。,"그들은 곧 더 큰 것을 원할거에요, 그렇죠? 얼마나 커질지는 모르겠지만 스트럿을 배급해야 할 날이 올 수도 있다고 생각합니다.","Zresztą na pewno wkrótce będą chcieli jeszcze większej rakiety. Nie mam pojęcia, jak wielkiej, ale niedługo będziemy chyba musieli zacząć wprowadzać kartki na rozpory.","Думаю, они скоро замахнутся на что-то крупное, да? Не знаю, насколько крупное, на нам стоит начинать экономить стойки.",他们可能很快就会想要更大的吧？我不知道会有多大，但我觉得我们可能需要开始对支柱进行定量配给了。,"Eles provavelmente vão querer coisas maiores em breve, né? Não sei o quão maiores, mas talvez seja uma boa ideia começarmos a racionar estruturas.",他們應該很快就會想製造更大的火箭吧？我不知道會大到什麼程度，不過我們最好開始考慮定量配給支架了。,"They'll probably want to go bigger soon, right? I have no idea how big, but I’m thinking we might need to start rationing struts.","They'll probably want to go bigger soon, right? I have no idea how big, but I’m thinking we might need to start rationing struts.","They'll probably want to go bigger soon, right? I have no idea how big, but I’m thinking we might need to start rationing struts.","They'll probably want to go bigger soon, right? I have no idea how big, but I’m thinking we might need to start rationing struts.",,Localized
Missions/Secondary/Duna_LandingHeavy/Objective,Text,,Land a vessel on Duna with a current mass over 300 tons.,Posez un vaisseau d'une masse de plus de 300 tonnes à la surface de Duna.,Atterra su Duna con un veicolo di massa superiore a 300 tonnellate,Lande mit einem Raumfahrzeug mit einer aktuellen Masse von über 300 Tonnen auf Duna.,Aterriza una nave en Duna con una masa que supere las 300 toneladas.,カレント質量300トン以上の機体をドゥナに着陸させてください。,현재 질량 300톤 이상의 기체를 듀나에 착륙시키세요.,Wyląduj na Dunie rakietą o masie ponad 300 ton.,Посадите на Дюну аппарат массой более 300 тонн.,将一艘质量超过300吨的航天器在Duna上着陆。,Aterrisse uma nave de 300 toneladas em Duna.,駕駛當前質量超過300噸的載具在杜納星著陸。,Land a vessel on Duna with a current mass over 300 tons.,Land a vessel on Duna with a current mass over 300 tons.,Land a vessel on Duna with a current mass over 300 tons.,Land a vessel on Duna with a current mass over 300 tons.,,Localized
Missions/Secondary/Eeloo_Rover/Objective,Text,,Drive a rover onto the Frozen Tsunami on Eeloo.,Pilotez un rover sur le tsunami gelé d'Eeloo.,Guida un rover sullo Tsunami congelato su Eeloo,Fahre mit einem Rover auf den gefrorenen Tsunami auf Eeloo.,Conduce un róver por el tsunami congelado de Eeloo.,イーローの凍結津波でローバーを走らせてください。,일루의 얼어붙은 쓰나미를 로버로 주행하세요.,Wjedź łazikiem na Zakrzepłe Tsunami na Eeloo.,Закатите вездеход на застывшее цунами на Илу.,在Eeloo的冰冻海啸上驾驶探测车。,Dirija um rover sobre a tsunami congelada em Eeloo.,開探測車進入伊洛星的冰封海嘯。,Drive a rover onto the Frozen Tsunami on Eeloo.,Drive a rover onto the Frozen Tsunami on Eeloo.,Drive a rover onto the Frozen Tsunami on Eeloo.,Drive a rover onto the Frozen Tsunami on Eeloo.,,Localized
Missions/Secondary/Eeloo_SOI/Description,Text,,Have I gotten really into coffee? Yes. Have I cultivated friendships with major figures in the coffee and coffee accessories industry? Also yes. Did I set up a collaboration with the Perpetu-Warm Travel Mug corporation to test their latest self-warming coffee mug above the coldest planet in the Kerbolar System? Maybe.,Est-ce que je suis une fana de café ? Oui. Est-ce que j'ai cultivé des amitiés proches avec les principaux acteurs de l'industrie du café et des accessoires associés ? Encore oui. Ai-je mis sur pied une collaboration avec l'entreprise de mugs de voyage Chaleur perpétuelle pour tester leur nouveau mug autochauffant au-dessus de la planète la plus froide du système kerbolaire ? Peut-être.,"Mi sono appassionata al caffè? Sì. Ho coltivato amicizie con figure di spicco dell'industria del caffè e relativi accessori? Certo. Ho stretto un accordo con l'azienda Tazze da viaggio ""Caldurevole"" per collaudare la sua nuova tazza di caffè autoriscaldante sopra il pianeta più freddo del Sistema Kerbolare? Forse.",Ist Kaffee mittlerweile voll mein Ding? Ja. Pflege ich Freundschaften mit wichtigen Personen aus den Branchen Kaffee und Kaffeezubehör? Auch ja. Bin ich eine Kooperation mit der Firma „Reisebecher Immerwarm“ zum Testen ihres neuesten selbstwärmenden Kaffeebechers auf dem kältesten Planeten im Kerbolsystem eingegangen? Könnte sein.,¿Que si me he enganchado al café? Sí. ¿Que si he entablado amistad con figuras importantes de la industria cafetera? También. ¿Que si he firmado una colaboración con la corporación de tazas de viaje Perpetu-Warm para probar una novedosa taza de café capaz de autocalentarse hasta en el planeta más frío del sistema kerbolar? Es posible.,私はコーヒーに夢中になってしまったんでしょうか？ そうです。コーヒーやコーヒー関連業界の大物たちと親交を深めてきたのでしょうか？ そうです。私はフォーエバーホットトラベルマグ社とコラボレーションして、カーボル系で最も寒い惑星の上空で同社の最新の自動保温コーヒーマグをテストすることにしてしまったんでしょうか？ そうかも。,제가 정말 커피에 빠진 걸까요? 네. 제가 커피와 커피 액세서리 업계 주요 인사들과 친분을 쌓았을까요? 이것도 네. 제가 커볼계에서 가장 추운 행성에서 최신 발열 커피 머그잔을 테스트하기 위해 퍼페츄-웜 여행용 머그사와 협업했나요? 아마도요.,"Czy naprawdę kawa tak mnie wzięła? Tak. Czy kultywuję bliskie znajomości z potentatami przemysłu kawowego i akcesoriów kawowych? Również tak. Czy nawiązałam współpracę z producentem Kubków Podróżnych Ajparzy, by przetestować ich najnowszy samogrzejny kubek do kawy nad najzimniejszą planetą w Układzie Kerbolnym? Być może.",Увлекаюсь ли я кофе? Да. Удалось ли мне завести дружеские отношения с крупными представителями индустрии кофе и аксессуаров для него? Тоже да. Моей ли было идеей договориться с корпорацией «Вечнотеплая кружка путника» о проверке их новой кружки для кофе с самоподогревом над самой холодной планете системы Кербола? Возможно.,我是不是真的喜欢咖啡？是的。我是不是跟咖啡和咖啡用品行业的重要人物建立了友谊？也没错。我是不是与永温旅行杯公司建立了合作，要在Kerbolar星系最寒冷的行星上测试他们的最新款自热咖啡马克杯？也许吧。,Eu virei fã de café? Virei. Eu fiz amizades com figuras importantes da indústria do café e dos acessórios de café? Também fiz. Eu firmei uma colaboração com a Corporação Caneca de Viagem Sempre Aquecida para testar a nova caneca de café autoaquecida no planeta mais frio do Sistema Kerbolar? Talvez.,我迷上咖啡了嗎？對。我有跟咖啡和周邊產業的大咖交朋友嗎？也有。我有跟恆溫旅行馬克杯公司合作，在坎陽星系最冷的行星上測試他們最新款的保溫咖啡杯嗎？可能喔。,Have I gotten really into coffee? Yes. Have I cultivated friendships with major figures in the coffee and coffee accessories industry? Also yes. Did I set up a collaboration with the Perpetu-Warm Travel Mug corporation to test their latest self-warming coffee mug above the coldest planet in the Kerbolar System? Maybe.,Have I gotten really into coffee? Yes. Have I cultivated friendships with major figures in the coffee and coffee accessories industry? Also yes. Did I set up a collaboration with the Perpetu-Warm Travel Mug corporation to test their latest self-warming coffee mug above the coldest planet in the Kerbolar System? Maybe.,Have I gotten really into coffee? Yes. Have I cultivated friendships with major figures in the coffee and coffee accessories industry? Also yes. Did I set up a collaboration with the Perpetu-Warm Travel Mug corporation to test their latest self-warming coffee mug above the coldest planet in the Kerbolar System? Maybe.,Have I gotten really into coffee? Yes. Have I cultivated friendships with major figures in the coffee and coffee accessories industry? Also yes. Did I set up a collaboration with the Perpetu-Warm Travel Mug corporation to test their latest self-warming coffee mug above the coldest planet in the Kerbolar System? Maybe.,,Localized
Missions/Secondary/Eeloo_SOI/Objective,Text,,Enter Eeloo's Sphere of Influence.,Entrez dans la sphère d'influence d'Eeloo.,Entra nella Sfera di Influenza di Eeloo,Tritt in Eeloos Einflusssphäre ein.,Entra en la esfera de influencia de Eeloo.,イーローの作用圏に入ってください。,일루의 영향권에 들어가세요.,Wejdź do studni grawitacyjnej Eeloo.,Войдите в сферу тяготения Илу.,进入Eeloo的引力作用范围,Entre na esfera de influência de Eeloo.,進入伊洛星的影響力圈。,Enter Eeloo's Sphere of Influence.,Enter Eeloo's Sphere of Influence.,Enter Eeloo's Sphere of Influence.,Enter Eeloo's Sphere of Influence.,,Localized
Missions/Secondary/Eve_LandCrew/Objective,Text,,Land on Eve with a vessel with 10 Kerbals and return to Kerbin.,Atterrissez sur Eve avec un vaisseau contenant 10 Kerbals puis retournez sur Kerbin.,Atterra su Eve con un veicolo contenente 10 kerbal e ritorna su Kerbin,Lande mit einem Raumfahrzeug mit zehn Kerbals an Bord auf Eve und kehre dann zu Kerbin zurück.,Aterriza en Eve con una nave con 10 kerbals y regresa a Kerbin.,カーバルが10人乗った宇宙船でイブに着陸し、カービンに帰還してください。,기체에 10명의 커벌을 태운 후 이브에 착륙했다 다시 커빈으로 돌아오세요.,Wyląduj na Eve pojazdem z 10 Kerbalami i wróć na Kerbina.,Посадите на Еву аппарат с 10 кербалами и вернитесь на Кербин.,将搭载10名坎巴拉人的航天器在Eve着陆并返回Kerbin。,Aterrisse em Eve com uma nave com 10 kerbals e retorne para Kerbin.,用一個載具載十個坎巴拉人在夏娃星著陸，然後返回坎巴拉星。,Land on Eve with a vessel with 10 Kerbals and return to Kerbin.,Land on Eve with a vessel with 10 Kerbals and return to Kerbin.,Land on Eve with a vessel with 10 Kerbals and return to Kerbin.,Land on Eve with a vessel with 10 Kerbals and return to Kerbin.,,Localized
Missions/Secondary/Eve_SOI/Objective,Text,,Enter Eve’s Sphere of Influence.,Entrez dans la sphère d'influence d'Eve.,Entra nella Sfera di Influenza di Eve,Tritt in Eves Einflusssphäre ein.,Entra en la esfera de influencia de Eve.,イブの作用圏に入ってください。,이브의 영향권에 들어가세요.,Wejdź do studni grawitacyjnej Eve.,Войдите в сферу тяготения Евы.,进入Eve的引力作用范围,Entre na esfera de influência de Eve.,進入夏娃星的影響力圈。,Enter Eve’s Sphere of Influence.,Enter Eve’s Sphere of Influence.,Enter Eve’s Sphere of Influence.,Enter Eve’s Sphere of Influence.,,Localized
Missions/Secondary/Gilly_ExperimentImpact/Objective,Text,,Perform an Environment Survey experiment at the Oblique Impact site on Gilly.,Réalisez une analyse environnementale sur le site d'impact oblique de Gilly.,Esegui una scansione ambientale sul luogo dell'impatto obliquo di Gilly,Führe an der schrägen Einschlagstelle auf Gilly ein Experiment zur Umgebungsuntersuchung durch.,Haz un estudio del entorno en la zona de impacto oblicuo de Gilly.,ギリーの斜め衝突サイトで環境探査実験を行ってください。,길리의 경사진 충돌 크레이터에서 환경 조사 실험을 수행하세요.,Wykonaj analizę otoczenia w Miejscu Ukośnego Uderzenia na Gilly.,Выполните эксперимент «Исследование среды» в скошенном кратере на Гилли.,在Gilly上的斜撞击点进行环境调查实验。,Faça um experimento de Pesquisa de Ambiente no local do Impacto Oblíquo em Gilly.,對吉利星上的斜向撞擊點進行環境調查實驗。,Perform an Environment Survey experiment at the Oblique Impact site on Gilly.,Perform an Environment Survey experiment at the Oblique Impact site on Gilly.,Perform an Environment Survey experiment at the Oblique Impact site on Gilly.,Perform an Environment Survey experiment at the Oblique Impact site on Gilly.,,Localized
Missions/Secondary/Ike_DestroyProbe/Debrief01,Text,,"Wow! That did <i>not</i> go according to plan. Who knew the A.I. would turn on us again? It was such a shock to everyone involved, including you, Director. Why, you look absolutely beside yourself!","Ouah ! Ça ne s'est pas du tout passé comme prévu. Qui aurait pu prédire que l'IA se retournerait à nouveau contre nous ? Personne ! C'est un tel choc pour tout le monde, y compris vous, directeur, que nous en sommes tous estomaqués.","Wow! <i>Non</i> è andata secondo i piani. Chi l'avrebbe mai detto che l'IA ci si sarebbe rivoltata contro di nuovo? È stata una vera sorpresa per tutti, a cominciare da te, Direttore. Cielo, sembri proprio sotto shock!","Wow! Das lief nicht ganz nach Plan. Wer hätte gedacht, dass die KI sich gegen uns wenden würde? Das hat keiner vorhergesehen. Das war ein Schock für alle Beteiligten, auch für dich, Direktor. Du siehst total neben der Spur aus.","¡Vaya, no ha salido como planeábamos! ¿Quién nos iba a decir que la IA se iba a volver contra nosotros una vez más? Nadie lo vio venir. Ha pillado por sorpresa a todo el mundo... incluso a ti, dire. Se nota que te ha afectado.",わあ！ 計画どおりに行きませんでしたね。AIがまた私たちに牙をむくなんて、誰も予想できませんでした。関係者全員がショックを受けています。所長、あなたも含めて。どうしたんですか？ なんだかすっかり取り乱してるみたい。,와우! 역시 계획대로 되는 것은 없네요. AI가 저희를 배신할 줄 누가 알았을까요? 모든 관계자가 엄청난 충격을 받았어요. 국장님도 포함해서 말이에요. 국장도 지금 제 정신이 아니신 것 같아요!,"O rany! To nie poszło zgodnie z planem. Kto mógł przypuszczać, że SI znowu zwróci się przeciwko nam? Nikt się tego nie spodziewał. To był kompletny szok dla wszystkich, włącznie z tobą. Widać, że cię to zaskoczyło.","Ух ты! В планах этого не было. Кто же знал, что ИИ снова взбунтуется? Этого никто не ожидал. Все были просто в шоке, и в том числе вы, директор. На вас просто лица нет.",哇！事情的发展真是出乎意料。谁能想到人工智能竟然会再次背叛我们呢？所有人都没料到。包括你在内的所有人都无比震惊，局长。你看起来情绪很激动。,"Caramba! Isso realmente não saiu conforme o planejado. Quem imaginaria que a Inteligência Artificial se voltaria contra nós novamente? Ninguém previu isso. Foi um grande choque para todos os envolvidos, incluindo você, chefe. Porque? Ora, você parece absolutamente fora de si!",天啊！完全沒有按照計畫進行。誰知道人工智慧會又一次背叛我們？誰都沒有預料到。參與的每個人都大吃一驚，就連你也嚇到了，總監。真的嗎？你看起來整個抓狂了。,"Wow! That did <i>not</i> go according to plan. Who knew the A.I. would turn on us again? It was such a shock to everyone involved, including you, Director. Why, you look absolutely beside yourself!","Wow! That did <i>not</i> go according to plan. Who knew the A.I. would turn on us again? It was such a shock to everyone involved, including you, Director. Why, you look absolutely beside yourself!","Wow! That did <i>not</i> go according to plan. Who knew the A.I. would turn on us again? It was such a shock to everyone involved, including you, Director. Why, you look absolutely beside yourself!","Wow! That did <i>not</i> go according to plan. Who knew the A.I. would turn on us again? It was such a shock to everyone involved, including you, Director. Why, you look absolutely beside yourself!",,Localized
Missions/Secondary/Ike_DestroyProbe/Debrief03,Text,,"Well, we won’t be making any more new P.A.I.G.E.s, or giving our old one any more updates. Well, maybe one or two, but certainly not three.","Bon, nous ne ferons pas de nouvelle P.A.I.G.E. et nous n'installerons pas non plus de mise à jour sur l'ancienne. Ou alors, juste une. Ou peut-être deux. Clairement pas trois.","D'accordo, non creeremo una nuova P.A.I.G.E. e non aggiorneremo quella vecchia. Beh, forse un aggiornamento o due, ma di sicuro non tre.","Wir werden weder neue P.A.I.G.E.s erschaffen noch unsere alte aktualisieren. Na, vielleicht doch ein, zwei Updates, aber auf keinen Fall drei.","Hala, se acabaron las versiones nuevas de P.A.I.G.E. y las actualizaciones de la antigua. Bueno, igual cae una actualización o dos. Pero tres seguro que no.",まあ、これ以上新しいP.A.I.G.E.は作らないし、古いP.A.I.G.E.のアップデートもしません。まあ、1～2回はするかもしれないけど、3回は絶対ないですね。,"저희는 더 이상 새로운 P.A.I.G.E를 만들거나 이전 버전의 P.A.I.G.E에 대한 업데이트를 제공하지 않을 것입니다. 글쎄요, 어쩌면 한 번이나 두 번 정도는 실수할 수 있지만 세 번의 실수는 없을 것입니다.","Cóż, nie stworzymy żadnej nowej P.A.I.G.E. ani nie damy starej żadnych aktualizacji. No, może jedną albo dwie, ale trzeciej już na pewno nie.","Ну что ж, мы не станем создавать новые В.Ы.З.О.В.ы и выпускать обновления для старой. Ну, может, одно или два, но точно не три.",好吧，我们不会再制作新的P.A.I.G.E.，也不会对旧的进行任何更新了。好吧，也许一两个还行，但绝对不会超过三个。,"Não vamos mais fazer nenhuma versão nem atualização da P.A.I.G.E. Bem, talvez uma ou duas, mas três nem pensar.",好吧，我們不會再製造新的P.A.I.G.E.，也不會再更新舊的P.A.I.G.E.了。也許會更新一兩次，但事不過三。,"Well, we won’t be making any more new P.A.I.G.E.s, or giving our old one any more updates. Well, maybe one or two, but certainly not three.","Well, we won’t be making any more new P.A.I.G.E.s, or giving our old one any more updates. Well, maybe one or two, but certainly not three.","Well, we won’t be making any more new P.A.I.G.E.s, or giving our old one any more updates. Well, maybe one or two, but certainly not three.","Well, we won’t be making any more new P.A.I.G.E.s, or giving our old one any more updates. Well, maybe one or two, but certainly not three.",,Localized
Missions/Secondary/Ike_DestroyProbe/Name,Text,,"I, P.A.I.G.E 2.0","Moi, P.A.I.G.E. 2.0","Io, P.A.I.G.E 2.0","Ich, P.A.I.G.E. 2.0","YO, P.A.I.G.E. 2.0",アイ、P.A.I.G.E.2.0,나는 P.A.I.G.E 2.0,"Ja, P.A.I.G.E. 2.0","Я, В.Ы.З.О.В. 2.0",机械公敌 2.0,"Eu, P.A.I.G.E 2.0",我，P.A.I.G.E. 2.0,"I, P.A.I.G.E 2.0","I, P.A.I.G.E 2.0","I, P.A.I.G.E 2.0","I, P.A.I.G.E 2.0",,Localized
Missions/Secondary/Ike_DestroyProbe/Objective01,Text,,Orbit Ike with a probe.,Atteignez l'orbite d'Ike avec une sonde.,Entra in orbita intorno a Ike con una sonda,Gehe mit einer Sonde in eine Umlaufbahn um Ike.,Orbita Ike con una sonda.,探査機でアイクを軌道周回してください。,이케 궤도에 위성을 배치하세요.,Umieść sondę na orbicie Ike’a.,Выведите зонд на орбиту вокруг Айка.,用探测器环绕Ike轨道运行。,Orbite Ike com uma sonda.,讓探測器沿軌道環繞艾可星。,Orbit Ike with a probe.,Orbit Ike with a probe.,Orbit Ike with a probe.,Orbit Ike with a probe.,,Localized
Missions/Secondary/Ike_DestroyProbe/Objective04,Text,,Destroy the probe by crashing it into Ike.,Détruisez la sonde en la faisant s'écraser sur Ike.,Distruggi la sonda facendola schiantare su Ike,Zerstöre die Sonde durch einen Absturz auf Ike.,Destruye la sonda estrellándola contra Ike.,探査機をアイクに墜落させて破壊してください。,위성을 이케에 충돌시켜 파괴하세요.,"Zniszcz sondę, rozbijając ją o Ike’a.","Уничтожьте зонд, разбив аппарат о поверхность Айка.",用探测器撞击Ike，摧毁它。,Destrua a sonda batendo ela em Ike.,摧毀探測器，讓探測器墜毀在艾可星。,Destroy the probe by crashing it into Ike.,Destroy the probe by crashing it into Ike.,Destroy the probe by crashing it into Ike.,Destroy the probe by crashing it into Ike.,,Localized
Missions/Secondary/Ike_LandingCrewed/Objective,Text,,Land on Ike with a crew of 3.,Atterrissez sur Ike avec 3 membres d'équipage.,Atterra su Ike con un equipaggio composto da 3 membri,Lande mit einer dreiköpfigen Crew auf Ike.,Aterriza en Ike con una tripulación de tres.,乗組員3人でアイクに着陸してください。,3명의 승무원과 함께 이케에 착륙하세요.,Wyląduj na Ike’u statkiem z trzyosobową załogą.,Посадите на Айк аппарат с 3 членами экипажа.,以3名乘员在Ike着陆。,Aterrisse em Ike com 3 tripulantes.,帶著三名機組人員在艾可星著陸。,Land on Ike with a crew of 3.,Land on Ike with a crew of 3.,Land on Ike with a crew of 3.,Land on Ike with a crew of 3.,,Localized
Missions/Secondary/Ike_Rover/Objective,Text,,Land a vessel with at least 4 wheels at the Giant's Linguini on Ike.,Emportez un vaisseau doté d'au moins 4 roues sur les Linguini géantes d'Ike.,Raggiungi le Linguine del gigante su Ike con un veicolo con almeno 4 ruote,Bringe ein Raumfahrzeug mit mindestens 4 Rädern zu den Riesenspaghettis auf Ike.,"Lleva una nave de, al menos, 4 ruedas al Linguini del Gigante de Ike.",少なくとも4つ車輪がある機体でアイクの巨人のリングイネに行ってください。,바퀴가 4개 이상 달린 기체를 이케에 있는 자이언트 링귀니에 가져가세요.,Udaj się pojazdem mającym co najmniej cztery koła na Wielki Makaron na Ike’u.,"Доставьте в Лингвини гиганта на Айке аппарат, у которого не менее 4 колес.",乘坐至少4个轮胎的载具前往Ike的巨人面条。,Leve uma nave com pelo menos 4 rodas até o Linguini do Gigante em Ike.,帶著至少四輪的載具前往艾可星的「巨人的扁麵條」。,Land a vessel with at least 4 wheels at the Giant's Linguini on Ike.,Land a vessel with at least 4 wheels at the Giant's Linguini on Ike.,Land a vessel with at least 4 wheels at the Giant's Linguini on Ike.,Land a vessel with at least 4 wheels at the Giant's Linguini on Ike.,,Localized
Missions/Secondary/Jool_ExperimentAtmosphere/Objective,Text,,Transmit or Return an Atmosphere Survey from Jool.,Transmettez une analyse atmosphérique de Jool ou revenez sur Kerbin avec.,Trasmetti o consegna una scansione atmosferica di Jool,Übermittle oder überbringe eine Atmosphärenuntersuchung von Jool.,Transmite o devuelve un estudio de la atmósfera de Jool.,ジュールからの大気探査結果を送信するか持ち帰ってください。,줄에서 대기 조사를 하고 보고서를 전송하거나 가지고 돌아오세요.,Prześlij lub dostarcz wyniki analizy atmosfery na Joolu.,Проведите исследование атмосферы на Джуле и передайте данные или привезите образец.,传输或返回一份Jool的大气调查。,Transmita ou leve uma pesquisa atmosférica de Jool.,傳送或傳回朱爾星的大氣調查。,Transmit or Return an Atmosphere Survey from Jool.,Transmit or Return an Atmosphere Survey from Jool.,Transmit or Return an Atmosphere Survey from Jool.,Transmit or Return an Atmosphere Survey from Jool.,,Localized
Missions/Secondary/Jool_TourLand/Objective,Text,,"Land on Laythe, Vall, Tylo, Bop, and Pol in a single flight.","Atterrissez sur Laythe, Vall, Tylo, Bop et Pol lors d'un même voyage.","Atterra su Laythe, Vall, Tylo, Bop e Pol durante lo stesso volo","Lande mit einem Flug auf Laythe, Vall, Tylo, Bop und Pol.","Aterriza en Laythe, Vall, Tylo, Bop y Pol en un solo viaje.",1回の飛行でレイス、ヴァル、タイロー、ボップ、ポルに着陸してください。,"한 번의 비행으로 레이테, 발, 타일로, 밥, 폴에 착륙하세요.","Wyląduj na Laythe, Vallu, Tylo, Bopie i Polu w ciągu jednego lotu.","Совершите посадку на Лейте, Валле, Тайло, Бопе и Поле в ходе одного полета.",单次航程在Laythe、Vall、Tylo、Bop和Pol上着陆。,"Pouse em Laythe, Vall, Tylo, Bop e Pol em um único voo.",在單次航程中在萊斯星、瓦爾星、泰羅星、波普星和波爾星上著陸。,"Land on Laythe, Vall, Tylo, Bop, and Pol in a single flight.","Land on Laythe, Vall, Tylo, Bop, and Pol in a single flight.","Land on Laythe, Vall, Tylo, Bop, and Pol in a single flight.","Land on Laythe, Vall, Tylo, Bop, and Pol in a single flight.",,Localized
Missions/Secondary/Kerbin_Buoyancy/Objective,Text,,Land a pod in a body of water on Kerbin.,Faites amerrir une capsule dans une masse d'eau sur Kerbin.,Atterra con una capsula in uno specchio d'acqua su Kerbin,Lande eine Kapsel in einem Gewässer auf Kerbin.,Aterriza una cápsula en una masa de agua de Kerbin.,カービンの水中にポッドを着陸させてください。,포드를 커빈의 해상에 착륙시키세요.,Dokonaj wodowania na Kerbinie.,Совершите посадку модуля в водоеме на Кербине.,用一个座舱在Kerbin上的水域着陆。,Pouse uma cápsula em um volume de água em Kerbin.,將船艙降落在坎巴拉星的水體中。,Land a pod in a body of water on Kerbin.,Land a pod in a body of water on Kerbin.,Land a pod in a body of water on Kerbin.,Land a pod in a body of water on Kerbin.,,Localized
Missions/Secondary/Kerbin_EVAGround/Objective,Text,,EVA a Kerbal at KSC.,Envoyez un kerbal en AEV au CSK.,Manda un kerbal in EVA nel CSK,Schicke einen Kerbal im KWZ auf EVA.,Envía a un kerbal a una EVA en el CEK.,KSCでカーバルにEVAさせてください。,KSC에서 커벌로 EVA하세요.,Wykonaj Kerbalem SK w KOK.,Прикажите кербалу выйти из аппарата в ЦУПе.,让坎巴拉人在KSC进行舱外活动。,Faça uma AEV em um kerbal em CEK.,讓一個坎巴拉人在坎巴拉太空中心進行載具外活動。,EVA a Kerbal at KSC.,EVA a Kerbal at KSC.,EVA a Kerbal at KSC.,EVA a Kerbal at KSC.,,Localized
Missions/Secondary/Kerbin_EVASpace/Debrief01,Text,,Excellent work! StrutCo was very impressed by how easy it was to leave the safety of the vessel. So much so that they've cancelled their EVA strut program.,"Excellent boulot ! Soci-Étai a été très impressionné par la facilité avec laquelle nous quittions la sécurité de notre vaisseau. En fait, ils ont même été tellement impressionnés qu'ils ont annulé leur programme d'étais pour AEV.",Un lavoro eccezionale! La StrutCo è rimasta molto colpita dalla facilità con cui si può abbandonare la sicurezza del proprio veicolo... così colpita che hanno cancellato il loro programma di puntoni EVA.,"Ausgezeichnete Arbeit! StrutCo war sehr beeindruckt davon, wie einfach es ist, den sicheren Bereich eines Raumfahrzeugs zu verlassen. Und zwar so sehr, dass sie ihr EVA-Streben-Programm eingestellt haben.","¡Un trabajo excelente! Has dejado a los de StrutCo perplejos con lo fácil que era abandonar la seguridad de la nave. ¡Tanto, que han cancelado su programa de riostras!",お見事です！ 宇宙船の安全装置から離れるのがどれだけ簡単か、ストラトコは衝撃を受けていましたよ。あまりにも衝撃的すぎて、船外活動用ストラットのプロジェクトはキャンセルになってしまいました。,훌륭합니다! 스트럿코는 안전한 우주선으로부터 매우 쉽게 멀어진다는 것에 대해 깊은 인상을 받았습니다. 너무 깊은 인상을 받았기 때문일까요? 그들은 우주유형 스트럿 프로그램을 취소해 버렸습니다.,"Znakomita robota! StrutKo jest pod wrażeniem, jak łatwo udaje się nam skłonić Kerbali do opuszczenia bezpiecznego miejsca w pojeździe. Tak wielkim wrażeniem, że anulowali projekt rozpory do SK.","Отлично! Сотрудники компании «СтойКО» были поражены тем, насколько легко покинуть корабль. Настолько, что отменили разработку стойки для выхода в космос.",干得漂亮！轻松离开航天器的安全范围给支柱公司留下了深刻的印象，以至于起到了反效果，让他们取消了舱外活动支柱计划。,Excelente trabalho! A StrutCo ficou bem impressionada em como é fácil sair da segurança da nave. Tanto que eles cancelaram o programa da estrutura de AEV.,做得好！抗壓構件公司很驚訝我們居然能這麼輕鬆地離開安全的載具。以至於他們取消了載具外活動支架計畫。,Excellent work! StrutCo was very impressed by how easy it was to leave the safety of the vessel. So much so that they've cancelled their EVA strut program.,Excellent work! StrutCo was very impressed by how easy it was to leave the safety of the vessel. So much so that they've cancelled their EVA strut program.,Excellent work! StrutCo was very impressed by how easy it was to leave the safety of the vessel. So much so that they've cancelled their EVA strut program.,Excellent work! StrutCo was very impressed by how easy it was to leave the safety of the vessel. So much so that they've cancelled their EVA strut program.,,Localized
Missions/Secondary/Kerbin_EVASpace/Description,Text,,"StrutCo wants us to strut our stuff around Kerbin! They've got an idea for a strut to keep our astronauts attached to a vessel while on EVA. Staying attached to the ship so you don’t float away? Why didn't we think of that? Anyway, we need to give them a demonstration of untethered EVA so they've got some reference material to work with.","Soci-Étai souhaite nous voir tester notre matos autour de Kerbin ! Ils ont une idée pour un nouveau type d'étai destiné à attacher nos astronautes au vaisseau lorsqu'ils sont en AEV. Rester attaché au vaisseau pour ne pas dériver dans le vide intersidéral ? Pourquoi n'y avons-nous pas pensé plus tôt ? Bref, il faut qu'on leur fasse une démonstration d'une AEV sans câble pour qu'ils aient des références sur lesquelles se baser.","La StrutCo punta all'orbita di Kerbin! Hanno pensato a un nuovo puntone per tenere gli astronauti in EVA ben saldi ai veicoli. Restare legati al veicolo per non finire alla deriva? Perché non ci abbiamo pensato prima? Ad ogni modo, hanno bisogno di una dimostrazione di EVA senza agganci per avere del materiale di riferimento.","StrutCo möchte, dass wir unsere Produkte stolz auf ganz Kerbin präsentieren! Sie haben eine Idee für eine Strebe, damit unsere Astronauten auf einem EVA mit ihrem Raumfahrzeug verbunden bleiben. Am Schiff befestigt werden, damit man nicht entschwebt? Warum ist uns das nicht eingefallen? Auf jeden Fall müssen wir ihnen eine Außenbordmission ohne Befestigung vorführen, damit sie Referenzmaterial zum Arbeiten erhalten.","¡StrutCo quiere que nos pavoneemos alrededor de Kerbin! Están ideando una riostra para mantener a los astronautas unidos a las naves durante las EVA. ¿Atarse a la nave para no acabar a la deriva? ¿Por qué no se nos había ocurrido antes? En cualquier caso, quieren ver cómo nos desmelenamos en una EVA para contar con material de referencia.",ストラトコは、私たちがカービンの周りでその力を誇示することを求めています！ 彼らは船外活動中に宇宙飛行士を宇宙船につなぎとめるためのストラットを思いつきました。遠くに飛んで行っちゃわないように、船にくっついていられるんですよ？ なんでもっと早く思いつかなかったんですかね？ とにかく、彼らの参考材料になるように、命綱なしの船外活動のデモンストレーションをしないといけません。,"스트럿코는 커빈 궤도에서 저희가 물건들을 고정하길 원합니다! 그들은 우주비행사가 우주유영을 하는 동안 우주선에 고정해 버리자는 아이디어를 가지고 있습니다. 우주선에 붙여서 아무 데도 못 가게 하자고요? 왜 그 생각을 못 했을까요? 어쨌든, 저희는 그들에게 고정되지 않은 우주유영을 보여줘야 하며 그들이 작업하는 데 참고할 자료를 제공해야 합니다.","StrutKo chce, abyśmy rozparli się wygodnie wokół Kerbina! Firma opracowała nowy typ rozpory, która ma przymocowywać naszych astronautów do statków podczas SK. Przymocowanie załoganta do statku, aby nie odleciał bezsilnie w kosmiczną pustkę? Dlaczego sami o tym nie pomyśleliśmy? StrutKo musi zobaczyć, jak zwykle odbywają się SK, więc może przeprowadzisz mały pokaz?","Компания «СтойКО» хочет, чтобы мы показали себя на орбите вокруг Кербина! Они придумали стойку, чтобы наши астронавты во время выхода в космос оставались прикрепленными к аппарату. Прикрепиться к аппарату, чтобы не улететь? Почему мы сами до этого не додумались? Нам нужно показать им выход в космос без привязного фала, чтобы им было, от чего отталкиваться.",支柱公司想让我们在Kerbin上到处炫耀我们的东西！他们想到一个主意，打算用支柱让我们的宇航员在舱外活动的时候与航天器相连。与飞船相连不就不会飘走了吗？我们怎么就没想到呢？总之，我们需要为他们提供无系绳舱外活动的演示，这样他们就能得到一些参考资料。,"A StrutCo quer conhecer um pouco mais do nosso serviço por Kerbin! Eles tiveram a ideia de uma estrutura que manteria nossos astronautas presos às naves quando em AEV. Ficar preso à nave para não sair voando? Por que não pensamos nisso antes? De qualquer forma, eles querem uma demonstração de AEV sem amarras para terem um material de referência.",抗壓構件公司要我們到坎巴拉星去展示實力！他們想設計一種支架讓太空人在進行載具外活動時能連在太空船上。怕自己漂走所以要綁在太空船上？我們怎麼沒想到呢！總之，現在要先示範讓他們看一下自由漂浮的載具外活動是怎樣，這樣他們就有參考資料可用了。,"StrutCo wants us to strut our stuff around Kerbin! They've got an idea for a strut to keep our astronauts attached to a vessel while on EVA. Staying attached to the ship so you don’t float away? Why didn't we think of that? Anyway, we need to give them a demonstration of untethered EVA so they've got some reference material to work with.","StrutCo wants us to strut our stuff around Kerbin! They've got an idea for a strut to keep our astronauts attached to a vessel while on EVA. Staying attached to the ship so you don’t float away? Why didn't we think of that? Anyway, we need to give them a demonstration of untethered EVA so they've got some reference material to work with.","StrutCo wants us to strut our stuff around Kerbin! They've got an idea for a strut to keep our astronauts attached to a vessel while on EVA. Staying attached to the ship so you don’t float away? Why didn't we think of that? Anyway, we need to give them a demonstration of untethered EVA so they've got some reference material to work with.","StrutCo wants us to strut our stuff around Kerbin! They've got an idea for a strut to keep our astronauts attached to a vessel while on EVA. Staying attached to the ship so you don’t float away? Why didn't we think of that? Anyway, we need to give them a demonstration of untethered EVA so they've got some reference material to work with.",,Localized
Missions/Secondary/Kerbin_EVASpace/Objective,Text,,EVA while in Kerbin orbit.,Sortez en AEV en orbite autour de Kerbin.,Entra nell'orbita di Kerbin e procedi in EVA,Führe einen EVA im Orbit von Kerbin aus.,Realiza una EVA mientras orbitas Kerbin.,カービンの軌道上でEVAしてください。,커빈 궤도에서 EVA를 하세요.,Wykonaj SK na orbicie Kerbina.,Выход в космос на орбите Кербина.,在Kerbin的轨道上进行舱外活动。,Faça uma AEV na órbita de Kerbin.,在坎巴拉星的軌道上進行載具外活動。,EVA while in Kerbin orbit.,EVA while in Kerbin orbit.,EVA while in Kerbin orbit.,EVA while in Kerbin orbit.,,Localized
Missions/Secondary/Kerbin_Experiment/Objective,Text,,"Attach the GSCM-01 ""Science Jr."" to a vessel and perform an Environment Survey on Kerbin.","Attachez le GSCM-01 ""Science Junior"" à un vaisseau et réalisez une analyse environnementale sur Kerbin.","Monta il GSCM-01 ""Piccola Scienza"" su un veicolo ed esegui un rilevamento ambientale di Kerbin",Verbinde das GSCM-01 „Science Jr.“ mit einem Raumfahrzeug und überprüfe die Umgebung auf Kerbin.,"Acopla el GSCM-01 ""Ciencia Jr."" a una nave y haz un estudio del entorno en Kerbin.","宇宙船にGSCM-01""サイエンスJr.""を取りつけて、カービンで環境探査を実施してください。","GSCM-01 ""사이언스 주니어""를 부착한 기체로 커빈에서 환경 조사를 수행하세요.",Umieść w pojeździe moduł GSCM-01 „Magistrant” i wykonaj analizę otoczenia na Kerbinie.,Прикрепите GSCM-01 «Маленький ученый» к аппарату и проведите исследование среды на Кербине.,将GSCM-01“小小科学家”与航天器相连并在Kerbin上进行环境调查。,"Anexe o GSCM-01 ""Ciência Jr."" numa nave e faça uma pesquisa de ambiente em Kerbin.",將GSCM-01「科學小子」安裝在載具上，並對坎巴拉星進行一次環境調查。,"Attach the GSCM-01 ""Science Jr."" to a vessel and perform an Environment Survey on Kerbin.","Attach the GSCM-01 ""Science Jr."" to a vessel and perform an Environment Survey on Kerbin.","Attach the GSCM-01 ""Science Jr."" to a vessel and perform an Environment Survey on Kerbin.","Attach the GSCM-01 ""Science Jr."" to a vessel and perform an Environment Survey on Kerbin.",,Localized
Missions/Secondary/Kerbin_ExperimentKapy/Objective,Text,,Launch a vessel with a Lander Can and perform a Crew Observation at Kapy Rock.,Lancez un vaisseau équipé d'une conserve d'atterrissage et réalisez une observation de l'équipage à Kapy Roche.,Lancia un veicolo con una capsula di atterraggio ed effettua un'ispezione visiva della Kapiroccia,Starte ein Raumfahrzeug mit einer Landebüchse und führe eine Crew-Beobachtung am Kapy-Felsen durch.,Lanza una nave con un módulo de aterrizaje y realiza una supervisión de tripulación en Roca kapi.,ランダー缶付きの宇宙船を打ち上げ、カピー・ロックでクルーの観測を実施してください。,랜더 캔을 탑재한 기체를 발사하고 케피락에서 승무원 관측을 수행하세요.,Wystrzel pojazd z Puszką lądownika i przeprowadź obserwacje załogi przy Kapiskale.,Запустите аппарат с посадочным модулем и проведите эксперимент «Наблюдения экипажа» у Камня Капи.,发射配有着陆舱的航天器并在卡皮岩进行乘员观测。,Lance uma nave com uma Lata de Pouso e faça uma Observação da Tripulação em Rocha Kapy.,讓一台載有登陸艙的載具升空，在卡匹石進行一次機組人員觀測。,Launch a vessel with a Lander Can and perform a Crew Observation at Kapy Rock.,Launch a vessel with a Lander Can and perform a Crew Observation at Kapy Rock.,Launch a vessel with a Lander Can and perform a Crew Observation at Kapy Rock.,Launch a vessel with a Lander Can and perform a Crew Observation at Kapy Rock.,,Localized
Missions/Secondary/Kerbin_ExperimentStargazer/Objective,Text,,Launch a vessel with a Lander Can and perform a Crew Observation at Stargazer Point.,Lancez un vaisseau équipé d'une conserve d'atterrissage et réalisez une observation de l'équipage au cap du rêveur d'étoiles.,Lancia un veicolo con una capsula di atterraggio ed effettua un'ispezione visiva sul Punto di osservazione delle stelle,Starte ein Raumfahrzeug mit einer Landebüchse und führe eine Crew-Beobachtung am Sternengucker-Aussichtspunkt durch.,Lanza una nave con un módulo de aterrizaje y realiza una Supervisión de tripulación en Punto del astrónomo.,ランダー缶付きの宇宙船を打ち上げ、天体観測ポイントでクルーの観測を実施してください。,랜더 캔을 탑재한 기체를 발사하고 별 관측 지점에서 승무원 관측을 수행하세요.,Wystrzel pojazd z Puszką lądownika i przeprowadź obserwacje załogi w Punkcie Obserwacyjnym.,Запустите аппарат с посадочным модулем и проведите эксперимент «Наблюдения экипажа» в Точке звездочета.,发射一艘配有着陆舱的航天器并在观星点进行乘员观测。,Lance uma nave com uma Lata de Pouso e faça uma Observação da Tripulação em Ponto do Astrônomo.,讓一台載有登陸艙的載具升空，在觀星點進行一次機組人員觀測。,Launch a vessel with a Lander Can and perform a Crew Observation at Stargazer Point.,Launch a vessel with a Lander Can and perform a Crew Observation at Stargazer Point.,Launch a vessel with a Lander Can and perform a Crew Observation at Stargazer Point.,Launch a vessel with a Lander Can and perform a Crew Observation at Stargazer Point.,,Localized
Missions/Secondary/Kerbin_KerbinTourLanding/Debrief02,Text,,"That’s cold comfort since you’ve already flown the mission, but it was fun, wasn’t it? Now the space tourism hubbub has escalated to demands for space <i>camping!</i>","C'est un peu trop tard pour le réaliser, maintenant que vous êtes rentré, mais vous vous êtes au moins amusé, non ? Maintenant l'enthousiasme pour le tourisme spatial est tel qu'on commence à voir apparaître de la demande pour du <i>camping</i> spatial !","È una magra consolazione, visto che hai già terminato il volo, ma almeno è stato divertente, no? Ora il trambusto del turismo spaziale è cresciuto al punto da richiedere <i>campeggi</i> spaziali!","Natürlich bringt uns das jetzt nichts mehr, weil du die Mission schon geflogen bist, aber sie hat doch Spaß gemacht, oder? Jetzt ist die Nachfrage nach <i>Camping</i> im Weltraum durch dieses ganze Tourismustohuwabohu total in die Höhe geschossen!","No sirve de mucho ahora que ya la hemos completado, pero nos lo hemos pasado bien, ¿no? Ahora que el turismo espacial está en boca de todos, ¡lo siguiente que piden es hacer <i>camping</i> espacial!",もうミッションはしちゃったから、慰めにはならないですね。まあでも楽しかったでしょ？ 宇宙旅行をめぐる騒ぎはますますエスカレートして、宇宙<i>キャンプ</i>に対する需要にまで発展しちゃいましたよ！,"국장님이 이미 임무를 완수하고 비행을 마치신 마당에 이제 와서 이런 말해 봐야 알량한 위로밖에 안 되겠지만, 그래도 비행은 재미있었죠? 우주 관광 열풍이 이제는 우주 <i>캠핑</i>을 시켜 달라는 요구로까지 번져 버렸네요!","Skoro jesteś już z powrotem, to trochę musztarda po obiedzie, ale było fajnie, prawda? Szaleństwo wokół kosmicznej turystyki nasiliło się do tego stopnia, że pojawił się popyt na kosmiczne <i>biwakowanie!</i>","Пожалуй, это не очень вас утешит, ведь миссию вы уже завершили. Но это было весело, правда? Теперь туристический ажиотаж дошел до требований <i>кемпинга</i> в космосе!",但木已成舟，这对你来说只是于事无补的安慰，但这次航程很有趣，不是么？现在太空旅游的骚动已经升级为太空<i>露营</i>的需求了！,"Isso mal serve de consolo, já que você já teve que realizar a missão. Mas até que foi divertido, não foi? Agora, toda essa agitação de turismo espacial resolver pedir um <i>acampamento espacial!</i>",我們都回來才知道也於事無補，但這趟任務確實很有趣，不是嗎？現在，太空旅遊的熱潮已經擴大到要求在太空<i>露營了！</i>,"That’s cold comfort since you’ve already flown the mission, but it was fun, wasn’t it? Now the space tourism hubbub has escalated to demands for space <i>camping!</i>","That’s cold comfort since you’ve already flown the mission, but it was fun, wasn’t it? Now the space tourism hubbub has escalated to demands for space <i>camping!</i>","That’s cold comfort since you’ve already flown the mission, but it was fun, wasn’t it? Now the space tourism hubbub has escalated to demands for space <i>camping!</i>","That’s cold comfort since you’ve already flown the mission, but it was fun, wasn’t it? Now the space tourism hubbub has escalated to demands for space <i>camping!</i>",,Localized
Missions/Secondary/Kerbin_KerbinTourLanding/Objective,Text,,"Land on Mun, Minmus, and Kerbin in a single flight.","Atterrissez sur la Mune, Minmus et Kerbin lors d'un même voyage.","Atterra su Mun, Minmus e Kerbin durante lo stesso volo","Lande mit einem Flug auf Mun, Minmus und Kerbin.","Aterriza en la Muna, Minmus y Kerbin en un solo viaje.",1回の飛行でムン、ミンマス、カービンに着陸してください。,"한 번의 비행으로 문, 민무스, 커빈에 착륙하세요.","Wyląduj na Munie, Minmusie i Kerbinie w ramach jednej podróży.","Совершите посадку на Муне, Минмусе и Кербине в ходе одного полета.",在单次航程中在Mun、Minmus和Kerbin上着陆。,"Aterrisse em Mun, Minmus e Kerbin durante o mesmo voo.",在單次航程中在穆恩星、明穆斯星和坎巴拉星上著陸。,"Land on Mun, Minmus, and Kerbin in a single flight.","Land on Mun, Minmus, and Kerbin in a single flight.","Land on Mun, Minmus, and Kerbin in a single flight.","Land on Mun, Minmus, and Kerbin in a single flight.",,Localized
Missions/Secondary/Kerbin_KerbinTourSOI/Description,Text,,"The Kerbal Astronomical Society wants to do a sightseeing tour of Kerbin’s moons - flying close to the Mun and Minmus in one trip.

No one in the Astronomical Society is brave enough to board a rocket, so we get to go! Who wants to do some sightseeing?","La Société Astronomique Kerbale souhaite faire un peu de tourisme avec les lunes de Kerbin en volant à proximité de la Mune et de Minmus lors d'un même voyage.

Aucun des membres de la SAK n'est assez courageux pour embarquer dans une fusée, alors c'est nous qui irons à leur place ! Qui veut faire du tourisme ?","La Società Astronomica Kerbal ci chiede di fare un giro turistico delle lune di Kerbin — volando vicino a Mun e Minmus durante lo stesso volo.

Nessun membro della Società Astronomica di Kerbal se la sente di salire su un razzo, perciò dovremo andare noi! Chi vuole fare una gita?","Die Astronomische Gesellschaft von Kerbin möchte gerne eine Sightseeing-Tour auf Kerbins Monden veranstalten - an Mun und Minmus vorbei.
 
 In der Astronomischen Gesellschaft traut sich niemand, eine Rakete zu besteigen, deswegen dürfen wir fliegen! Wer hat Lust auf ein bisschen Sightseeing?","La Sociedad Astronómica Kerbal quiere hacer un recorrido turístico por las lunas de Kerbin, volando cerca de Mun y Minmus en un solo viaje.

Nadie en la Sociedad Astronómica es lo suficientemente valiente para abordar un cohete, ¡así que podemos ir! ¿Quién quiere hacer turismo?","カーバル天文学会がカービンの月への観光ツアーをしたがっています。1回の旅行で、ムン、それからミンマスの近くを飛行して、カービンに戻ってくるんです。
 
 天文学会にはロケットに乗れるほど勇敢な人がいないので、私たちが代わりに行きます！ 誰か観光したい人はいますか？","커벌 천문 협회는 커빈의 두 위성인 문, 민무스를 관광하고 커빈으로 돌아오는 투어를 원하고 있습니다. 물론 한 번의 여정으로 말이죠.
 
 천문 협회의 그 누구도 로켓에 탑승할 용기가 없기에 그냥 출발하도록 합시다! 여행을 떠나고 싶은 사람 있나요?","Kerbińskie Towarzystwo Astronomiczne chce, abyśmy urządzili wycieczkę w celu obejrzenia księżyców Kerbina. Mamy przelecieć blisko Muna i Minmusa w ramach jednej podróży.
 
 Nie mają nikogo na tyle odważnego, by wsiąść do rakiety, więc załoga ma być od nas! Kto chce się wybrać na wycieczkę?","Астрономическое общество кербалов хочет устроить экскурсию по спутникам Кербина: пролететите рядом с Муной и Минмусом за один полёт.
 
 Среди них не нашлось ни одного смельчака, который готов сесть в ракету, поэтому вместо них полетим мы! Кто хочет посмотреть на достопримечательности?","坎巴拉天文协会想搞一次观光kerbin卫星的旅行——在单次航程中飞掠Mun和Minmus。
 
 天文协会的所有人都不敢坐上火箭，所以只能由我们来上！有谁想去观光游览的吗？","A Sociedade Astronômica Kerbal quer fazer um passeio turístico pelas luas de Kerbin. Voar pertinho de Mun e Minmus, tudo numa única viagem.

Ninguém na Sociedade Astronômica é corajoso o suficiente para zarpar num foguete, então nós faremos isso! Quem quer passear?","坎巴拉天文學會想要安排一趟坎巴拉星衛星之旅。一次航程中飛過穆恩星和明穆斯星，要盡量飛得近一點，然後回到坎巴拉星。
 
 坎巴拉天文學會沒有人敢搭乘火箭，所以要我們去！誰想去觀光一下？","The Kerbal Astronomical Society wants to do a sightseeing tour of Kerbin’s moons - flying close to the Mun and Minmus in one trip.

No one in the Astronomical Society is brave enough to board a rocket, so we get to go! Who wants to do some sightseeing?","The Kerbal Astronomical Society wants to do a sightseeing tour of Kerbin’s moons - flying close to the Mun and Minmus in one trip.

No one in the Astronomical Society is brave enough to board a rocket, so we get to go! Who wants to do some sightseeing?","The Kerbal Astronomical Society wants to do a sightseeing tour of Kerbin’s moons - flying close to the Mun and Minmus in one trip.

No one in the Astronomical Society is brave enough to board a rocket, so we get to go! Who wants to do some sightseeing?","The Kerbal Astronomical Society wants to do a sightseeing tour of Kerbin’s moons - flying close to the Mun and Minmus in one trip.

No one in the Astronomical Society is brave enough to board a rocket, so we get to go! Who wants to do some sightseeing?",,Localized
Missions/Secondary/Kerbin_KerbinTourSOI/Objective,Text,,"Enter the SOIs of the Mun, Minmus, and Kerbin in a single flight.","Entrez dans les sphères d'influence de la Mune, Minmus et Kerbin lors d'un même voyage.","Entra nella SdI di Mun, Minmus e Kerbin durante lo stesso volo","Fliege in die SOIs von der Mun, Minmus und Kerbin in einem Flug.","Entra en la EdI de la Muna, de Minmus y de Kerbin en un solo viaje.",1回の飛行でムン、ミンマス、カービンの作用圏に入ってください。,"한 번의 비행으로 문, 민무스, 커빈의 SOI에 들어가세요.","Wejdź do SG Muna, Minmusa i Kerbina w ciągu jednego lotu.","Войдите в сферу тяготения Муны, Минмуса и Кербина в ходе одного полета.",在单次航程中进入Mun、Minmus和Kerbin的引力作用范围。,"Entre nas EDIs de Mun, Minmus e Kerbin em um único voo.",在單次航程中進入穆恩星、明穆斯星和坎巴拉星的影響力圈。,"Enter the SOIs of the Mun, Minmus, and Kerbin in a single flight.","Enter the SOIs of the Mun, Minmus, and Kerbin in a single flight.","Enter the SOIs of the Mun, Minmus, and Kerbin in a single flight.","Enter the SOIs of the Mun, Minmus, and Kerbin in a single flight.",,Localized
Missions/Secondary/Kerbin_OrbitCircular/Objective,Text,,Establish an orbit around Kerbin with an AP and PE each between 99km and 101km.,Se mettre en orbite autour de Kerbin avec un AP et PE entre 99 et 101 kilomètres chacun,Stabilisci un'orbita intorno a Kerbin con AP e PE tra 99 km e 101 km,"Nimm eine Umlaufbahn um Kerbin ein, deren Ap und Pe jeweils zwischen 99 und 101 km liegt.",Establece una órbita alrededor de Kerbin con un apoápside y un periápside entre 99 km y 101 km ambos.,カービンの周りで遠点と近点が99km以上101km以下の位置にある軌道を確立してください。,AP와 PE가 각각 99km에서 101km 사이인 커빈 궤도를 형성하세요.,"Wejdź na orbitę wokół Kerbina, mającą AP i PE między 99 km a 101 km.","Создайте орбиту вокруг Кербина, апоцентр и перицентр которой находятся в интервале от 99 км до 101 км.",建立环绕Kerbin的轨道，远点和近点均在99千米和101千米之间。,Estabeleça uma órbita ao redor de Kerbin com um PA e um PE entre 99 km e 101 km cada.,建立環繞坎巴拉星的軌道，遠心點和近心點距離分別在99公里和101公里之間。,Establish an orbit around Kerbin with an AP and PE each between 99km and 101km.,Establish an orbit around Kerbin with an AP and PE each between 99km and 101km.,Establish an orbit around Kerbin with an AP and PE each between 99km and 101km.,Establish an orbit around Kerbin with an AP and PE each between 99km and 101km.,,Localized
Missions/Secondary/Kerbin_OrbitEccentric/Debrief01,Text,,Congratulations on a successful mission! The musicians at Ionic Symphonic Protonic Electronics are relieved.,Bravo pour cette mission réussie ! Les musiciens d'Électroniques Protoniques Symphoniques Ioniques sont soulagés de savoir que leur musique aura la même clarté en orbite.,"Congratulazioni per questa missione completata! I musicisti della Elettronica Ionica Sinfonica Protonica sono sollevati, ora che sanno che la loro musica si sentirà bene in orbita.","Glückwunsch zu deinem Missionserfolg! Die Musiker bei Ionic Symphonic Protonic Electronics sind ganz erleichtert, dass ihre Werke auch in der Umlaufbahn gut klingen werden.",¡Enhorabuena por el éxito de tu misión! Los intérpretes de Ionic Symphonic Protonic Electronics están aliviados ahora que saben que su música sonará bien en órbita.,ミッション成功おめでとうございます！ アイオニック・シンフォニック・プロトニック・エレクトロニクスのミュージシャンはその音楽が軌道上で素晴らしい響きを奏でることに安心しました。,성공적인 임무 완수를 축하드립니다! 아이오닉 심포닉 프로토닉 일렉트로닉스의 음악가들은 자신들의 음악이 궤도 상에서 좋은 소리를 낼 것이라는 사실에 안도감을 느꼈다고 합니다.,"Gratuluję wykonania misji! Muzycy z Zakładów Elektronicznych Melwro zyskali pewność, że ich muzyka będzie brzmieć dobrze na orbicie.","Поздравляю с успешно завершенной миссией! Музыканты из «Ионика Синхрофазотроника» успокоились, узнав, что их музыка хорошо звучит и на орбите.",恭喜成功完成任务！离子质子电子交响乐的音乐家如释重负，他们的音乐在轨道上也会很好听了。,Parabéns pela missão de sucesso! Os músicos da Ionic - Eletrônicos Sinfônicos Protônicos estão aliviados pois a música deles soará bem em órbita.,恭喜你成功完成任務！離子交響質子電子音樂的音樂人們知道就算在軌道上，他們的音樂依舊好聽，也終於鬆了一口氣。,Congratulations on a successful mission! The musicians at Ionic Symphonic Protonic Electronics are relieved.,Congratulations on a successful mission! The musicians at Ionic Symphonic Protonic Electronics are relieved.,Congratulations on a successful mission! The musicians at Ionic Symphonic Protonic Electronics are relieved.,Congratulations on a successful mission! The musicians at Ionic Symphonic Protonic Electronics are relieved.,,Localized
Missions/Secondary/Kerbin_OrbitEccentric/Description,Text,,"Some of the musicians at Ionic Symphonic Protonic Electronics worry that if the orbit of their proposed music radio satellite isn't perfectly circular, that the pitch of the music will go up as the satellite approaches Kerbin and then go back down when it heads back out to space. I tried to explain that that's not how the Doppler Effect works, but they're very nervous people.
 
Please launch a vehicle into the least circular orbit you can manage so that we can prove that their tunes will sound the same on Kerbin no matter how weird the satellite's orbit gets.","Certains musiciens des Électroniques Protoniques Symphoniques Ioniques se font du souci. Ils pensent que si l'orbite de leur futur satellite de radio musicale n'est pas parfaitement circulaire, le son sera plus ou moins grave selon que le satellite se rapproche ou s'éloigne de Kerbin. J'ai essayé de leur expliquer que l'effet Doppler ne fonctionnait pas comme ça, mais ils sont très nerveux.
 
 S'il vous plaît, lancez un véhicule avec l'orbite la moins circulaire possible pour que nous puissions leur prouver que leur musique sera toujours identique sur Kerbin, peu importe l'étrangeté de l'orbite du satellite.","Nel caso in cui l'orbita del loro satellite radio musicale non sia perfettamente circolare, alcuni musicisti dell'Elettronica Ionica Sinfonica Protonica temono che la tonalità della musica diventi sempre più alta man mano che il satellite si avvicina a Kerbin, per poi diminuire quando torna nello spazio. Ho provato a spiegare che l'effetto Doppler non funziona così, ma sono persone veramente nervose.

Lancia un veicolo e stabilisci l'orbita meno circolare possibile per dimostrare che, a prescindere dall'eccentricità dell'orbita del satellite, i loro brani saranno sempre uguali su Kerbin.","Einige der Musiker bei Ionic Symphonic Protonic Electronics machen sich Sorgen, dass die Tonhöhe ihrer Musik steigt, wenn sich ihr geplanter Musikradiosatellit Kerbin nähert, und fällt, wenn er sich wieder in Richtung Weltraum entfernt. Ich habe versucht, ihnen zu erklären, dass der Doppler-Effekt so nicht funktioniert, aber die Leutchen sind ganz schön nervös.
 
 Schicke bitte ein Raumfahrzeug in die am wenigsten kreisförmige Umlaufbahn, die du hinbekommst. Dann können wir beweisen, dass ihre Stücke auf Kerbin immer gleich klingen, egal wie komisch der Satellit fliegt.","A algunos músicos de Ionic Symphonic Protonic Electronics les preocupa que la órbita para el satélite de radio musical que propusieron no sea del todo circular, y que el tono de la música se eleve cuando el satélite se aproxime a Kerbin para después reducirse cuando vuelva a adentrarse en el espacio. He intentado explicarles que el efecto doppler no funciona así, pero se exaltan a la mínima.
  
 Lanza un vehículo a la órbita menos circular que encuentres para demostrarles que sus temas sonarán igual en Kerbin, sin importar lo rara que sea la órbita del satélite.","アイオニック・シンフォニック・プロトニック・エレクトロニクスのミュージシャンの中には、彼らが提案する音楽ラジオ衛星の軌道が完璧な円形でなかったら、衛星がカービンに近づくにつれて音程が上がり、宇宙に戻ると下がることになる、と懸念しています。ドップラー効果というのはそういうものではないと説明したのですが、あの人たちはとてもナーバスな人たちなんです。
 
 楕円軌道を作って宇宙船を周回させ、衛星の軌道がどれだけおかしくなっても、彼らの音楽がカービンにいるときとまったく同じに聞こえることを証明してください。","아이오닉 심포닉 프로토닉 일렉트로닉스 소속의 몇몇 음악가들은 음악 라디오 위성의 궤도가 완벽한 원형이 아닐 경우, 위성이 커빈에 접근하면 음악의 피치가 올라가고, 반대로 멀어지면 낮아질 것을 우려하고 있습니다. 저는 도플러 효과는 그런 식으로 발생하는 것이 아님을 설명하려 노력했지만, 그들의 걱정을 잠재우지는 못했습니다.
  
 위성의 궤도가 아무리 이상하더라도 위성에서 전송된 음악은 커빈에서 동일하게 들린다는 것을 증명할 수 있도록 최소 원형 궤도로 기체를 발사해 주세요.","Niektórzy muzycy z Zakładów Elektronicznych Melwro martwią się, że proponowana orbita ich satelity radiowego nie jest idealnie kolista, więc wysokość dźwięku będzie wzrastać, gdy satelita będzie zbliżać się do Kerbina, i maleć, gdy będzie się oddalać. Próbowałam im wyjaśnić, że efekt Dopplera działa trochę inaczej, ale to nerwowi ludzie.
 
 Wystrzel pojazd na jak najmniej kolistą orbitę, abyśmy mogli pokazać im, że ich melodyjki będą brzmieć zawsze tak samo, niezależnie od tego, jak dziwaczna będzie orbita satelity.","Некоторые музыканты из «Ионика Синхрофазотроника» опасаются, что их радиоспутник не будет летать по круговой орбите, то и дело приближаясь к Кербину и отдаляясь от него, из-за чего будет меняться тон музыки. Они ни в какую не хотят слушать мои доводы о том, что эффект Доплера не так работает. Нервный народец.
  
 Пожалуйста, запустите аппарат по наименее круговой орбите из возможных, чтобы мы могли доказать им, что их музыка будет звучать одинаково вне зависимости от траектории спутника.","离子质子电子交响乐的一些音乐家担心，如果他们提议的音乐广播卫星的轨道并非完美的圆形，那么当卫星接近Kerbin时，音乐的音调会升高，而当卫星朝着太空运行时，音调又会降低。我试图跟对方解释多普勒效应的工作原理并不是这样，可那些人全都紧张兮兮的。
 
 请将一台航天器发射到你能控制的最小圆形轨道上，这样我们就能证明，无论卫星的轨道有多奇怪，他们的音乐在Kerbin上面听起来都完全一样。","Alguns dos músicos da Ionic - Eletrônicos Sinfônicos Protônicos temem que, se a órbita do satélite de rádio musical proposta não for perfeitamente circular, o tom da música aumentará à medida que o satélite se aproximar de Kerbin e voltará a descer quando voltar ao espaço. Tentei explicar que não é assim que o Efeito Doppler funciona, mas eles são nervosos demais.
  
Por favor, lance um veículo na órbita menos circular possível para que possamos provar que suas músicas soarão igualmente em Kerbin, não importa o quanto a órbita seja estranha.","有些在離子交響質子電子學的音樂家擔心，如果他們要發射音樂廣播衛星的軌道不是完美的圓形，那麼衛星快接近坎巴拉星時，音樂的音調會升高，而當衛星返回太空時音調又降低。我試著跟他們解釋都卜勒效應不是這樣運作的，但他們真的很緊張耶。
 
 麻煩你發射一台載具到最不圓的軌道上，這樣我們才能跟他們證明不管衛星軌道有多奇怪，在坎巴拉星上聽到的音樂都不會變調啦。","Some o’ the fine, jittery folks over at Ionic Symphonic Protonic Electronics are worried their music radio satellite’s orbit might mess with the pitch of their space tunes. They think if the orbit ain’t perfectly round, the music’ll go all squeaky as it nears Kerbin and deep as it drifts away. I tried explainin’ that ain’t quite how the Doppler Effect works, but let’s just say... they’re not exactly chill.

So here’s yer task:
Launch a vessel into the least circular orbit ye can muster—really stretch that ellipse—to show that no matter how weird the satellite’s path, the jams on Kerbin still sound just as groovy.","Some of the musicians at Ionic Symphonic Protonic Electronics worry that if the orbit of their proposed music radio satellite isn't perfectly circular, that the pitch of the music will go up as the satellite approaches Kerbin and then go back down when it heads back out to space. I tried to explain that that's not how the Doppler Effect works, but they're very nervous people.
 
Please launch a vehicle into the least circular orbit you can manage so that we can prove that their tunes will sound the same on Kerbin no matter how weird the satellite's orbit gets.","Some of the musicians at Ionic Symphonic Protonic Electronics worry that if the orbit of their proposed music radio satellite isn't perfectly circular, that the pitch of the music will go up as the satellite approaches Kerbin and then go back down when it heads back out to space. I tried to explain that that's not how the Doppler Effect works, but they're very nervous people.
 
Please launch a vehicle into the least circular orbit you can manage so that we can prove that their tunes will sound the same on Kerbin no matter how weird the satellite's orbit gets.","Some of the musicians at Ionic Symphonic Protonic Electronics worry that if the orbit of their proposed music radio satellite isn't perfectly circular, that the pitch of the music will go up as the satellite approaches Kerbin and then go back down when it heads back out to space. I tried to explain that that's not how the Doppler Effect works, but they're very nervous people.
 
Please launch a vehicle into the least circular orbit you can manage so that we can prove that their tunes will sound the same on Kerbin no matter how weird the satellite's orbit gets.",,Localized
Missions/Secondary/Kerbin_OrbitEccentric/Objective,Text,,Orbit Kerbin with a PE of 70-150km and an AP of 300km-8400km.,Orbitez Kerbin avec un PE de 70 à 150 km et un AP de 300 à 8400 km,Entra in orbita intorno a Kerbin con un PE fra 70 e 150 km e un AP fra 300 e 8.400 km,Gehe mit einer Pe zwischen 70 und 150 km und einer Ap zwischen 300 und 8.400 km in eine Umlaufbahn um Kerbin.,Orbita Kerbin con un periápside de entre 70 y 150 km y un apoápside de entre 300 km y 8400 km.,カービンの周りに近点が70～150km、遠点が300～8400kmの軌道を確立してください。,"PE가 70~150km, AP가 300km~8400km인 커빈 궤도를 형성하세요.","Wejdź na orbitę wokół Kerbina, mającą PE 70-150 km i AP 300-8400 km.",Выйдите на орбиту Кербина с перицентром 70–150 км и апоцентром 300–8400 км.,以近点70-150千米和远点300-8400千米环绕Kerbin运转。,Orbite Kerbin com PE de 70-150 km e AP de 300 km - 8.400 km.,沿軌道繞坎巴拉星飛行，軌道PE（近心點）距離70-150公里，AP（遠心點）距離300-8400公里。,Orbit Kerbin with a PE of 70-150km and an AP of 300km-8400km.,Orbit Kerbin with a PE of 70-150km and an AP of 300km-8400km.,Orbit Kerbin with a PE of 70-150km and an AP of 300km-8400km.,Orbit Kerbin with a PE of 70-150km and an AP of 300km-8400km.,,Localized
Missions/Secondary/Kerbin_OrbitFuelStation/Objective,Text,,Orbit Kerbin with a X200-64 methalox fuel tank and a docking port.,Mettez-vous en orbite autour de Kerbin avec un réservoir à méthalox X200-64 et un port d'amarrage.,Entra nell'orbita di Kerbin con un serbatoio di carburante methalox X200-64 e un portello d'attracco,Geh mit einem Methalox-Tank des Typs X200-64 und einer Andockluke in eine Umlaufbahn um Kerbin.,Orbita en torno a Kerbin con un depósito de metalox X200-64 y un puerto de acoplamiento.,X200-64メタロックス燃料タンクとドッキングポートを搭載した機体でカービンを軌道周回してください。,X200-64 메탈록스 탱크와 도킹 포트를 가진 기체로 커빈 궤도를 형성하세요.,Wprowadź na orbitę Kerbina zbiornik metaloksu X200-64 z portem dokowania.,Выведите на орбиту Кербина аппарат с баком для металокса X200-64 от «Рокомакс» и стыковочным узлом.,用X200-64甲氧基燃料箱与对接口实现环Kerbin轨道运转。,Entre em órbita em Kerbin com um tanque de combustível de metalox X200-64 e uma porta de acoplagem.,坎巴拉星軌道上有X200-64液氧甲烷燃料罐和對接端口。,Orbit Kerbin with a X200-64 methalox fuel tank and a docking port.,Orbit Kerbin with a X200-64 methalox fuel tank and a docking port.,Orbit Kerbin with a X200-64 methalox fuel tank and a docking port.,Orbit Kerbin with a X200-64 methalox fuel tank and a docking port.,,Localized
Missions/Secondary/Kerbin_OrbitInclination/Objective,Text,,Launch a vessel into Kerbin orbit with at least a 6 degree inclination.,Mettez un vaisseau en orbite autour de Kerbin avec une inclinaison de 6 degrés ou plus.,Stabilisci un'orbita intorno a Kerbin con un'inclinazione di 6 gradi,Begib dich über Kerbin in eine Umlaufbahn mit einem Neigungswinkel von 6 Grad.,Lanza una nave a la órbita de Kerbin con una inclinación de 6 grados.,6度傾いたカービン周回軌道を確立してください。,6도 기울어진 커빈 궤도를 형성하세요.,Wejdź na orbitę wokół Kerbina z 6-stopniowym nachyleniem.,Создайте орбиту вокруг Кербина с наклонением хотябы 6 градусов.,发射一艘航天器，进入倾角至少为6度的Kerbin轨道。,Lance uma Nave para uma orbita de Kerbin com uma inclinação de ao menos 6 graus.,建立一個傾角為6度的繞坎巴拉星軌道。,Launch a vessel into Kerbin orbit with at least a 6 degree inclination.,Launch a vessel into Kerbin orbit with at least a 6 degree inclination.,Launch a vessel into Kerbin orbit with at least a 6 degree inclination.,Launch a vessel into Kerbin orbit with at least a 6 degree inclination.,,Localized
Missions/Secondary/Kerbin_OrbitKeostationary/Objective,Text,,"Using a vehicle with a probe core, orbit Kerbin at an altitude of 2863km and an orbital speed of 1010m/s.",Orbitez Kerbin avec un véhicule équipé d'une sonde à une altitude de 2 863 km et une vitesse de 1 010 m/s.,Usa un veicolo con un nucleo sensore ed entra in orbita intorno a Kerbin con un'altitudine di 2.863 km e una velocità di 1.010 m/s,Gehe mit einem Raumfahrzeug mit Sondenkern in 2.863 km Höhe und einer Geschwindigkeit von 1.010 m/s in eine Umlaufbahn um Kerbin.,Orbita Kerbin a una altitud de 2863 km y una velocidad orbital de 1010 m/s utilizando un vehículo con núcleo de sonda.,プローブコアを搭載した宇宙船を使用し、高度2863km、軌道速度秒速1010mでカービンを軌道周回してください。,"무인 조종 코어를 장착한 기체를 사용해 고도 2863km, 속도 1010m/s의 커빈 궤도를 형성하세요.","Wprowadź pojazd z rdzeniem sondy na orbitę wokół Kerbina: wysokość 2863 km, prędkość orbitalna 1010 m/s.","Используя аппарат с зондом, выйдите на орбиту вокруг Кербина с высотой 2863 км и скоростью 1010 м/с.",利用配备探测器核心的航天器环绕Kerbin轨道运行，高度为2863千米，轨道速度为1010米/秒。,"Utilizando uma nave com um núcleo de sonda, entre em órbita em Kerbin com 2.863 km de altitude e 1010 m/s de velocidade.",使用配備探測器核心的載具，以2863公里的高度和每秒1010公尺的軌道速度環繞坎巴拉星軌道飛行。,"Using a vehicle with a probe core, orbit Kerbin at an altitude of 2863km and an orbital speed of 1010m/s.","Using a vehicle with a probe core, orbit Kerbin at an altitude of 2863km and an orbital speed of 1010m/s.","Using a vehicle with a probe core, orbit Kerbin at an altitude of 2863km and an orbital speed of 1010m/s.","Using a vehicle with a probe core, orbit Kerbin at an altitude of 2863km and an orbital speed of 1010m/s.",,Localized
Missions/Secondary/Kerbin_Rover/Description,Text,,"The LightYear Tire Company has been trying to convince us to test out their new tires. I’m not really into tires, but after 45 of my cease-and-desist letters bounced back, I've decided it’ll be easier to comply. Let’s slap some rover wheels on a vessel and launch it. Peer-pressured science is still science!","Les Pneus LightYear nous harcèlent pour nous convaincre de tester leurs nouveaux pneus. Je ne suis pas une grande fan de pneus, mais après 45 dépôts de plainte pour harcèlement, j'ai décidé qu'il serait plus simple d'accepter. Mettons quelques roues de rover sur un vaisseau et lançons-le dans l'espace. La science, même contrainte et forcée, reste la science !","L'azienda Pneumatici LightYear vuole convincerci a collaudare i loro nuovi pneumatici. Non ho una grande passione per gli pneumatici, ma dopo le mie 45 lettere di diffida respinte, ho deciso che fosse più semplice accettare. Piazziamo delle ruote su un rover e lanciamolo. La scienza estorta resta comunque scienza!","Die LightYear Tire Company versucht mich dazu zu bringen, ihre neuen Reifen auszuprobieren. Ich stehe nicht so auf Reifen, aber nachdem 45 meiner Unterlassungsaufforderungen als nicht zustellbar zurückgekommen sind, dachten wir, es wäre einfacher, wenn wir mitmachen. Montieren wir ein paar Rover-Räder an ein Raumfahrzeug und starten das Ding. Wissenschaftlicher Gruppenzwang ist trotzdem Wissenschaft!","LightYear Tire Company ha estado intentando convencernos de que probemos sus nuevos neumáticos. No es algo que me apasione, pero después de que devolvieran las 45 cartas de apercibimiento que les envié, creo que lo más fácil será pasar por el aro. Vamos a acoplar unas ruedas a una nave y a lanzarla. ¡La ciencia, aunque sea por presión, sigue siendo ciencia!",ライトイヤー・タイヤが彼らの新しいタイヤをテストしろって言ってきています。私は別にタイヤに興味ないんですが、45通も停止通告書を送り返されたので、応じる方が楽だと思い直しました。宇宙船に車輪を付けて、打ち上げましょう。同調圧力による科学も、やはり科学なのですよ！,"라이트이어 타이어는 새 타이어를 테스트 해줄 것을 설득하고 있습니다. 저는 타이에어 큰 관심이 있진 않지만, 45통의 정지명령서가 반송된 걸 보면 그들의 요청을 들어주는 편이 쉬울 것 같아요. 기체에다가 바퀴를 몇 개 달고 발사해 봅시다. 과학과 경쟁하는 것 역시 과학입니다!","Zakłady Przemysłu Gumowego „Stokilom” próbują nas namówić, żebyśmy przetestowali ich nowe opony. Niespecjalnie interesują mnie zakłady i guma, a co to jest „stokilom” – nie mam pojęcia, jednak po tym, jak zignorowali mój 45. nakaz zaprzestania, uznaliśmy, że łatwiej będzie spełnić ich prośbę. Walnijmy parę kółek na pojazd i wypuśćmy go z wyrzutni. A potem zadzwonię do nich w sprawie pumy.","Компания «Машилин Тайрз» уже давно пытается убедить нас в необходимости опробовать их новые шины. Лично я не фанатею от шин, но когда 45 грозных писем вернулись нераспечатанными, мы решили, что будет проще выполнить их просьбу. Давайте поставим на вездеход пару колес и запустим его. Это тоже научный эксперимент!",光年轮胎公司一直在试图说服我们试用他们的新轮胎。我真的对轮胎不感兴趣，但在我的45封勒令停止通知函被退回来后，我觉得可能顺从他们的要求会更容易些。那就找艘航天器，给它装上轮胎，然后发射试试吧。同行压力下的科学也算是科学啦！,"A Companhia de Pneus LightYear está tentando nos convencer de testar os seus novos pneus. Eu não me importo muito com pneus, mas depois que as 45 cartas que eu mandei recusando a oferta não foram lidas, decidi que seria mais fácil só acabar logo com isso. Vamos colocar algumas rodas em uma nave e lançá-la. É pressão social misturada com ciência!",光年輪胎公司一直想說服我們測試他們的新輪胎。我對輪胎沒啥興趣，但我的45封警告信函都被退回了，我決定還是妥協好了。我們來找個載具，裝上幾個輪胎，然後發射吧。被同儕壓力逼迫的科學，也是科學啊！,"The LightYear Tire Company has been trying to convince us to test out their new tires. I’m not really into tires, but after 45 of my cease-and-desist letters bounced back, I've decided it’ll be easier to comply. Let’s slap some rover wheels on a vessel and launch it. Peer-pressured science is still science!","The LightYear Tire Company has been trying to convince us to test out their new tires. I’m not really into tires, but after 45 of my cease-and-desist letters bounced back, I've decided it’ll be easier to comply. Let’s slap some rover wheels on a vessel and launch it. Peer-pressured science is still science!","The LightYear Tire Company has been trying to convince us to test out their new tires. I’m not really into tires, but after 45 of my cease-and-desist letters bounced back, I've decided it’ll be easier to comply. Let’s slap some rover wheels on a vessel and launch it. Peer-pressured science is still science!","The LightYear Tire Company has been trying to convince us to test out their new tires. I’m not really into tires, but after 45 of my cease-and-desist letters bounced back, I've decided it’ll be easier to comply. Let’s slap some rover wheels on a vessel and launch it. Peer-pressured science is still science!",,Localized
Missions/Secondary/Kerbin_Rover/Objective,Text,,Launch a vessel with at least 4 rover wheels.,Lancez un vaisseau doté d'au moins 4 roues de rover.,Lancia un veicolo con almeno 4 ruote da rover,Starte ein Raumfahrzeug mit mindestens 4 Rover-Rädern.,Lanza una nave que tenga al menos 4 ruedas.,少なくとも4つ車輪のある宇宙船を打ち上げてください。,바퀴가 4개 이상 달린 기체를 발사하세요.,Wypuść pojazd mający co najmniej 4 koła.,"Запустите аппарат, у которого не менее 4 колес вездехода.",发射一艘带有带有4个轮子的载具。,Lance um veículo com ao menos 4 rodas.,發射一個至少四輪的載具。,Launch a vessel with at least 4 rover wheels.,Launch a vessel with at least 4 rover wheels.,Launch a vessel with at least 4 rover wheels.,Launch a vessel with at least 4 rover wheels.,,Localized
Missions/Secondary/Kerbin_RoverSpeed01/Objective,Text,,Reach a ground speed of over 150m/s on a rover with a Rovemate probe.,Atteignez une vitesse au sol de 150 m/s avec un rover équipé d'une sonde Vroumbo.,Raggiungi una velocità sul terreno superiore a 150 m/s su un rover con un nucleo sensore RoveMate,Erreiche eine Bodengeschwindigkeit von über 150 m/s in einem Rover mit einer Rovemate-Sonde.,"Alcanza una velocidad de desplazamiento en tierra de más de 150 m/s con un róver que lleve una sonda ""Compañero de viaje"".",ローブメイトのプローブを搭載したローバーで秒速150m以上の対地速度を達成してください。,로브메이트의 사령 모듈이 포함된 로버를 타고 150m/s 이상의 속도에 도달하세요.,Przekrocz prędkość naziemną 150 m/s łazikiem z rdzeniem Obieżyświat.,"Разгоните вездеход с зондом «Скиталец» до скорости, превышающей 150 м/с.",让搭载漫游助手探测器的探测车达到150米/秒以上的地面速度。,Alcance uma velocidade de solo superior a 150 m/s com um rover com uma sonda RoveMate.,駕駛裝載漫遊助手探測器的探測車，探測車的地面速度高於每秒150公尺。,Reach a ground speed of over 150m/s on a rover with a Rovemate probe.,Reach a ground speed of over 150m/s on a rover with a Rovemate probe.,Reach a ground speed of over 150m/s on a rover with a Rovemate probe.,Reach a ground speed of over 150m/s on a rover with a Rovemate probe.,,Localized
Missions/Secondary/Kerbin_RoverSpeed02/Objective,Text,,"While driving a rover, reach a ground speed over 340m/s.",Atteignez une vitesse au sol de 340 m/s avec un rover.,Raggiungi una velocità sul terreno superiore a 340 m/s con un rover,Fahre einen Rover und erreiche damit eine Bodengeschwindigkeit von über 340 m/s.,Alcanza una velocidad de desplazamiento en tierra de más de 340 m/s con un róver.,ローバーを運転しながら、毎秒340m以上の対地速度を達成してください。,로버를 운전하는 동안 340m/s 이상의 속도에 도달하세요.,"Przekrocz prędkość naziemną 340 m/s, jadąc łazikiem.","Разгоните вездеход до скорости, превышающей 340 м/с.",驾驶探测车时的地面速度超过340米/秒。,"Em um rover, atinja uma velocidade de solo superior a 340 m/s.",駕駛探測車，探測車的地面速度高於每秒340公尺。,"While driving a rover, reach a ground speed over 340m/s.","While driving a rover, reach a ground speed over 340m/s.","While driving a rover, reach a ground speed over 340m/s.","While driving a rover, reach a ground speed over 340m/s.",,Localized
Missions/Secondary/Kerbin_Satellite/Objective,Text,,"Orbit Kerbin with a probe core, antenna, and solar panel.","Mettez-vous en orbite autour de Kerbin avec un noyau de sonde, une antenne et un panneau solaire.","Entra in orbita intorno a Kerbin con un nucleo sensore, un'antenna e un pannello solare","Geh mit einem Sondenkern, einer Antenne und einem Solarmodul in eine Umlaufbahn um Kerbin.","Orbita Kerbin con un núcleo de sonda, una antena y un panel solar.",プローブコア、アンテナ、ソーラーパネルを搭載した機体でカービンを軌道周回してください。,"커빈 궤도에 원격 유도 유닛, 태양전지 패널, 안테나를 탑재한 위성을 배치하세요.","Wprowadź na orbitę Kerbina rakietę zawierającą rdzeń sondy, antenę i panel fotowoltaiczny.","Выйдите на орбиту Кербина с зондом, антенной и солнечной панелью.",用探测器核心、天线和太阳能板环绕Kerbin轨道运转。,"Entre em órbita em Kerbin com um núcleo de sonda, antena e um painel solar.",配備探測器核心、天線和太陽能板，沿軌道環繞坎巴拉星。,"Orbit Kerbin with a probe core, antenna, and solar panel.","Orbit Kerbin with a probe core, antenna, and solar panel.","Orbit Kerbin with a probe core, antenna, and solar panel.","Orbit Kerbin with a probe core, antenna, and solar panel.",,Localized
Missions/Secondary/Kerbol_DestroyProbe/Name,Text,,"I, P.A.I.G.E: The Return of P.A.I.G.E.","Moi, P.A.I.G.E. : le retour de P.A.I.G.E.","Io, P.A.I.G.E: Il ritorno di P.A.I.G.E.","Ich, P.A.I.G.E.: P.A.I.G.E. kehrt zurück.","Yo, P.A.I.G.E: el regreso de P.A.I.G.E.",アイ、P.A.I.G.E：P.A.I.G.E.の帰還,"나는 P.A.I.G.E: P.A.I.G.E, 돌아오다.","Ja, P.A.I.G.E.: Powrót P.A.I.G.E.","Я, В.Ы.З.О.В.: Возвращение В.Ы.З.О.В.",机械公敌：P.A.I.G.E.归来,"Eu, P.A.I.G.E.: O Retorno de P.A.I.G.E.",我，P.A.I.G.E.：P.A.I.G.E.回歸,"I, P.A.I.G.E: The Return of P.A.I.G.E.","I, P.A.I.G.E: The Return of P.A.I.G.E.","I, P.A.I.G.E: The Return of P.A.I.G.E.","I, P.A.I.G.E: The Return of P.A.I.G.E.",,Localized
Missions/Secondary/Kerbol_DestroyProbe/Objective,Text,,"Using a probe core, achieve an orbital altitude less than 600,000km from Kerbol.",Utilisez un noyau de sonde pour descendre à une orbite de moins de 600 000 km de Kerbol.,Raggiungi un'altitudine orbitale inferiore a 600.000 km da Kerbol con un nucleo sensore,"Erreiche mit einem Sondenkern eine Umlaufbahn, die weniger als 600,000 km über Kerbol liegt.",Logra una altitud orbital inferior a los 600.000 km con respecto a Kerbol utilizando un núcleo de sonda.,プローブコアを使い、カーボルから600km以内の軌道高度を確立してください。,"프로브 유닛으로 600,000 km 미만의 커볼 궤도를 형성하세요.","Wyślij sondę, aby osiągnęła odległość mniejszą niż 600,000 km od Kerbola.","Используя зонд, выйдите на высоту орбиты, которая находится менее чем в 600 км от Кербола.","利用探测器核心，到达距离Kerbol小于600,000千米的轨道高度。","Usando um núcleo de sonda, alcance uma altitude orbital inferior a 600,000km de Kerbol.",發射探測器核心，到達距離坎陽星600公里內的軌道高度。,"Using a probe core, achieve an orbital altitude less than 600,000km from Kerbol.","Using a probe core, achieve an orbital altitude less than 600,000km from Kerbol.","Using a probe core, achieve an orbital altitude less than 600,000km from Kerbol.","Using a probe core, achieve an orbital altitude less than 600,000km from Kerbol.",,Localized
Missions/Secondary/Kerbol_GrandTour/Description,Text,,"Someone go start an extra strong pot of coffee. And call in the senior staff! 

The Kerbal Astronomical Society has challenged us to go sightseeing again - everywhere! Land on every planet and moon in the Kerbolar System, and come home safely. In one flight.

Jool has no landable surface, so you can skip that one. See? We made it easy!","Que quelqu'un aille préparer une cafetière de plus, et bien serrée. Appelez aussi tous les vétérans du programme.
 
 La Société Astronomique Kerbale nous a lancé un nouveau défi touristique. Cette fois, elle veut nous voir passer partout. Atterrissez sur chaque planète et lune du système kerbolaire et rentrez ici en un seul morceau. Et le tout en un seul voyage !
 
 Il est impossible d'atterrir sur Jool, donc vous pouvez zapper celle-là. Vous voyez ? On vous facilite la tâche !","Qualcuno metta su una caffettiera in più. Extra forte. E chiamate anche il personale senior! 
 
 La Società Astronomica di Kerbal ci ha lanciato un'altra sfida turistica: ci chiedono di andare ovunque! Vogliono che atterriamo su ogni pianeta e luna nel Sistema Kerbolare, per poi tornare a casa sani e salvi. Tutto in un unico volo.
 
 Jool non ha una superficie su cui poter atterrare, quindi è escluso. Visto? Ora è tutto molto più facile!","Jemand soll noch eine Kanne extra starken Kaffee kochen. Und versammelt die Abteilungsleiter!
 
 Die Astronomische Gesellschaft von Kerbin hat uns wieder zu einer Sightseeing-Tour herausgefordert - überallhin! Lande auf allen Planeten und Monden im Kerbolsystem und kehre sicher wieder heim. Mit einem Flug.
 
 Jool hat keine Oberfläche, auf der du landen könntest, also lass den einfach aus. Siehst du? Das wird ein Kinderspiel!","Que alguien prepare otra cafetera de café extrafuerte. ¡Y llamad a los altos cargos! 
 
 La Sociedad Astronómica Kerbal nos vuelve a retar a hacer turismo... ¡por todas partes! Debemos aterrizar en todos los planetas y lunas del sistema kerbolar y volver a casa sanos y salvos. Y todo en un solo vuelo.
 
 Como Jool no tiene superficie sobre la que aterrizar, puedes saltártelo. ¿Ves? ¡Te lo hemos puesto a huevo!","誰か、エクストラストロングコーヒーをポットいっぱいに淹れてきて。それから上級スタッフを呼んで！
 
 カーバル天文学会がまた観光しろって言ってきてるんです。それもありとあらゆる場所にって！ カーボル系のすべての惑星と月に着陸し、無事に帰還するんです。すべて1回のフライトで。
 
 ジュールには着陸できる表面がないから、そこは飛ばしていいそうです。ほら、簡単でしょ！","아무나 진한 커피 한잔 좀 내려 주세요. 그리고 모든 선임 직원들도 불러오세요!
 
 커벌 천문 협회에서 저희에게 또 한 번 관광 임무를 요청했습니다. 이번에는 커볼계의 모든 행성과 그 위성에 착륙했다가 안전하게 커빈으로 돌아와야 합니다. 당연히 한 번의 비행으로 말이죠.
 
 줄은 착륙할 지면이 없으므로 건너뛰어도 됩니다. 아시겠죠? 단숨에 해치워 버립시다!","Niech ktoś zrobi dodatkowy garniec kawy. Ekstramocnej. I wezwać całą kadrę kierowniczą.
 
 Kerbińskie Towarzystwo Astronomiczne znowu chce, abyśmy urządzili kosmiczną wycieczkę. Tym razem mamy polecieć wszędzie! Wylądować na każdej planecie i na każdym księżycu w Układzie Kerbolnym i wrócić bezpiecznie do domu. Wszystko w ramach jednej podróży.
 
 Jool nie ma powierzchni, więc jego możesz pominąć. Teraz będzie już łatwo!","Кто-нибудь сварите еще кофе, да покрепче. И вызовите начальство!
 
 Астрономическое общество кербалов снова бросило нам вызов: они хотят, чтобы мы снова организовали экскурсию, причем везде! Совершите посадку на каждой планете и спутнике в системе Кербола, а затем вернитесь обратно. И сделайте это за один полет.
 
 На Джуле поверхность неподходящая, так что его можно пропустить. Вот видите, стало чуть легче!","叫人去再煮一壶浓咖啡来。然后把高级职员全叫进来！
 
 坎巴拉天文协会向我们发起了观光游览挑战——每个地方都要去！在Kerbolar星系的每颗行星和卫星上着陆，然后安全回家。整个过程要在一次航程中完成。
 
 Jool上面没有可着陆的地表，所以可以跳过那颗行星。瞧瞧？我们让事情变简单了吧！","Alguém prepare um bule extra de café! E chame toda a equipe sênior!
 
 A Sociedade Astronômica Kerbal nos desafiou a dar um pequeno passeio — para todos os lugares! Aterrisse em todos os planetas e luas do Sistema Kerbolar e volte para casa em segurança. Numa viagem só.
 
 Jool não tem uma superfície legal para pouso, então pode pular essa opção. Está vendo? Estamos facilitando para você!","快去煮一壺超濃咖啡，把資深員工都叫過來
 
 ！坎巴拉天文協會又下戰帖叫我們去觀光了，而且一次就要去遍所有景點！他們要我們降落在坎陽星系的所有星球跟衛星上，然後平安回家。重點是一次，只能一次去完。
 
 不過朱爾星沒有可以降落的地方啦，所以不用去。看吧，我們把挑戰變簡單了！","Someone go start an extra strong pot of coffee. And call in the senior staff! 

The Kerbal Astronomical Society has challenged us to go sightseeing again - everywhere! Land on every planet and moon in the Kerbolar System, and come home safely. In one flight.

Jool has no landable surface, so you can skip that one. See? We made it easy!","Someone go start an extra strong pot of coffee. And call in the senior staff! 

The Kerbal Astronomical Society has challenged us to go sightseeing again - everywhere! Land on every planet and moon in the Kerbolar System, and come home safely. In one flight.

Jool has no landable surface, so you can skip that one. See? We made it easy!","Someone go start an extra strong pot of coffee. And call in the senior staff! 

The Kerbal Astronomical Society has challenged us to go sightseeing again - everywhere! Land on every planet and moon in the Kerbolar System, and come home safely. In one flight.

Jool has no landable surface, so you can skip that one. See? We made it easy!","Someone go start an extra strong pot of coffee. And call in the senior staff! 

The Kerbal Astronomical Society has challenged us to go sightseeing again - everywhere! Land on every planet and moon in the Kerbolar System, and come home safely. In one flight.

Jool has no landable surface, so you can skip that one. See? We made it easy!",,Localized
Missions/Secondary/Kerbol_GrandTour/Objective,Text,,Land on all celestial bodies with landable surfaces and return to Kerbin.,Atterrissez sur tous les corps célestes dotés d'une surface solide puis retournez sur Kerbin.,Atterra su tutti i corpi celesti con superfici raggiungibili e ritorna su Kerbin,"Lande auf allen Himmelskörpern mit Oberflächen, auf denen du landen kannst, und kehre nach Kerbin zurück.",Aterriza en todos los cuerpos celestes con superficies en las que sea viable y regresa a Kerbin.,着陸可能な表面を持つすべての天体に着陸してカービンに帰還してください。,착륙 가능한 모든 천체에 착륙한 후 커빈으로 돌아오세요.,Wyląduj na każdym ciele niebieskim mających powierzchnię i wróć na Kerbina.,"Совершите посадку на всех небесных телах, где это возможно, и вернитесь на Кербин.",在所有具有可着陆地表的天体上着陆，然后返回Kerbin。,Aterrisse em todos os corpos celestiais com superfícies pousáveis e volte a Kerbin.,在所有具有可著陸表面的天體上著陸並返回坎巴拉星。,Land on all celestial bodies with landable surfaces and return to Kerbin.,Land on all celestial bodies with landable surfaces and return to Kerbin.,Land on all celestial bodies with landable surfaces and return to Kerbin.,Land on all celestial bodies with landable surfaces and return to Kerbin.,,Localized
Missions/Secondary/Kerbol_OrbitLow/Objective,Text,,"Establish an orbit around Kerbol with an AP lower than 1,000,000km",Établissez une orbite autour de Kerbol avec un AP de moins de 1 000 000 km.,Stabilisci un'orbita intorno a Kerbol con un AP inferiore a 1.000.000 km,Nimm eine Umlaufbahn um Kerbol mit einer Ap unter 1.000.000 km auf.,Establece una órbita alrededor de Kerbol con un Ap inferior a 1 000 000 km.,"カーボルの周りで遠点が1,000,000km以下の軌道を確立してください。","AP가 1,000,000km 미만인 커볼 궤도를 형성하세요.",Wejdź na orbitę wokół Kerbola: AP mniejsze niż milion kilometrów,Создайте орбиту вокруг Кербола с апоцентром менее 1 000 000 км.,"在Kerbol的周围建立远点小于1,000,000千米的轨道",Estabeleça uma órbita em volta de Kerbol com PA inferior a 1.000.000 km.,在坎陽星周圍建立一個AP（遠心點）距離小於一百萬公里的軌道,"Establish an orbit around Kerbol with an AP lower than 1,000,000km","Establish an orbit around Kerbol with an AP lower than 1,000,000km","Establish an orbit around Kerbol with an AP lower than 1,000,000km","Establish an orbit around Kerbol with an AP lower than 1,000,000km",,Localized
Missions/Secondary/Kerbol_SOI/Objective,Text,,Exit Kerbin's gravitational SOI.,Échappez à la SDI gravitationnelle de Kerbin.,Esci dalla SdI gravitazionale di Kerbin,Verlasse Kerbins gravitative SOI.,Sal de la esfera de influencia gravitacional de Kerbin.,カービンの重力のSOIから離脱してください。,커빈의 중력 영향권을 벗어나세요.,Opuść SG Kerbina,Покиньте сферу тяготения Кербина.,脱离Kerbin的引力作用范围。,Saia da EDI gravitacional de Kerbin.,離開坎巴拉星的引力影響力圈。,Exit Kerbin's gravitational SOI.,Exit Kerbin's gravitational SOI.,Exit Kerbin's gravitational SOI.,Exit Kerbin's gravitational SOI.,,Localized
Missions/Secondary/Laythe_DestroyProbe/Name,Text,,"I, P.A.I.G.E.: THE END?","Moi, P.A.I.G.E. : LA FIN ?","IO, P.A.I.G.E.: FINE?","ICH, P.A.I.G.E.: DAS ENDE?","YO, P.A.I.G.E: ¿EL FINAL?",アイ、P.A.I.G.E.：ジ・エンド？,나는 P.A.I.G.E.: 끝이라고?,"JA, P.A.I.G.E.: KONIEC?","Я, В.Ы.З.О.В.: КОНЕЦ?",机械公敌：终局？,"EU, P.A.I.G.E.: É O FIM?",我，P.A.I.G.E.：結局？,"I, P.A.I.G.E.: THE END?","I, P.A.I.G.E.: THE END?","I, P.A.I.G.E.: THE END?","I, P.A.I.G.E.: THE END?",,Localized
Missions/Secondary/Laythe_DestroyProbe/Objective,Text,,Crash a vessel with a probe core on Laythe.,Faites s'écraser un vaisseau équipé d'un noyau de sonde sur Laythe.,Fai schiantare un veicolo con un nucleo sensore su Laythe,Lasse ein Raumfahrzeug mit einem Sondenkern auf Laythe abstürzen.,Estrella una nave con un núcleo de sonda en Laythe.,プローブコアを搭載した宇宙船をレイスに墜落させてください。,위성을 레이테에 충돌시키세요.,Rozbij pojazd z rdzeniem sondy na Laythe.,"Разбейте аппарат, у которого есть зонд, о поверхность Лейта.",让搭载探测器核心的航天器在Laythe坠毁。,Destrua uma nave com um núcleo de sonda em Laythe.,讓一個裝載探測器核心的載具撞毀在萊斯星。,Crash a vessel with a probe core on Laythe.,Crash a vessel with a probe core on Laythe.,Crash a vessel with a probe core on Laythe.,Crash a vessel with a probe core on Laythe.,,Localized
Missions/Secondary/Laythe_ExperimentFossil/Objective,Text,,Obtain a Sample Report of the strange creature on Laythe.,Obtenez un rapport de prélèvement sur l'étrange créature de Laythe.,Ottieni un Rapporto campione sulla strana creatura di Laythe,Beschaffe eine Stichprobe von der seltsamen Kreatur auf Laythe.,Obtén un informe de muestra de la extraña criatura de Laythe.,レイスで奇妙な生き物のサンプルレポートを作成してください。,레이테에서 이상한 생명체의 샘플 보고서를 얻으세요.,Pobierz próbkę z dziwnego stwora na Laythe.,Получите образец странного существа на Лейте.,获得一份Laythe上的奇特生物的样本报告。,Obtenha um relatório de amostra da criatura estranha de Laythe.,在萊斯星上採集奇怪生物的樣本報告。,Obtain a Sample Report of the strange creature on Laythe.,Obtain a Sample Report of the strange creature on Laythe.,Obtain a Sample Report of the strange creature on Laythe.,Obtain a Sample Report of the strange creature on Laythe.,,Localized
Missions/Secondary/Laythe_Plane/Objective,Text,,Activate a jet engine on Laythe.,Activez un moteur de jet sur Laythe.,Attiva un motore a reazione su Laythe,Aktiviere ein Düsentriebwerk auf Laythe.,Activa un motor a reacción en Laythe.,レイスでジェットエンジンを起動してください。,레이테에서 제트엔진을 활성화하세요.,Uruchom silnik odrzutowy na Laythe.,Активируйте реактивный двигатель на Лейте.,在Laythe上启动喷气式引擎。,Ligue um motor a jato em Laythe.,在萊斯星上啟動噴射引擎。,Activate a jet engine on Laythe.,Activate a jet engine on Laythe.,Activate a jet engine on Laythe.,Activate a jet engine on Laythe.,,Localized
Missions/Secondary/Minmus_DestroyProbe/Name,Text,,"I, P.A.I.G.E.","Moi, P.A.I.G.E.","Io, P.A.I.G.E.","ICH, P.A.I.G.E.","YO, P.A.I.G.E.",アイ、P.A.I.G.E.,"나, P.A.I.G.E.","JA, P.A.I.G.E.","Я, В.Ы.З.О.В.",机械公敌,"Eu, P.A.I.G.E.",我，P.A.I.G.E.,"I, P.A.I.G.E.","I, P.A.I.G.E.","I, P.A.I.G.E.","I, P.A.I.G.E.",,Localized
Missions/Secondary/Minmus_DestroyProbe/Objective,Text,,Destroy a probe by flying it into Minmus.,Détruisez une sonde en la faisant s'écraser sur Minmus.,Distruggi una sonda facendola schiantare su Minmus,"Zerstöre eine Sonde, indem du sie gegen Minmus prallen lässt.",Destruye una sonda enviándola contra Minmus.,探査機をミンマスに飛ばして破壊してください。,위성을 민무스에 충돌시켜 파괴하세요.,"Zniszcz sondę, uderzając nią w Minmusa.","Уничтожьте зонд, разбив его о поверхность Минмуса.",将探测器发射到Minmus加以摧毁。,Destrua a sonda voando até Minmus.,讓探測器飛向明穆斯星並將其撞毀。,Destroy a probe by flying it into Minmus.,Destroy a probe by flying it into Minmus.,Destroy a probe by flying it into Minmus.,Destroy a probe by flying it into Minmus.,,Localized
Missions/Secondary/Minmus_LandHeavy/Debrief02,Text,,"Ah! I love it. I just wanna squeeze it until one of us explodes. Honestly, the odds are pretty even. I drink so much coffee.","MAIS ELLE TELLEMENT GROSSE ! Ah ! Je l'adore. J'ai juste envie de la serrer tout contre moi jusqu'à ce qu'elle explose. Franchement, une chance sur deux. Je bois beaucoup de café.","Ah! lo adoro. Voglio solo stringerlo finché qualcuno fra noi due esplode. Ti dirò, è un cinquanta e cinquanta. Bevo davvero tanto caffè.","ABER ER IST SO SCHÖN DICK! Ah, das liebe ich. Ich will ihn einfach nur drücken, bis einer von uns explodiert. Und die Chancen stehen ehrlich gesagt fifty-fifty. Weil ich so viel Kaffee trinke.","¡PERO ES QUE ES TAN GORDITO! ¡Ay! Me encanta. Lo apretujaría hasta que uno de los dos explote. La verdad es que las probabilidades están bastante igualadas. Ya, tomo demasiado café.",でも、すごいでぶっちょ！ ああ！ 最高！ 私たちのどちらかが爆発するまで絞り出したい。正直、確率は互角ですよ。私はこんなにたくさんコーヒーを飲むんだから。,하지만 너무 뚱.뚱.해.요! 아! 그래도 저는 좋아요. 둘 중 하나가 터질 때까지 꽉 안아주고 싶어요. 솔직히 확률은 꽤 비슷합니다. 커피를 너무 많이 마신 걸까요?,"ALE JEST TAKI SOLIDNY! Ach! Uwielbiam. Chciałabym go uściskać tak mocno, żeby któreś z nas wybuchło. Mamy jednakowe szanse. Piję za dużo kawy.","КАКОЙ ЖЕ ОН ЖИРНЫЙ! Я в восторге. Мне хочется сжимать его до тех пор, пока один из нас не лопнет. Если честно, то у нас практические шансы, ведь я пью так много кофе.",但它真够敦实的！啊！我很喜欢。我想好好捏一捏它，直到我们之中有人爆炸。说实话，这种几率非常小。我一定是咖啡喝太多了。,"Ah, eu amei! Que vontade de apertar até um de nós não aguentar mais e explodir. Honestamente, isso é bem possível. Eu bebo muito café.",但它好圓啊！啊！我好喜歡。我只想大力抱緊它，直到我們其中一個爆炸。說真的，是誰爆炸還很難說，畢竟我喝了很多咖啡。,"Ah! I love it. I just wanna squeeze it until one of us explodes. Honestly, the odds are pretty even. I drink so much coffee.","Ah! I love it. I just wanna squeeze it until one of us explodes. Honestly, the odds are pretty even. I drink so much coffee.","Ah! I love it. I just wanna squeeze it until one of us explodes. Honestly, the odds are pretty even. I drink so much coffee.","Ah! I love it. I just wanna squeeze it until one of us explodes. Honestly, the odds are pretty even. I drink so much coffee.",,Localized
Missions/Secondary/Minmus_LandHeavy/Objective,Text,,Land a vessel on Minmus with a current mass over 200 tons.,Posez un vaisseau d'une masse de plus de 200 tonnes à la surface de Minmus.,Atterra su Minmus con un veicolo di massa superiore a 200 tonnellate,Lande mit einem Raumfahrzeug mit einer aktuellen Masse von über 200 Tonnen auf Minmus.,Aterriza una nave en Minmus con una masa que supere las 200 toneladas.,カレント質量200トン以上の機体をミンマスに着陸させてください。,현재 질량 200톤 이상의 기체를 민무스에 착륙시키세요.,Wyląduj na Minmusie pojazdem o masie ponad 200 ton.,Посадите на Минмус аппарат массой более 200 тонн.,将一艘质量超过200吨的航天器在Minmus上着陆。,Aterrisse uma nave de 200 toneladas em Minmus.,駕駛當前質量超過200噸的載具在明穆斯星著陸。,Land a vessel on Minmus with a current mass over 200 tons.,Land a vessel on Minmus with a current mass over 200 tons.,Land a vessel on Minmus with a current mass over 200 tons.,Land a vessel on Minmus with a current mass over 200 tons.,,Localized
Missions/Secondary/Moho_ExperimentCroissant/Objective,Text,,Earn Science by returning a Surface Sample Report of the Croissant on Moho.,Gagnez de la Science en prélevant et ramenant sur Kerbin un échantillon de surface du croissant sur Moho.,Ottieni Scienza riportando un rapporto su un campione del Croissant di Moho,"Verdiene Wissenschaft, indem du eine Oberflächenprobe des Croissants auf Moho zurückbringst.",Consigue Ciencia al entregar un informe de muestra de la superficie del cruasán de Moho.,モーホーのクロワッサンの表面サンプルレポートを提出して、サイエンスポイントを獲得してください。,모호의 크루아상 지면 샘플을 제출하고 점수를 얻으세요.,"Zdobądź punkty badań, przywożąc raport o próbce powierzchni z Rogalika na Moho.","Получите очки науки, вернув отчет об образце грунта в Круассане на Мохо.",返回Moho上的羊角面包地表样本报告，获得科技点。,Ganhe Ciência retornando com um Relatório de Amostra de Superfície do Croissant em Moho.,傳回摩霍星上可頌形結構的表面樣本報告來獲得科學點數。,Earn Science by returning a Surface Sample Report of the Croissant on Moho.,Earn Science by returning a Surface Sample Report of the Croissant on Moho.,Earn Science by returning a Surface Sample Report of the Croissant on Moho.,Earn Science by returning a Surface Sample Report of the Croissant on Moho.,,Localized
Missions/Secondary/Moho_LandingMohole/Description,Text,,"Reaction Systems Ltd. sponsors a game show where if you submit a video of doing something really cool and you get the audience to react, you get a trophy!  I want that trophy, Director. The perfect paperweight! Plus, I have the coolest video idea!

First, you build a sick rocket that can fly a very long distance and is easy to maneuver! Next, we get a talented pilot to fly it to Moho. And then they fly that rocket straight down the Mohole in one-ish tries. Let's get that office supply!","SysRéac SARL sponsorise un jeu télévisé auquel on peut envoyer des vidéos de soi en train de faire quelque chose de classe. Si le public réagit bien à la vidéo, on peut recevoir un trophée. Je veux ce trophée, directeur ! C'est le presse-papiers idéal ! En plus, j'ai l'idée du siècle pour la vidéo !
 
 D'abord, on construit une fusée super classe qui est aérodynamique et facile à manœuvrer ! Ensuite, on envoie un pilote talentueux sur Moho, et on le fait atterrir en plein dans le Mohorifice du premier coup. Allez, il me faut ce presse-papiers !","La Reaction Systems Ltd. sta sponsorizzando un gioco televisivo in cui bisogna inviare un video dove si fa qualcosa di davvero fico: se il pubblico reagisce, ricevi un trofeo! Io voglio quel trofeo, direttore. Sarebbe un perfetto fermacarte! E poi ho un'idea incredibile per il video.
 
 Prima cosa: costruisci un razzo spettacolare che sia capace di coprire lunghe distanze e facile da manovrare! Seconda cosa: troviamo un pilota abbastanza abile da volare fino a Moho. Terza cosa: atterriamo con il razzo direttamente nel Mohole al primo colpo, più o meno. Procuriamoci quella cancelleria da ufficio!","Reaction Systems Ltd sponsert eine Gameshow, in der man eine Trophäe erhält, wenn das Publikum darauf reagiert, wie man in Videos richtig coole Sachen vorstellt! Diese Trophäe will ich haben, Direktor. Die wäre der perfekte Briefbeschwerer! Außerdem habe ich eine sehr coole Idee für ein Video.
 
 Erst baust du eine krasse Rakete, die eine richtig lange Strecke zurücklegen kann und leicht zu steuern ist! Dann besorgen wir ein Pilotentalent, um das Teil nach Moho zu fliegen. Und zum Schluss gibt es eine Punktlandung im Mohole! Schnappen wir uns diesen Büroartikel!","Reaction Systems Ltd. patrocina un concurso en el que la gente envía un vídeo haciendo algo chulo y, si obtienen una gran reacción del público, ¡reciben un trofeo! Quiero ese trofeo, dire. ¡Sería un pisapapeles perfecto! Además, ¡se me ha ocurrido una idea superguay para el vídeo!
 
 Primero, ¡construyes un cohete espectacular que pueda recorrer grandes distancias y sea fácil de maniobrar! A continuación, conseguimos que un piloto con talento vuele a Moho y aterrice en el Mohoyo directamente y a la primera. ¡Ese material de oficina será nuestro!","リアクション・システムズがゲーム・ショーを主催するんですが、そこに所長が本当にクールなことをしているビデオを提出して、観客からいい反応が得られると、トロフィーがもらえるんですよ！ そして所長、私はそのトロフィーが欲しいんです。文鎮にぴったりだから！ それに、最高にクールなビデオのアイデアはもうあります！
 
 まず、超長距離飛行できて操縦しやすいイカしたロケットを作るんです！ 次に、才能あるパイロットにモーホーまで飛んでもらう。そして最後に、一発勝負でモーホールにホールインワン着陸させる。あのオフィス用品をゲットしましょう！","리액션 시스템즈는 여러분이 멋지게 일하는 모습을 담은 비디오를 제출하는 게임 쇼를 후원합니다. 게임쇼에서 관객들에게 가장 많은 '좋아요'를 받으면 우승하게 됩니다. 국장님, 저는 우승해서 트로피를 받고 싶어요. 종이를 누르는 문진으로 쓰기 딱 좋더라고요! 게다가 저는 정말 멋진 영상을 만들만한 아이디어를 가지고 있어요!
 
 우선 장거리 비행이 가능하고, 조종하기도 쉬운 멋진 로켓을 만드는 거예요! 다음으로 모호로 날아갈 유능한 파일럿을 구합니다. 마지막으로 단 한 번의 시도로 모홀 아래로 날아가는 거죠! 어서 사무실에서 자세한 임무 계획을 수립해 보죠!","Systemy Reakcyjne Itd. organizują konkurs na filmik pokazujący, jak robisz coś naprawdę superaśnego. Jeśli twój filmik wzbudzi żywą reakcję widowni, otrzymasz puchar. I ja chcę dostać ten wazon! To idealny przycisk do papierów! Mam też odlotowy pomysł na filmik!
 
 Najpierw zbudujesz zarąbistą rakietę, taką bardzo długodystansową i łatwą w sterowaniu! Potem wyślemy w niej jakiegoś zdolnego pilota na Moho. No i wielki finał: pilot wyląduje za pierwszą próbą na samym dnie Mohole. Zdobądź dla mnie ten sprzęt biurowy!","ОАО «Реактивные Системы» спонсирует одно игровое телешоу. Его участники присылают видео, где они делают что-то реально крутое. Если зрителям нравится ролик, вы получаете приз! И, директор, я очень хочу этот приз — идеальное пресс-папье! К тому же у меня есть крутейшая идея для ролика!
 
 Прежде всего, вы построите ракету, которой легко управлять и которая способна улететь очень далеко! Затем мы найдем талантливого пилота, который полетит на ней на Мохо. И он с одного раза сядет в Бездонную воронку. Давайте получим заветный канцтовар!","反应系统有限公司赞助了一个游戏节目，如果你提交一段做某些非常酷炫的事情的视频，然后在观众中获得很好的反响，那就能夺得奖杯！我想要那个奖杯，局长。简直是完美的镇纸！而且我有个最酷炫的视频创意！
 
 首先，你要建造一枚能够飞行很长距离而且易于操作的火箭！接着，我们物色一名才华横溢的飞行员，让他飞往Moho。然后他们一次就成功将火箭直接射向Moho极地坑。我们快去把那件办公用品赢回家吧！","Os Sistemas de Reação Ltda. estão patrocinando um programa onde você precisa enviar um vídeo fazendo algo bem legal e, se conseguir uma boa reação do público, você ganha um troféu! E eu quero muito aquele troféu, chefe. O peso de papel perfeito! Além disso, tive a ideia mais legal de todas!
 
 Primeiro, você constrói um foguete incrível que consiga voar por uma longa distância e que seja fácil de pilotar! Depois, conseguimos um piloto talentoso para voar até Moho. E no fim, voamos aquele foguete direto no Mohole numa tentativa só. Vamos conseguir aqueles suprimentos de escritório!","反應系統有限公司贊助了一場競賽遊戲，只要你拍一支很酷的影片讓觀眾尖叫，就能得到獎盃！總監，我超想要那個獎盃，超適合拿來當紙鎮喔。而且我有超酷的影片點子
 
 ：先蓋一個能飛很遠又好操控的變態火箭，然後找個天才把它開去摩霍星，最後一步就是一飛進洞，直接插進摩霍星！我們來拿下那個辦公室用品吧！","Reaction Systems Ltd. is runnin’ a game show, and if ye send in a video that gets a big crowd reaction, they hand ye a trophy! And I want that trophy, Director. The ultimate desk ornament. The crown jewel of paperweights.

And I’ve got the perfect plan:

First—we build a sleek, nimble rocket that can go the distance and handle like a dream. Then—we get a real ace pilot, someone with nerves o’ steel and a love for gravity. They take that rocket all the way to <style=""OBJ-Moho"">Moho</style>...
and dive it straight into the Mohole, full send, one-ish tries.

Let’s go win that trophy. For science. For glory. For office décor!","Reaction Systems Ltd. sponsors a game show where if you submit a video of doing something really cool and you get the audience to react, you get a trophy!  I want that trophy, Director. The perfect paperweight! Plus, I have the coolest video idea!

First, you build a sick rocket that can fly a very long distance and is easy to maneuver! Next, we get a talented pilot to fly it to Moho. And then they fly that rocket straight down the Mohole in one-ish tries. Let's get that office supply!","Reaction Systems Ltd. sponsors a game show where if you submit a video of doing something really cool and you get the audience to react, you get a trophy!  I want that trophy, Director. The perfect paperweight! Plus, I have the coolest video idea!

First, you build a sick rocket that can fly a very long distance and is easy to maneuver! Next, we get a talented pilot to fly it to Moho. And then they fly that rocket straight down the Mohole in one-ish tries. Let's get that office supply!","Reaction Systems Ltd. sponsors a game show where if you submit a video of doing something really cool and you get the audience to react, you get a trophy!  I want that trophy, Director. The perfect paperweight! Plus, I have the coolest video idea!

First, you build a sick rocket that can fly a very long distance and is easy to maneuver! Next, we get a talented pilot to fly it to Moho. And then they fly that rocket straight down the Mohole in one-ish tries. Let's get that office supply!",,Localized
Missions/Secondary/Moho_LandingMohole/Name,Text,,Mohole In One,Champion du Mohorifice,MoHole in One,Mo-Hole-In-One,Mohoyo en uno,モーホール・イン・ワン,한방에 모홀,Mohole na dole,В лунку с одного удара,一杆入洞,Mohole na Caçapa,一次進洞,Mohole In One,Mohole In One,Mohole In One,Mohole In One,,Localized
Missions/Secondary/Moho_LandingMohole/Objective,Text,,Land in the Mohole on Moho.,Atterrissez dans le Mohorifice sur Moho.,Atterra nel MoHole su Moho,Lande im Mohole auf Moho.,Aterriza en el Mohoyo de Moho.,モーホーのモーホールに着陸してください。,모호의 모홀에 착륙하세요.,Wyląduj w Mohole na Moho.,Совершите посадку в Бездонной воронке на Мохо.,在Moho极地坑着陆。,Aterrisse em Mohole de Moho.,在摩霍星的摩霍洞著陸。,Land in the Mohole on Moho.,Land in the Mohole on Moho.,Land in the Mohole on Moho.,Land in the Mohole on Moho.,,Localized
Missions/Secondary/Mun_Flag/Objective,Text,,Plant a Flag within any Mare on the Mun.,Plantez un drapeau sur une mer de la Mune.,Pianta una bandiera su un mare di Mun,Stelle eine Flagge in einem Mare auf dem Mun auf.,Planta una bandera en los mares lunares de la Muna.,ムンの月の海に旗を立ててください。,문의 바다에 깃발을 꽂으세요.,Umieść flagę na muńskim Mare.,Установите флаг в лунном море Муны.,在Mun上的月海插旗。,Coloque uma bandeira em um mar de Mun.,在穆恩星的月海插一面旗子。,Plant a Flag within any Mare on the Mun.,Plant a Flag within any Mare on the Mun.,Plant a Flag within any Mare on the Mun.,Plant a Flag within any Mare on the Mun.,,Localized
Missions/Secondary/Mun_OrbitInclination/Objective,Text,,Orbit the Mun with an inclination of 70 degrees.,Orbitez la Mune avec une inclinaison de 70 degrés.,Entra in orbita intorno a Mun con un'inclinazione di 70 gradi,Begib dich in einem Neigungswinkel von 70 Grad in die Umlaufbahn des Mun.,Orbita la Muna con una inclinación de 70 grados.,70度の傾斜でムンを軌道周回してください。,문 주변에 70도로 기울어진 궤도에 위성을 배치해 보세요.,Wprowadź pojazd na orbitę wokół Muna o nachyleniu 70 stopni.,Выведите аппарат на орбиту вокруг Муны. Наклонение орбиты должно равняться 70 градусам.,以70度的倾角围绕Mun轨道运行,Entre em órbita em Mun com uma inclinação de 70 graus.,以70度傾角繞穆恩星飛行。,Orbit the Mun with an inclination of 70 degrees.,Orbit the Mun with an inclination of 70 degrees.,Orbit the Mun with an inclination of 70 degrees.,Orbit the Mun with an inclination of 70 degrees.,,Localized
Missions/Secondary/Pol_ExperimentHighlands/Objective,Text,,Perform a Radiation Observation in the Lowlands on Pol.,Réalisez une observation des radiations dans les basses-terres sur Pol.,Esegui delle osservazioni sulle radiazioni nei bassopiani di Pol,Führe eine Strahlungsbeobachtung in den Ebenen von Pol durch.,Lleva a cabo un estudio observacional de radiación en las tierras bajas de Pol.,ポルの低地で放射線観測を行ってください。,폴의 저지대에서 방사선 관측을 수행하세요.,Wykonaj rejestrację promieniowania na Nizinach na Pol.,Проведите исследования излучения в низинах Пола.,在Pol的低地进行一次辐射调查。,Faça uma Observação de Radiação nas Planícies de Pol.,在波爾星的低地進行一次輻射觀測。,Perform a Radiation Observation in the Lowlands on Pol.,Perform a Radiation Observation in the Lowlands on Pol.,Perform a Radiation Observation in the Lowlands on Pol.,Perform a Radiation Observation in the Lowlands on Pol.,,Localized
Missions/Secondary/Pol_Flag/Objective,Text,,Plant a flag on Pol.,Plantez un drapeau sur Pol.,Pianta una bandiera su Pol,Stelle eine Flagge auf Pol auf.,Planta una bandera en Pol.,ポルに旗を立ててください。,폴에 깃발을 꽂으세요.,Ustaw flagę na Pol.,Установите флаг на Поле.,在Pol上插旗。,Coloque uma bandeira em Pol.,在波爾星上插一面旗子。,Plant a flag on Pol.,Plant a flag on Pol.,Plant a flag on Pol.,Plant a flag on Pol.,,Localized
Missions/Secondary/Tylo_LandHeavy/Objective,Text,,Land a vessel on Tylo with a current mass of at least 300 tons.,Posez un vaisseau d'une masse d'au moins 300 tonnes à la surface de Tylo.,Atterra su Tylo con un veicolo di massa pari o superiore a 300 tonnellate,Lande mit einem Raumfahrzeug mit einer aktuellen Masse von mindestens 300 Tonnen auf Tylo.,Aterriza una nave en Tylo con una masa de 300 toneladas o más.,カレント質量が最低300トンの機体をタイローに着陸させてください。,현재 질량 최소 300톤 이상의 기체를 타일로에 착륙시키세요.,Wyląduj na Tylo pojazdem o masie bieżącej ponad 300 ton.,Посадите на Тайло аппарат массой не менее 300 тонн.,将一艘质量至少为300吨的航天器在Tylo上着陆。,Aterrisse uma nave em Tylo com uma massa atual de pelo menos 300 toneladas.,駕駛目前質量至少300噸的載具在泰羅星著陸。,Land a vessel on Tylo with a current mass of at least 300 tons.,Land a vessel on Tylo with a current mass of at least 300 tons.,Land a vessel on Tylo with a current mass of at least 300 tons.,Land a vessel on Tylo with a current mass of at least 300 tons.,,Localized
Missions/Secondary/Vall_LandLair/Objective,Text,,Locate the Kraken’s Lair on Vall.,Localisez l'antre du kraken sur Vall.,Trova la tana del kraken su Vall,Finde das Krakenversteck auf Vall.,Localiza la guarida del kraken en Vall.,ヴァルでクラーケンの巣を見つけてください。,발에서 크라켄의 동굴을 찾으세요.,Odszukaj leże krakena na Vall.,Найдите Логово кракена на Валле.,在Vall上找到海妖之巢。,Localize o Covil do Kraken em Vall.,在瓦爾星上找到海怪巢穴。,Locate the Kraken’s Lair on Vall.,Locate the Kraken’s Lair on Vall.,Locate the Kraken’s Lair on Vall.,Locate the Kraken’s Lair on Vall.,,Localized
Missions/Secondary/Drill_Exercise/Name,Text,,Drill Exercise,Forons !,Esercizio di Trivellazione,Die Bohrung,Prueba de perforación,Drill Exercise,Drill Exercise,Ćwiczenia z wiercenia,Буровые учения,钻探练习,Teste de Mineração,Drill Exercise,Drill Exercise,Drill Exercise,Drill Exercise,Drill Exercise,,Localized
Missions/MissionGranter/Name/MegaMining,Text,,Mega Mining Supplies Co,Méga Matériel de Minage Co.,Forniture Minerarie Mega & Co,Mega Mining Supplies Co,Suministros Mega Minería S.L,Mega Mining Supplies Co,Mega Mining Supplies Co,Mega Mining Supplies Co,Мега-Горнодобывающие Поставки и Ко,大型采矿物资公司,Mega Suprimentos de Mineração & Cia.,Mega Mining Supplies Co,Mega Mining Supplies Co,Mega Mining Supplies Co,Mega Mining Supplies Co,Mega Mining Supplies Co,,Localized
Missions/Secondary/Drill_Exercise/Objective,Text,,Extract 20 t of Carbon Regolith using the RD-03K Extendable Drill.,Extrayez 20 t de régolite carboné avec la foreuse déployable RD-03K.,Estrai 20 t di Regolite Carboniosa usando la trivella telescopica RD-03K,Extrahiere 20 t Kohlenstoff-Regolith mit dem ausfahrbaren RD-03K-Bohrer.,Extrae 20 t de regolito de carbón usando el RD-03K Extendable Drill.,Extract 20 t of Carbon Regolith using the RD-03K Extendable Drill.,Extract 20 t of Carbon Regolith using the RD-03K Extendable Drill.,Wykop 20 t Regolitu węglowego przy pomocy RD-03K Extendable Drill.,Добыть 20 тонн углеродного реголита с помощью буровой установки RD-03K.,使用RD-03K可展开式钻机提取20吨含碳表土。,Extraia 20 t de Carbon Regolith usando a RD-03K Extendable Drill.,Extract 20 t of Carbon Regolith using the RD-03K Extendable Drill.,Extract 20 t of Carbon Regolith using the RD-03K Extendable Drill.,Extract 20 t of Carbon Regolith using the RD-03K Extendable Drill.,Extract 20 t of Carbon Regolith using the RD-03K Extendable Drill.,Extract 20 t of Carbon Regolith using the RD-03K Extendable Drill.,,Localized
Missions/MissionGranter/Description/MegaMining,Text,,"Mega Mining Supplies Co is the proud owner of the largest assortment of mining-related items on the market. They boast a long history of sustainable mining practices on Kerbin, and now they're looking to expand their operation into the stars. Those precious ores aren't going to mine themselves!","Méga Matériel de Minage Co est fière de posséder le plus grand assortiment d'articles liés à l'exploitation minière du marché. Forts d'une longue tradition de pratiques minières durables sur Kerbin, ils cherchent désormais à étendre leurs activités jusqu'aux étoiles. Ces précieux minerais ne vont pas se miner touts seuls !",La Forniture Minerarie Mega & Co è l'orgogliosa proprietaria del più vasto assortimento di articoli per l'estrazione mineraria sul mercato. Vantano una lunga storia di pratiche minerarie sostenibili su Kerbin e ora stanno cercando di espandere le loro presenza tra le stelle. Quei preziosi minerali non si estrarranno mica da soli!,"Mega Mining Supplies Co ist stolzer Besitzer des größten Sortiments an bergbaubezogenen Ausrüstungsgegenständen auf dem Markt. Das Unternehmen kann auf eine lange Geschichte nachhaltiger Bergbaupraktiken auf Kerbin zurückblicken und plant nun, seine Aktivitäten auf die Sterne auszudehnen. Diese wertvollen Erze werden sich schließlich nicht von selbst abbauen!","Suministros Mega Minería S.L es el orgulloso propietario del mayor surtido de artículos relacionados con la minería del mercado. Cuenta con una larga trayectoria de prácticas mineras sostenibles en Kerbin, y ahora busca expandir su operación hacia las estrellas. ¡Esos valiosos minerales no se van a extraer solos!","Mega Mining Supplies Co is the proud owner of the largest assortment of mining-related items on the market. They boast a long history of sustainable mining practices on Kerbin, and now they're looking to expand their operation into the stars. Those precious ores aren't going to mine themselves!","Mega Mining Supplies Co is the proud owner of the largest assortment of mining-related items on the market. They boast a long history of sustainable mining practices on Kerbin, and now they're looking to expand their operation into the stars. Those precious ores aren't going to mine themselves!",Mega Mining Supplies Co jest dumnym właścicielem największego asortymentu przedmiotów związanych z górnictwem na rynku. Firma może pochwalić się długą historią zrównoważonego wydobycia na Kerbin i teraz planuje rozszerzyć swoją działalność w kosmos. Te cenne rudy same się nie wydobędą!,"Mega Mining Supplies Co. — гордый владелец крупнейшего ассортимента горнодобывающего оборудования на рынке! С гордостью применяют устойчивые методы добычи на Кербине, а теперь — выходят к звёздам. Ведь эти драгоценные руды сами себя не добудут!",大型采矿物资公司自豪地拥有市场上种类最丰富的采矿相关物品。他们在Kerbin拥有悠久的可持续采矿实践历史，如今正计划将业务扩展到星际空间。毕竟，那些珍贵的矿石可不会自己开采出来！,"A Mega Suprimentos de Mineração & Cia. orgulha-se de possuir a maior variedade de itens relacionados à mineração no mercado. A empresa ostenta um longo histórico de práticas de mineração sustentável em Kerbin e agora busca expandir suas operações para as estrelas. Afinal, aqueles minérios preciosos não vão ser extraídos sozinhos!","Mega Mining Supplies Co is the proud owner of the largest assortment of mining-related items on the market. They boast a long history of sustainable mining practices on Kerbin, and now they're looking to expand their operation into the stars. Those precious ores aren't going to mine themselves!","Mega Mining Supplies Co is the proud owner of the largest assortment of mining-related items on the market. They boast a long history of sustainable mining practices on Kerbin, and now they're looking to expand their operation into the stars. Those precious ores aren't going to mine themselves!","Mega Mining Supplies Co is the proud owner of the largest assortment of mining-related items on the market. They boast a long history of sustainable mining practices on Kerbin, and now they're looking to expand their operation into the stars. Those precious ores aren't going to mine themselves!","Mega Mining Supplies Co is the proud owner of the largest assortment of mining-related items on the market. They boast a long history of sustainable mining practices on Kerbin, and now they're looking to expand their operation into the stars. Those precious ores aren't going to mine themselves!","Mega Mining Supplies Co is the proud owner of the largest assortment of mining-related items on the market. They boast a long history of sustainable mining practices on Kerbin, and now they're looking to expand their operation into the stars. Those precious ores aren't going to mine themselves!",,Localized
Missions/Secondary/Drill_Exercise/Debrief01,Text,,"I'm so embarrassed, Director. I forgot to take my carb-free donuts out of the oven and they triggered the fire alarm.","Je suis très embarrassée, Directeur. J'ai oublié de retirer du four mes donuts sans glucide et ça a déclenché l'alarme incendie.","Sono così imbarazzata, direttore. Ho dimenticato di togliere le mie ciambelle senza carbo dal forno e hanno fatto scattare l'allarme antincendio.","Das ist mir so peinlich Direktor. Ich habe vergessen, meine Kohlenstofffreien Donuts aus dem Ofen zu nehmen... Es kam wie es kommen musste und sie lösten den Feueralarm aus.","Estoy muy avergonzado, Director. Olvidé sacar mis donuts bajas en carbohidratos del horno y activaron la alarma de incendio","I'm so embarrassed, Director. I forgot to take my carb-free donuts out of the oven and they triggered the fire alarm.","I'm so embarrassed, Director. I forgot to take my carb-free donuts out of the oven and they triggered the fire alarm.","Strasznie mi głupio, Dyrektorze. Zapomniałam wyjąć moje niskowęglowodanowe pączki z pieca i spowodowały alarm przeciwpożarowy.","Директор, мне так стыдно... Я... э-э-э... забыла свои ""безуглеводные пончики"" в духовке Центра управления и это они включили пожарную тревогу.",局长，太不好意思了。我忘了把无碳水甜甜圈从烤箱里拿出来，结果它们触发了火警。,"Estou tão envergonhado, Diretor. Esqueci de tirar meus donuts sem carboidratos do forno e eles acionaram o alarme de incêndio.","I'm so embarrassed, Director. I forgot to take my carb-free donuts out of the oven and they triggered the fire alarm.","I'm so embarrassed, Director. I forgot to take my carb-free donuts out of the oven and they triggered the fire alarm.","I'm so embarrassed, Director. I forgot to take my carb-free donuts out of the oven and they triggered the fire alarm.","I'm so embarrassed, Director. I forgot to take my carb-free donuts out of the oven and they triggered the fire alarm.","I'm so embarrassed, Director. I forgot to take my carb-free donuts out of the oven and they triggered the fire alarm.",,Localized
Missions/Secondary/Drill_Exercise/Debrief02,Text,,"Oh, you managed to find some carbon! Wait a second- this doesn't look edible at all.","Ah, vous avez réussi à trouver du carbone ! Attendez un peu… ça n'a pas l'air comestible du tout.","Oh, sei riuscita a trovare del carbonio! Aspetta un attimo- questo non sembra affatto commestibile.","Oh, du hast es geschafft etwas Kohlenstoff zu finden! Warte Mal- Das sieht ja ganz und gar nicht genießbar aus.","¡Oh, has encontrado algo de carbón! Espera un momento- Esto no parece muy comestible.","Oh, you managed to find some carbon! Wait a second- this doesn't look edible at all.","Oh, you managed to find some carbon! Wait a second- this doesn't look edible at all.","Oh, udało ci się znaleźć trochę węgla! Poczekaj chwilkę- to ani trochę nie wygląda na zjadliwe.","Оу, вам удалось найти углерод! Погодите-ка секунду.... Он вовсе не выглядит съедобным....",哦，你还真找到碳了！等一下——这东西看起来一点都不能吃啊。,"Ah, você conseguiu encontrar um pouco de carbono! Espere um pouco — isso não parece nem um pouco comestível.","Oh, you managed to find some carbon! Wait a second- this doesn't look edible at all.","Oh, you managed to find some carbon! Wait a second- this doesn't look edible at all.","Oh, you managed to find some carbon! Wait a second- this doesn't look edible at all.","Oh, you managed to find some carbon! Wait a second- this doesn't look edible at all.","Oh, you managed to find some carbon! Wait a second- this doesn't look edible at all.",,Localized
Missions/Secondary/Drill_Exercise/Debrief03,Text,,Oh well. At least the drill worked flawlessly. I wonder if i can put this stuff in my coffee to make it darker.,Tant pis. Au moins la foreuse a fonctionné sans problème. Je me demande si je peux mettre ça dans mon café pour le noircir.,Vabbè. Almeno la trivella ha funzionato alla perfezione. Chissà se posso mettere questa roba nel caffè per renderlo più scuro.,"Nun ja. Immerhin hat der Bohrer ohne Probleme gebohrt. Ich frag mich ja, ob ich dieses Zeug in meinen Kaffee machen kann, damit er stärker wird.",Oh bueno. Al menos el taladro funcionó de maravilla. Me pregunto si podría poner un poco de esto en el café para oscurecerlo.,Oh well. At least the drill worked flawlessly. I wonder if i can put this stuff in my coffee to make it darker.,Oh well. At least the drill worked flawlessly. I wonder if i can put this stuff in my coffee to make it darker.,"No cóż. Przynajmniej wiertło działało bezbłędnie. Ciekawe, czy gdybym wsadziła to do mojej kawy, zrobiłaby się ciemniejsza.","Ну что ж. Хоть бур сработал безупречно. Интересно, можно ли эту штуку добавить в кофе, чтобы сделать его темнее?",唉，算了。至少钻机运转得毫无问题。我在想，能不能把这东西加进咖啡里，让咖啡颜色更深一点呢。,Fazer o quê. Pelo menos a furadeira funcionou perfeitamente. Será que dá para colocar isso no meu café para deixá-lo mais escuro?,Oh well. At least the drill worked flawlessly. I wonder if i can put this stuff in my coffee to make it darker.,Oh well. At least the drill worked flawlessly. I wonder if i can put this stuff in my coffee to make it darker.,Oh well. At least the drill worked flawlessly. I wonder if i can put this stuff in my coffee to make it darker.,Oh well. At least the drill worked flawlessly. I wonder if i can put this stuff in my coffee to make it darker.,Oh well. At least the drill worked flawlessly. I wonder if i can put this stuff in my coffee to make it darker.,,Localized
Missions/Secondary/Eeloo_ISRU/Objective,Text,,Produce 50 t of Hydrogen using the CV-TR04 Resource Converter at Eeloo.,Produisez 50 t d'hydrogène en utilisant le convertisseur de ressource CV-TR034 sur Eeloo,Produci 50 t di Idrogeno usando il Convertitore di Risorse CV-TR04 su Eeloo,Produziere 50 Tonnen Wasserstoff mit dem Ressourcen Converter TR04 auf Eeloo.,Produce 50 T de Hidrógeno usando el Conversor de Recursos CV-TR04 en Eeloo.,Produce 50 t of Hydrogen using the CV-TR04 Resource Converter at Eeloo.,Produce 50 t of Hydrogen using the CV-TR04 Resource Converter at Eeloo.,Wyprodukuj 50 t Wodoru przy pomocy CV-TR03 Resource Converter na Eeloo.,Произвести 50 тонн водорода с помощью конвертера CV-TR04 на поверхности Илу,在Eeloo使用CV-TR04资源转换器生产50吨氢。,Produza 50 t de hidrogênio usando o Conversor de Recursos CV-TR04 em Eeloo.,Produce 50 t of Hydrogen using the CV-TR04 Resource Converter at Eeloo.,Produce 50 t of Hydrogen using the CV-TR04 Resource Converter at Eeloo.,Produce 50 t of Hydrogen using the CV-TR04 Resource Converter at Eeloo.,Produce 50 t of Hydrogen using the CV-TR04 Resource Converter at Eeloo.,Produce 50 t of Hydrogen using the CV-TR04 Resource Converter at Eeloo.,,Localized
Missions/Secondary/Eeloo_ISRU/Name,Text,,In-Situ Refueling,Le plein sur le terrain,Rifornimento In-Situ,In-Situ Auftanken,Reabastecimiento In-Situ,In-Situ Refueling,In-Situ Refueling,Tankowanie Na-Miejscu,Дозаправка на месте,就地补充燃料,Reabastecimento <i>in situ</i>,In-Situ Refueling,In-Situ Refueling,In-Situ Refueling,In-Situ Refueling,In-Situ Refueling,,Localized
Missions/Secondary/Eeloo_ISRU/Debrief01,Text,,"Woah, thats a lot of hydrogen! Looks like the our friends at R&D were right about Eeloo!","Wow, ça fait beaucoup d'hydrogène ! Apparement nos amis du R&D avait raison à propos d'Eeloo !","Wow, questo è un sacco di idrogeno! A quanto pare i nostri amici della R&S avevano ragione su Eeloo!",Boah ist das eine Menge Wasserstoff! Sieht aus als ob unsere Freunde aus der R&D Abteilung richtig mit Eeloo lagen.,"Buah, eso es muchísimo hidrógeno. Parece que nuestros compis de I+D tenían razón sobre Eeloo","Woah, thats a lot of hydrogen! Looks like the our friends at R&D were right about Eeloo!","Woah, thats a lot of hydrogen! Looks like the our friends at R&D were right about Eeloo!","Wow, to całkiem sporo wodoru! Wygląda na to, że nasi przyjaciele z R&D mieli rację co do Eeloo!","Воу, так много водорода! Похоже наши друзья из отдела исследований были правы на счет Илу!",哇，这氢可真不少啊！看来研发部门的同事们对Eeloo的判断是对的！,"Uau, isso é muito hidrogênio! Parece que nossos amigos da P&D tinham razão sobre Eeloo!","Woah, thats a lot of hydrogen! Looks like the our friends at R&D were right about Eeloo!","Woah, thats a lot of hydrogen! Looks like the our friends at R&D were right about Eeloo!","Woah, thats a lot of hydrogen! Looks like the our friends at R&D were right about Eeloo!","Woah, thats a lot of hydrogen! Looks like the our friends at R&D were right about Eeloo!","Woah, thats a lot of hydrogen! Looks like the our friends at R&D were right about Eeloo!",,Localized
Missions/Secondary/Eeloo_ISRU/Description,Text,,"Our friends at R&D want us to validate their hypothesis that Eeloo could be a great place for in-situ fuel production. Since Eeloo is basically a giant snowball, it should be possible to mine some of its water ice and turn it into useful hydrogen propellant using a nifty pocket-sized fuel factory provided by Mega Mining Supplies Co. I personally believe we should use the water to brew the first interplanetary coffee, but R&D told me ""Keri, while you may be able to run on coffee, our rockets can't"". <i>Grumble</i>. They don't have an ounce of creativity in that department.
You'll need to find a way to deal with the lack of sunlight at Eeloo to get enough power to run an entire ISRU setup. Don't forget to bring a scanner too. If this works, not only will we make the R&D department very happy, it will also open up the possibility to produce fuel and coffee anywhere we want!","Nos amis du R&D veulent que l'on valide leur hypothèse qu'Eeloo soit un super endroit pour la production de carburant in-situ. Étant donné qu'Eeloo est grosso-modo une boule de neige géante, il devrait être possible de miner un peu de sa glace d'eau et la transformer en ergol à hydrogène à l'aide d'une astucieuse usine de carburant de poche fournie par Méga Matériel de Minage Co. Je pense personnellement que nous devrions utiliser cette eau pour faire le premier café interplanétaire, mais R&D m'a dit « Keri, peut-être que toi tu peux tourner au café, mais nos fusées non ». <i>Grognement</i>. Ils n'ont pas une once de créativité dans ce département.
Vous allez devoir trouver un moyen de faire avec le manque de lumière sur Eeloo pour avoir assez d'énergie pour faire tourner une chaîne de production entière. N'oubliez pas non plus d'emporter un scanner. Si ça marche, non seulement nous allons rendre le département R&D très heureux, mais cela nous ouvrira aussi la possibilité de produire du carburant et du café n'importe où !","I nostri amici del reparto Ricerca e Sviluppo vogliono che convalidiamo la loro ipotesi: Eeloo potrebbe essere il posto ideale per la produzione di carburante in-situ. Dato che Eeloo è fondamentalmente una gigantesca palla di neve, dovrebbe essere possibile estrarre un po' del suo ghiaccio d'acqua e trasformarlo in utile propellente all'idrogeno, usando una fantastica fabbrica di carburante tascabile offerta dalla Forniture Minerarie Mega & Co. Personalmente credo che dovremmo usare quell'acqua per preparare il primo caffè interplanetario, ma la R&S mi ha risposto: 'Keri, tu potrai anche andare a caffè, ma i nostri razzi no'. <i>Brontolio <i>. Non hanno un briciolo di creatività in quel dipartimento.
Dovrai trovare un modo per gestire la mancanza di luce solare su Eeloo e ottenere energia sufficiente a far funzionare l'intero sistema ISRU. Non dimenticare di portare anche uno scanner. Se funziona, non solo faremo felice il reparto R&S, ma si aprirà anche la possibilità di produrre carburante e caffè ovunque vogliamo!","Unsere Freunde aus der R&D-Abteilung möchten ihre Hypothese überprüfen, dass Eeloo ein großartiger Ort für die In-Situ-Treibstoffproduktion sein könnte. Da Eeloo im Grunde ein riesiger Schneeball ist, sollte es möglich sein, etwas von seinem Wassereis abzubauen und mit einer handlichen, taschengroßen Treibstofffabrik von Mega Mining Supplies Co. in brauchbaren Wasserstoff-Treibstoff umzuwandeln. Persönlich bin ich der Meinung, wir sollten das Wasser lieber nutzen, um den ersten interplanetaren Kaffee zu brauen – aber die R&D-Abteilung meinte nur: „Keri, auch wenn du auf Kaffee läufst, tun unsere Raketen das nicht.“ Grummel. Die haben einfach keinen Funken Kreativität in der Hinsicht.

Du musst dir etwas einfallen lassen, um das fehlende Sonnenlicht auf Eeloo wieder gut zu machen und genug Energie für die gesamte ISRU-Anlage zu erzeugen. Vergiss auch den Scanner nicht. Wenn das klappt, machen wir nicht nur die R&D-Abteilung glücklich, sondern eröffnen auch die Möglichkeit, Treibstoff – und Kaffee – überall im All zu produzieren!","Nuestros amigos en Investigación + Desarrollo quiere que validemos su hipótesis de que Eeloo pudiera ser un buen lugar para producir combustible in-situ. Ya que Eeloo es prácticamente una bola de nieve gigante, debería ser posible de recolectar parte de su hielo y convertirlo en un más práctico propelente de Hidrógeno usando una ingeniosa refinadora de combustible de bolsillo suministrada por Mega Mining Supplies Co. Personalmente opino que deberían utilizar ese agua para hacer el primer café interplanetario pero I+D opina que: ""Keri, aunque tu puedas funcionar a base de café, nuestros cohetes no."" <i>Rosmando</i>. No tienen una pizca de creatividad en ese departamento. Vas a necesitar una forma de lidiar con la falta de luz solar en Eeloo para conseguir suficiente energía y poder hacer funcionar todo el montaje de un Procesador de Combustible in-Situ (PCIS). No te olvides de llevarte también un escáner. Si esto llega a funcionar no solo contentaremos mucho al departemento de I+D, sino que también ¡abre la oportunidad de producir café y combustible en cualquier sitio que queramos!","Our friends at R&D want us to validate their hypothesis that Eeloo could be a great place for in-situ fuel production. Since Eeloo is basically a giant snowball, it should be possible to mine some of its water ice and turn it into useful hydrogen propellant using a nifty pocket-sized fuel factory provided by Mega Mining Supplies Co. I personally believe we should use the water to brew the first interplanetary coffee, but R&D told me ""Keri, while you may be able to run on coffee, our rockets can't"". <i>Grumble</i>. They don't have an ounce of creativity in that department.
You'll need to find a way to deal with the lack of sunlight at Eeloo to get enough power to run an entire ISRU setup. Don't forget to bring a scanner too. If this works, not only will we make the R&D department very happy, it will also open up the possibility to produce fuel and coffee anywhere we want!","Our friends at R&D want us to validate their hypothesis that Eeloo could be a great place for in-situ fuel production. Since Eeloo is basically a giant snowball, it should be possible to mine some of its water ice and turn it into useful hydrogen propellant using a nifty pocket-sized fuel factory provided by Mega Mining Supplies Co. I personally believe we should use the water to brew the first interplanetary coffee, but R&D told me ""Keri, while you may be able to run on coffee, our rockets can't"". <i>Grumble</i>. They don't have an ounce of creativity in that department.
You'll need to find a way to deal with the lack of sunlight at Eeloo to get enough power to run an entire ISRU setup. Don't forget to bring a scanner too. If this works, not only will we make the R&D department very happy, it will also open up the possibility to produce fuel and coffee anywhere we want!","Nasi znajomi z działu BR chcą, żebyśmy zweryfikowali ich hipotezę, że Eeloo może być świetnym miejscem do produkcji paliwa na miejscu. Ponieważ Eeloo jest w zasadzie gigantyczną śnieżką, powinno być możliwe wydobycie części lodu wodnego i przekształcenie go w użyteczne paliwo wodorowe przy użyciu sprytnej, kieszonkowej fabryki paliwa dostarczonej przez Mega Mining Supplies Co. Osobiście uważam, że powinniśmy wykorzystać tę wodę do zaparzenia pierwszej międzyplanetarnej kawy, ale dział BR powiedział mi: „Keri, może ty jesteś w stanie funkcjonować na kawie, ale nasze rakiety nie”. <i>Narzekam</i>. Nie mają ani odrobiny kreatywności w tym dziale.

Będziesz musiał znaleźć sposób na poradzenie sobie z brakiem światła słonecznego na Eeloo, aby uzyskać wystarczającą moc do zasilania całego zestawu ISRU. Nie zapomnij też zabrać skanera. Jeśli to zadziała, nie tylko sprawimy ogromną radość działowi badań i rozwoju, ale także otworzymy możliwość produkcji paliwa i kawy gdziekolwiek zechcemy!","Наши коллеги из отдела исследований настаивают, что Илу — идеальная площадка для организации добычи топлива на месте. Учитывая, что этот объект представляет собой, по сути, гигантский ледяной шар, теоретически мы можем: Добыть местный водяной лёд, превратить его в полезный водородный пропеллент и затем использовать новейшую портативную фабрику от Мега-Горнодобывающие Поставки и Ко. Лично я считаю, что эту воду лучше использовать для первого в истории межпланетного кофе, но в отделе исследований мне сказали: ""Кери, может, ты и работаешь на кофе, но наши ракеты — нет."" <ворчит> В этом отделе ноль креатива.
Вам нужно будет решить проблему с нехваткой солнечного света на Илу, чтобы обеспечить энергией всю установку Добычи и переработки . И не забудьте взять сканер! Если у нас получится, мы не только осчастливим отдел исследований , но и откроем возможность производить топливо (и кофе!) где угодно!","研发部门的同事想让我们验证他们的假设：Eeloo或许是进行燃料就地生产的绝佳地点。既然Eeloo基本上就是个巨型雪球，理论上应该能开采其水冰，再用大型采矿物资公司提供的那款小巧玲珑的便携式燃料工厂，将水冰转化为可用的氢进剂。我个人觉得，我们应该用这水来冲泡第一杯星际咖啡才对，但研发部门跟我说：“Keri，你或许能靠咖啡过日子，但咱们的火箭可不行。”<i>哼</i>，他们在这方面真是一点创造力都没有。
你得想办法解决Eeloo光照不足的问题，以获取足够电力来运行整套ISRU（资源就地利用）装置。别忘了带上扫描仪。要是这事能成，不仅能让研发部门喜出望外，还将开启在任何地方生产燃料和咖啡的可能性呢！","O pessoal de P&D quer que validemos a hipótese de que Eeloo seria um ótimo local para a produção de combustível <i>in situ</i>. Como Eeloo é basicamente uma bola de neve gigante, deve ser possível extrair parte do gelo de água e transformá-lo em propelente de hidrogênio útil, usando uma engenhosa fábrica de combustível de bolso fornecida pela Mega Suprimentos de Mineração & Cia. Eu, pessoalmente, acho que deveríamos usar a água para preparar o primeiro café interplanetário, mas o pessoal de P&D me disse: ""Keri, embora você consiga funcionar à base de café, nossos foguetes não"". <i>Resmungo</i>. Falta qualquer pingo de criatividade naquele departamento.
Você precisará encontrar uma maneira de lidar com a falta de luz solar em Eeloo para obter energia suficiente para operar todo o sistema ISRU. Não se esqueça de levar um scanner também. Se isso der certo, não só deixaremos o departamento de P&D muito feliz, como também abriremos a possibilidade de produzir combustível e café onde quisermos!","Our friends at R&D want us to validate their hypothesis that Eeloo could be a great place for in-situ fuel production. Since Eeloo is basically a giant snowball, it should be possible to mine some of its water ice and turn it into useful hydrogen propellant using a nifty pocket-sized fuel factory provided by Mega Mining Supplies Co. I personally believe we should use the water to brew the first interplanetary coffee, but R&D told me ""Keri, while you may be able to run on coffee, our rockets can't"". <i>Grumble</i>. They don't have an ounce of creativity in that department.
You'll need to find a way to deal with the lack of sunlight at Eeloo to get enough power to run an entire ISRU setup. Don't forget to bring a scanner too. If this works, not only will we make the R&D department very happy, it will also open up the possibility to produce fuel and coffee anywhere we want!","Our mates over in R&D want us to test their grand idea that Eeloo might be prime territory for makin’ fuel on the fly. Bein’ a massive cosmic snowball, Eeloo’s packed with water ice just waitin’ to be turned into hydrogen propellant, usin’ a fancy pocket-sized fuel rig from our chums at Mega Mining Supplies Co.

Now, between you and me, I’d rather use that water to brew the first cup o’ interplanetary coffee, but R&D gave me the ol’ “Keri, while you may run on coffee, our rockets can’t.” Grumble. No imagination, those lot.

You’ll need to sort out power first—the sun don’t shine kindly out there, so keep that in mind when packin’ your ISRU kit. Don’t forget a scanner either. If this works, we’ll not only please the lab coats back home, we might just earn ourselves the right to brew rocket fuel and espresso anywhere in the system!","Our friends at R&D want us to validate their hypothesis that Eeloo could be a great place for in-situ fuel production. Since Eeloo is basically a giant snowball, it should be possible to mine some of its water ice and turn it into useful hydrogen propellant using a nifty pocket-sized fuel factory provided by Mega Mining Supplies Co. I personally believe we should use the water to brew the first interplanetary coffee, but R&D told me ""Keri, while you may be able to run on coffee, our rockets can't"". <i>Grumble</i>. They don't have an ounce of creativity in that department.
You'll need to find a way to deal with the lack of sunlight at Eeloo to get enough power to run an entire ISRU setup. Don't forget to bring a scanner too. If this works, not only will we make the R&D department very happy, it will also open up the possibility to produce fuel and coffee anywhere we want!","Our friends at R&D want us to validate their hypothesis that Eeloo could be a great place for in-situ fuel production. Since Eeloo is basically a giant snowball, it should be possible to mine some of its water ice and turn it into useful hydrogen propellant using a nifty pocket-sized fuel factory provided by Mega Mining Supplies Co. I personally believe we should use the water to brew the first interplanetary coffee, but R&D told me ""Keri, while you may be able to run on coffee, our rockets can't"". <i>Grumble</i>. They don't have an ounce of creativity in that department.
You'll need to find a way to deal with the lack of sunlight at Eeloo to get enough power to run an entire ISRU setup. Don't forget to bring a scanner too. If this works, not only will we make the R&D department very happy, it will also open up the possibility to produce fuel and coffee anywhere we want!","Our friends at R&D want us to validate their hypothesis that Eeloo could be a great place for in-situ fuel production. Since Eeloo is basically a giant snowball, it should be possible to mine some of its water ice and turn it into useful hydrogen propellant using a nifty pocket-sized fuel factory provided by Mega Mining Supplies Co. I personally believe we should use the water to brew the first interplanetary coffee, but R&D told me ""Keri, while you may be able to run on coffee, our rockets can't"". <i>Grumble</i>. They don't have an ounce of creativity in that department.
You'll need to find a way to deal with the lack of sunlight at Eeloo to get enough power to run an entire ISRU setup. Don't forget to bring a scanner too. If this works, not only will we make the R&D department very happy, it will also open up the possibility to produce fuel and coffee anywhere we want!",,Localized
Missions/Secondary/Eeloo_ISRU/Debrief03,Text,,Except Vall. Attempt no landings there...,Sauf Vall. N'essayez pas de vous y poser...,Tranne su Vall. Non tentate nessun atterraggio...,Außer Vall. Auf dem Eis-Loch gab es bisher noch kein Landeversuche.,Excepto Vall. No intenten aterrizajes en allí.,Except Vall. Attempt no landings there...,Except Vall. Attempt no landings there...,Z wyjątkiem Vall. Nie próbujcie tam lądować...,Кроме Валла. Не пытайтесь там садиться...,不过Vall除外。严禁在那里尝试着陆……,Exceto Vall. Não tentem pousar lá...,Except Vall. Attempt no landings there...,Except Vall. Attempt no landings there...,Except Vall. Attempt no landings there...,Except Vall. Attempt no landings there...,Except Vall. Attempt no landings there...,,Localized
Missions/Secondary/Eeloo_ISRU/Debrief02,Text,,"This is huge, Director. Now that we have proven we can produce things using local resources far out in the Kerbol system, no destination is beyond reach.","C'est incroyable, Directeur. Maintenant que nous avons prouvé que nous pouvions produire des choses avec les ressources locales loin dans le système kerbolaire, aucune destination n'est hors d'atteinte.","Questo è un traguardo enorme, Direttore. Ora che abbiamo dimostrato di poter produrre risorse sul posto anche ai confini del sistema Kerbol, nessuna destinazione è più fuori dalla nostra portata.","Das ist gewaltig, Direktor. Jetzt, da wir bewiesen haben, dass wir Dinge mit lokalen Ressourcen weit draußen im Kerbol-System herstellen können, ist kein Ziel mehr außer Reichweite.","Esto es brutal, Director. Ahora que hemos demostrado que podemos producir cosas usando los recursos locales del sistema Kerbol, no existe ningún destino inalcanzable.","This is huge, Director. Now that we have proven we can produce things using local resources far out in the Kerbol system, no destination is beyond reach.","This is huge, Director. Now that we have proven we can produce things using local resources far out in the Kerbol system, no destination is beyond reach.","To wielka sprawa, Dyrektorze. Teraz, gdy udowodniliśmy, że potrafimy produkować rzeczy wykorzystując lokalne zasoby daleko w układzie Kerbol, żadna destynacja nie jest poza naszym zasięgiem.","Директор, это прорыв! Теперь, когда мы можем использовать местные ресурсы даже на краю системы Кербола, для нас нет недостижимых целей!",局长，这意义重大。既然我们已经证明，在Kerbol星系中的遥远行星上可以利用当地资源生产物资，那么没有任何目的地是我们无法抵达的。,"Isso é um grande feito, Diretor. Agora que provamos ser capazes de produzir itens utilizando recursos locais nas regiões mais distantes do sistema Kerbol, nenhum destino está fora de alcance.","This is huge, Director. Now that we have proven we can produce things using local resources far out in the Kerbol system, no destination is beyond reach.","This is huge, Director. Now that we have proven we can produce things using local resources far out in the Kerbol system, no destination is beyond reach.","This is huge, Director. Now that we have proven we can produce things using local resources far out in the Kerbol system, no destination is beyond reach.","This is huge, Director. Now that we have proven we can produce things using local resources far out in the Kerbol system, no destination is beyond reach.","This is huge, Director. Now that we have proven we can produce things using local resources far out in the Kerbol system, no destination is beyond reach.",,Localized
Missions/Secondary/Eeloo_ISRU/Debrief04,Text,,"I'm just kidding, Director. I've heard it's actually pretty <i>n-ice</i>.","Je plaisante, Directeur. Je voudrais pas jeter un <i>froid</i>.","Sto solo scherzando, Direttore. Ho sentito dire che in realtà è un posto veramente <i>fresco</i>.","War nur ein Scherz, Direktor. Ich habe gehört, es soll dort wirklich ziemlich <i>n-ice</i> sein.","Es cachondeo, Director. He oído que de hecho te dejará <i>helado</i>.","I'm just kidding, Director. I've heard it's actually pretty <i>n-ice</i>.","I'm just kidding, Director. I've heard it's actually pretty <i>n-ice</i>.","Tylko sobie żartuje, Dyrektorze. Słyszałam, że tak naprawdę jest całkiem <i>f-ajnie</i>.","Да шучу я, Директор! Говорят, там вполне... <i> очень бодряще</i>.",局长，我只是开个玩笑啦。听说那儿其实挺<i>冰</i>纷有趣的呢。,"Estou só brincando, Chefe. Ouvi dizer que, na verdade, é bem <i>legal</i>.","I'm just kidding, Director. I've heard it's actually pretty <i>n-ice</i>.","I'm just kidding, Director. I've heard it's actually pretty <i>n-ice</i>.","I'm just kidding, Director. I've heard it's actually pretty <i>n-ice</i>.","I'm just kidding, Director. I've heard it's actually pretty <i>n-ice</i>.","I'm just kidding, Director. I've heard it's actually pretty <i>n-ice</i>.",,Localized
Missions/Secondary/Eeloo_ISRU/Debrief05,Text,,"That's all from me. Congratulations on mastering the art of producing fuel out of ice and rocks, and don't forget to send me an interplanetary coffee sample sometime!","C'est tout pour moi. Félicitations pour avoir maîtrisé l'art de produire du carburant à partir de glace et de cailloux, et n'oubliez de m'envoyer un échantillon de café interplanétaire un jour ou l'autre !","Da parte mia è tutto. Congratulazioni per aver dominato l'arte di produrre carburante dal ghiaccio e dalle rocce, e non dimenticarti di mandarmi un campione di quel caffè interplanetario, prima o poi!","Das war’s von mir. Glückwunsch, dass du die Kunst beherrschst, Treibstoff aus Eis und Gestein herzustellen – und vergiss nicht, mir irgendwann eine Probe vom interplanetaren Kaffee zu schicken!",Y hasta aquí. Enhorabuena en dominar el arte de producir combustible a partir de hielo y rocas ¡y no te olvides de mandarme una muestra de café interplanetario!,"That's all from me. Congratulations on mastering the art of producing fuel out of ice and rocks, and don't forget to send me an interplanetary coffee sample sometime!","That's all from me. Congratulations on mastering the art of producing fuel out of ice and rocks, and don't forget to send me an interplanetary coffee sample sometime!","Ode mnie to tyle. Gratulacje za opanowanie sztuki produkcji paliwa z lodu i skał, i nie zapomnij kiedyś przesłać mi próbki międzyplanetarnej kawy!",Ну вот и всё от меня! Поздравляю с освоением технологии добычи топлива из льда и камней — и не забудьте как-нибудь прислать мне образец межпланетного кофе!,我要说的就这些啦。祝贺你掌握了用冰和岩石生产燃料的本事，改天别忘了寄给我一份星际咖啡样品哦！,"Por enquanto, é só. Parabéns por dominar a arte de produzir combustível a partir de gelo e rochas — e não se esqueça de me enviar uma amostra de café interplanetário algum dia!","That's all from me. Congratulations on mastering the art of producing fuel out of ice and rocks, and don't forget to send me an interplanetary coffee sample sometime!","That's all from me. Congratulations on mastering the art of producing fuel out of ice and rocks, and don't forget to send me an interplanetary coffee sample sometime!","That's all from me. Congratulations on mastering the art of producing fuel out of ice and rocks, and don't forget to send me an interplanetary coffee sample sometime!","That's all from me. Congratulations on mastering the art of producing fuel out of ice and rocks, and don't forget to send me an interplanetary coffee sample sometime!","That's all from me. Congratulations on mastering the art of producing fuel out of ice and rocks, and don't forget to send me an interplanetary coffee sample sometime!",,Localized
Missions/MissionGranter/Description/ShallowStone,Text,,"Shallow Stone Interstellar Ltd. stores your shiny rocks in style. Founded by Opal Kerman, Kerbin's most famous jewelry designer, Shallow Stone has a long history of providing only the best for its customers both on and off planet.","Gravier Interstellaire & Co. stocke vos cailloux brillants avec style. Fondée par Opal Kerman, le joaillier le plus populaire de Kerbin, Gravier offre le meilleur à ses clients à la fois sur et hors planète depuis longtemps.","La Shallow Stone Interstellar Ltd. custodisce le tue pietre luccicanti con stile. Fondata da Opal Kerman, la più famosa designer di gioielli di Kerbin, la Shallow Stone vanta una lunga storia nel fornire solo il meglio ai propri clienti, sia sul pianeta che fuori.","Shallow Stone Interstellar GmbH lagert deine glänzenden Steine mit Stil. Gegründet von Opal Kerman, Kerbins berühmtester Schmuckdesignerin, hat Shallow Stone eine lange Tradition darin, nur das Beste für ihre Kundschaft – auf und jenseits von Kerbin – bereitzustellen.","Shallow Stone Interstellar Ltd. guarda tus piedras brillantes con estilo. Fundada por Esmeralda Kerman, la diseñadora de joyas más aclamada de Kerbin, Shallow Stone tiene una larga trayectoria ofreciendo solo lo mejor para sus clientes dentro y fuera del planeta.","Shallow Stone Interstellar Ltd. stores your shiny rocks in style. Founded by Opal Kerman, Kerbin's most famous jewelry designer, Shallow Stone has a long history of providing only the best for its customers both on and off planet.","Shallow Stone Interstellar Ltd. stores your shiny rocks in style. Founded by Opal Kerman, Kerbin's most famous jewelry designer, Shallow Stone has a long history of providing only the best for its customers both on and off planet.","Shallow Stone Interstellar Ltd. przechowuje twoje błyszczące kamienie w prawdziwym stylu. Założona przez Opal Kerman, najsłynniejszą projektantkę biżuterii na Kerbin, firma Shallow Stone od lat dostarcza swoim klientom tylko to, co najlepsze zarówno na planecie, jak i poza nią.","Галька Интерстеллар Ко. хранит ваши блестящие камушки со стилем. Основанная Опалом Керманом, самым известным дизайнером украшений Кербина, компания с богатой историей гарантирует только лучшее для своих клиентов — как на планете, так и далеко за её пределами.",浅石星际有限公司为您的闪亮宝石提供时尚的储存服务。该公司由Kerbin最著名的珠宝设计师Opal Kerman创立，有着悠久的历史，始终只为星球内外的客户提供最优质的服务。,"Lapidação Rasa Interestelar Ltda. guarda suas pedras brilhantes com estilo. Fundada por Opal Kerman, a designer de joias mais famosa de Kerbin, a Shallow Stone tem uma longa trajetória oferecendo apenas o melhor aos seus clientes, tanto dentro quanto fora do planeta.","Shallow Stone Interstellar Ltd. stores your shiny rocks in style. Founded by Opal Kerman, Kerbin's most famous jewelry designer, Shallow Stone has a long history of providing only the best for its customers both on and off planet.","Shallow Stone Interstellar Ltd. stores your shiny rocks in style. Founded by Opal Kerman, Kerbin's most famous jewelry designer, Shallow Stone has a long history of providing only the best for its customers both on and off planet.","Shallow Stone Interstellar Ltd. stores your shiny rocks in style. Founded by Opal Kerman, Kerbin's most famous jewelry designer, Shallow Stone has a long history of providing only the best for its customers both on and off planet.","Shallow Stone Interstellar Ltd. stores your shiny rocks in style. Founded by Opal Kerman, Kerbin's most famous jewelry designer, Shallow Stone has a long history of providing only the best for its customers both on and off planet.","Shallow Stone Interstellar Ltd. stores your shiny rocks in style. Founded by Opal Kerman, Kerbin's most famous jewelry designer, Shallow Stone has a long history of providing only the best for its customers both on and off planet.",,Localized
Missions/MissionGranter/Name/PerpetuWarm,Text,,Perpetu-Warm Travel Mug Corporation,Corporation Tasse de Voyage Perpetu-Chaude,Tazze da Viaggio Caldo-Perpetuo Spa,Perpetu-Warm Travel Mug Corporation,Perpetu-Warm Travel Mug Corporation,Perpetu-Warm Travel Mug Corporation,Perpetu-Warm Travel Mug Corporation,Perpetu-Warm Travel Mug Corporation,Корпорация «ВечноГорячая Кружка»,恒暖旅行杯公司,Corporação Caneca de Viagem Sempre Aquecida,Perpetu-Warm Travel Mug Corporation,Perpetu-Warm Travel Mug Corporation,Perpetu-Warm Travel Mug Corporation,Perpetu-Warm Travel Mug Corporation,Perpetu-Warm Travel Mug Corporation,,Localized
Missions/MissionGranter/Name/ShallowStone,Text,,Shallow Stone Interstellar Ltd.,Gravier Interstellaire & Co.,Pietrisco Interstellare Srl,Shallow Stone Interstellar Ltd.,Piedra Llana Interestelar L.C.,Shallow Stone Interstellar Ltd.,쉘로우 스톤 인터스텔라 유한회사,Shallow Stone Interstellar Ltd.,Галька Интерстеллар Ко.,浅石星际有限公司,Lapidação Rasa Interestelar Ltda.,Shallow Stone Interstellar Ltd.,Shallow Stone Interstellar Ltd.,Shallow Stone Interstellar Ltd.,Shallow Stone Interstellar Ltd.,Shallow Stone Interstellar Ltd.,,Localized
Missions/MissionGranter/Description/PerpetuWarm,Text,,"Here at Perpetu, we believe that coffee should be served hot even in the coldest of places. Because even the most cold-hearted kerbal knows your brew just isn't the same without that steady trickle of steam.","Ici à Perpetu, nous pensons que le café doit être servi chaud même dans les endroits les plus froids. Parce que même un kerbal sans cœur sait que votre boisson n'est pas la même sans ce filet de vapeur.","Qui alla Perpetu, crediamo che il caffè debba essere servito caldo anche nei luoghi più freddi. Perché persino il Kerbal più gelido sa che il caffè non è la stessa cosa senza quel sottile e costante filo di vapore.","Hier bei Perpetu glauben wir, dass Kaffee auch an den kältesten Orten heiß serviert werden sollte. Denn selbst der kälteste Kerbal weiß: Ohne dieses stetige Wölkchen Dampf ist dein Gebräu einfach nicht dasselbe.","Aquí en Perpetu, creemos que el café debería servirse bien caliente incluso en los lugares mas gélidos. Porque incluso el kerbal más insensible sabe que tu bebida no es lo mismo sin ese fino rastro de vapor.","Here at Perpetu, we believe that coffee should be served hot even in the coldest of places. Because even the most cold-hearted kerbal knows your brew just isn't the same without that steady trickle of steam.","Here at Perpetu, we believe that coffee should be served hot even in the coldest of places. Because even the most cold-hearted kerbal knows your brew just isn't the same without that steady trickle of steam.","Tu w Perpetu wierzymy, że kawa powinna być serwowana na gorąco, nawet w najzimniejszych miejscach. Bo nawet kerbal o najzimniejszym sercu wie, że kawa to już nie to samo bez tego delikatnego strumyczka pary.","Здесь, в «ВечноГорячая Кружке», мы уверены: кофе должен оставаться горячим даже в ледяной пустоши космоса. Ведь даже самый хладнокровный кербонавт знает — без струйки пара над кружкой это уже не тот напиток!",在恒暖，我们认为即便是在最冷的地方，咖啡也该保持滚烫。因为就算是最铁石心肠的坎巴拉人也明白，少了那缕悠悠升腾的蒸汽，你的咖啡就彻底不是那个味儿了。,"Aqui na Sempre Aquecida, acreditamos que o café deve ser servido quente, mesmo nos lugares mais gelados. Afinal, até o Kerbal mais insensível sabe que a bebida não tem a mesma graça sem aquele fio constante de vapor.","Here at Perpetu, we believe that coffee should be served hot even in the coldest of places. Because even the most cold-hearted kerbal knows your brew just isn't the same without that steady trickle of steam.","Here at Perpetu, we believe that coffee should be served hot even in the coldest of places. Because even the most cold-hearted kerbal knows your brew just isn't the same without that steady trickle of steam.","Here at Perpetu, we believe that coffee should be served hot even in the coldest of places. Because even the most cold-hearted kerbal knows your brew just isn't the same without that steady trickle of steam.","Here at Perpetu, we believe that coffee should be served hot even in the coldest of places. Because even the most cold-hearted kerbal knows your brew just isn't the same without that steady trickle of steam.","Here at Perpetu, we believe that coffee should be served hot even in the coldest of places. Because even the most cold-hearted kerbal knows your brew just isn't the same without that steady trickle of steam.",,Localized
Missions/Secondary/Tier_1_Gateway/Name,Text,,To A Moon And Back,Un aller-retour vers une lune,Taxi su una luna,Zu einem Mond und zurück,Viaje redondo a una luna,To A Moon And Back,To A Moon And Back,Na Księżyc i z Powrotem,До Муны и Обратно,探月并返回,Até Uma Lua e de Volta,To A Moon And Back,To A Moon And Back,To A Moon And Back,To A Moon And Back,To A Moon And Back,,Localized
Missions/Secondary/Tier_1_Gateway/Objective02,Text,,Return a surface sample from the Mun or Minmus to Kerbin.,Ramenez un échantillon de surface de la Mune ou Minmus sur Kerbin.,Riporta su Kerbin un campione della superficie di Mun o Minmus,Bringe eine Oberflächenprobe vom Mond oder vom Minmus nach Kerbin zurück.,Trae un estudio de superficie de la Muna o Minmus a Kerbin.,Return a surface sample from the Mun or Minmus to Kerbin.,Return a surface sample from the Mun or Minmus to Kerbin.,Dostarcz próbkę powierzchni z Muna lub Minmusa z powrotem na Kerbin.,Доставьте образец грунта с Муны или Минмуса на Кербин,带回一份来自Mun或者Minmus的地表样本。,Traga uma amostra de superfície de Mun ou Minmus de volta para Kerbin.,Return a surface sample from the Mun or Minmus to Kerbin.,Return a surface sample from the Mun or Minmus to Kerbin.,Return a surface sample from the Mun or Minmus to Kerbin.,Return a surface sample from the Mun or Minmus to Kerbin.,Return a surface sample from the Mun or Minmus to Kerbin.,,Localized
Missions/Secondary/Tier_1_Gateway/Description,Text,,This is it. Are you ready to prove this space program is capable of conquering the Kerbin system?,Et voilà. Êtes vous prêt à prouver que ce programme spatial est capable de conquérir les lunes de Kerbin ?,Ci siamo. Sei pronto a dimostrare che questo programma spaziale è in grado di conquistare il sistema di Kerbin?,"Das ist es. Bist du bereit zu beweisen, dass dieses Raumfahrtprogramm in der Lage ist, das Kerbin-System zu erobern?",Esto lo es todo. ¿Estás listo para provar que este programa espacial es capáz de conquistar el sistema Kerbin?,This is it. Are you ready to prove this space program is capable of conquering the Kerbin system?,This is it. Are you ready to prove this space program is capable of conquering the Kerbin system?,"To ten moment. Jesteś gotów na udowodnienie, że ten program kosmiczny jest w stanie podbić system Kerbina?","Это тот самый момент! Готовы ли вы доказать, что наша космическая программа способна покорить всю систему Кербина?",就是现在。你准备好证明这个太空计划有能力征服Kerbin星系了吗？,Chegou a hora. Você está pronto para provar que este programa espacial é capaz de conquistar o sistema de Kerbin?,This is it. Are you ready to prove this space program is capable of conquering the Kerbin system?,This is it. Are you ready to prove this space program is capable of conquering the Kerbin system?,This is it. Are you ready to prove this space program is capable of conquering the Kerbin system?,This is it. Are you ready to prove this space program is capable of conquering the Kerbin system?,This is it. Are you ready to prove this space program is capable of conquering the Kerbin system?,,Localized
Missions/Secondary/Tier_1_Gateway/Brief01,Text,,Director! The Kerbin World-Firsts Record-Keeping Society has approached us with a proposition.,Directeur ! Le Cercle de certification de première mondiale de Kerbin a une proposition pour nous.,Direttore! La Società dei Primati Mondiali di Kerbin ci ha contattato con una proposta.,Direktor! Die Kerbin World-Firsts Record-Keeping Society hat uns mit einem Vorschlag angesprochen.,!Director! La Sociedad de Registro de Primeros Logros Mundiales de Kerbin nos ha contactado con una propuesta.,Director! The Kerbin World-Firsts Record-Keeping Society has approached us with a proposition.,Director! The Kerbin World-Firsts Record-Keeping Society has approached us with a proposition.,Dyrektorze! Towarzystwo Rejestrowania Rekordów Kerbinessa przybyło do nas z propozycja.,Директор! Кербинское общество по регистрации космических рекордов обратилось к нам с предложением.,局长！Kerbin世界第一纪录管理协会向我们提出了一个提议。,Diretor! A Sociedade de Registro de Feitos Inéditos de Kerbin nos procurou com uma proposta.,Director! The Kerbin World-Firsts Record-Keeping Society has approached us with a proposition.,Director! The Kerbin World-Firsts Record-Keeping Society has approached us with a proposition.,Director! The Kerbin World-Firsts Record-Keeping Society has approached us with a proposition.,Director! The Kerbin World-Firsts Record-Keeping Society has approached us with a proposition.,Director! The Kerbin World-Firsts Record-Keeping Society has approached us with a proposition.,,Localized
Missions/Secondary/Tier_1_Gateway/Debrief01,Text,,Woohoo! We did it! We went to a moon and back again!,Woohoo ! On l'a fait ! On est allé sur une lune et on est revenu !,Woohoo! Ce l'abbiamo fatta! Siamo andati su una luna e siamo tornati indietro!,Woohoo! Wir haben es geschafft! Wir sind zu einem der Monde gegangen und sind zurück gekommen!,¡Yujuu! ¡Lo hicimos! ¡Fuimos a una luna y volvimos!,Woohoo! We did it! We went to a moon and back again!,Woohoo! We did it! We went to a moon and back again!,Woohoo! Udało nam sie! Ponownie poszliśmy na księżyc i z powrotem!,Вуухуу! Мы сделали это! Мы снова слетали на Муну и вернулись!,太棒了！我们成功了！我们登上了一颗卫星，还顺利返航了！,Ebá! Conseguimos! Fomos a uma lua e voltamos!,Woohoo! We did it! We went to a moon and back again!,Woohoo! We did it! We went to a moon and back again!,Woohoo! We did it! We went to a moon and back again!,Woohoo! We did it! We went to a moon and back again!,Woohoo! We did it! We went to a moon and back again!,,Localized
Missions/Secondary/Tier_1_Gateway/Brief02,Text,,"They have been closely following our progress, and they think we're ready for the ultimate mission. A mission so bold, it would prove to every Kerbal on Kerbin that this is a serious space program. They are asking for... <style=""""TXT-Objective"""">a crewed landing on and return from one of our moons.</style>","Ils ont regardé attentivement nos progrès, et ils pensent que nous sommes prêts pour la mission ultime. Une mission si audacieuse, qu'elle prouverais à tous les kerbals sur Kerbin que ce programme spatial c'est du sérieux. Ils demandent... <style=""""TXT-Objective"""">un atterrissage habité sur et un retour d'une de nos lunes. </style>","Hanno seguito da vicino i nostri progressi e pensano che siamo pronti per la missione definitiva. Un'impresa così audace che dimostrerebbe a ogni singolo Kerbal su Kerbin che il nostro è un programma spaziale serio. Ci stanno chiedendo... <style=""""TXT-Objective"""">un atterraggio con equipaggio su una delle nostre lune e il successivo rientro su Kerbin.</style>","Sie haben unsere Fortschritte genau verfolgt und glauben, dass wir bereit für die ultimative Mission sind. Eine Mission, so kühn, dass sie jedem Kerbal auf Kerbin beweisen würde, dass dies ein ernstzunehmendes Raumfahrtprogramm ist. Sie fordern … <style=""""TXT-Objective"""">eine bemannte Landung auf einem unserer Monde und die Rückkehr von dort.</style>","Han seguido de cerca nuestro progreso, y creen que estamos listos para la misión definitiva. Una misión tan osada, que le probaría a todos los Kerbal de Kerbin que este es un programa espacial serio. Nos están pidiendo... <style=""""TXT-Objective"""">un aterrizaje tripulado a una de nuestras lunas y su posterior regreso.</style>","They have been closely following our progress, and they think we're ready for the ultimate mission. A mission so bold, it would prove to every Kerbal on Kerbin that this is a serious space program. They are asking for... <style=""""TXT-Objective"""">a crewed landing on and return from one of our moons.</style>","They have been closely following our progress, and they think we're ready for the ultimate mission. A mission so bold, it would prove to every Kerbal on Kerbin that this is a serious space program. They are asking for... <style=""""TXT-Objective"""">a crewed landing on and return from one of our moons.</style>","Pilnie śledzili nasze postępy, i uważają że jesteśmy gotowi na ostateczną misję. Misję tak śmiałą, że udowodni każdemu kerbalowi na Kerbinie jak poważny jest ten program kosmiczny. Proszą o... <style=""""TXT-Objective"""">załogowy lądowanie i powrót z jednego z naszych księżyców.</style>","Они внимательно следили за нашими успехами и полагают, что мы готовы к главной миссии. К миссии настолько амбициозной, что она докажет каждому кербалу на Кербине: наша космическая программа — это вам не шутки. Они просят нас о... <style=""""TXT-Objective"""">пилотируемой посадке на одну из наших лун с последующим возвращением экипажа.</style>","局长！Kerbin世界第一纪录管理协会主动联系我们，带来了一个想法。他们一直密切关注我们的进展，认为我们已准备好迎接一项终极任务——这项任务足够大胆，足以向Kerbin星球上的每一位坎巴拉人证明，我们的太空计划绝非儿戏。而他们的要求是……<style=""""TXT-Objective"""">载人登陆我们的某颗卫星，并安全返回。</style>","Eles tem seguido o nosso progresso de perto, e acham que estamos prontos para a maior missão de todos os tempos. Uma missão tão intrépida, que provaria a todos os Kerbals em Kerbin que este é um Programa Espacial sério. Eles estão pedindo... <style=""""TXT-Objective"""">uma missão de pouso e retorno de uma de nossas luas.</style>","They have been closely following our progress, and they think we're ready for the ultimate mission. A mission so bold, it would prove to every Kerbal on Kerbin that this is a serious space program. They are asking for... <style=""""TXT-Objective"""">a crewed landing on and return from one of our moons.</style>","They have been closely following our progress, and they think we're ready for the ultimate mission. A mission so bold, it would prove to every Kerbal on Kerbin that this is a serious space program. They are asking for... <style=""""TXT-Objective"""">a crewed landing on and return from one of our moons.</style>","They have been closely following our progress, and they think we're ready for the ultimate mission. A mission so bold, it would prove to every Kerbal on Kerbin that this is a serious space program. They are asking for... <style=""""TXT-Objective"""">a crewed landing on and return from one of our moons.</style>","They have been closely following our progress, and they think we're ready for the ultimate mission. A mission so bold, it would prove to every Kerbal on Kerbin that this is a serious space program. They are asking for... <style=""""TXT-Objective"""">a crewed landing on and return from one of our moons.</style>","They have been closely following our progress, and they think we're ready for the ultimate mission. A mission so bold, it would prove to every Kerbal on Kerbin that this is a serious space program. They are asking for... <style=""""TXT-Objective"""">a crewed landing on and return from one of our moons.</style>",,Localized
Missions/Secondary/Tier_1_Gateway/Brief04,Text,,"Return missions aren't easy. You'll need to use the <style=""""App-Trip-Planner"""">Trip Planner</style> to make sure you have enough dV in your rocket to get into Kerbin orbit, go to the <style=""""OBJ-Mun"""">Mun'</style> or <style=""""OBJ-Minmus"""">Minmus'</style>, land, and then come back again. Don't forget to plant a flag and take a surface sample as proof! If you need to check up on your rocket knowledge again, you can take a look at the tutorials in the <style=""""KSC-Training-Center"""">Training Center</style> before you leave.","Les missions de retour ne sont pas simple. Vous allez avoir besoin du <style=""""App-Trip-Planner"""">planificateur de trajetr</style> pour être sûr d'avoir suffisament de dV pour vous mettre en orbite, aller sur la <style=""""OBJ-Mun"""">Mune</style> ou <style=""""OBJ-Minmus"""">Minmus</style>, atterrir, et revenir. Et n'oubliez de planter un drapeau et prendre un échantillon pour avoir une preuve ! Si vous avez besoin de réviser vos connaissance sur les fusées, vous pouvez aller voir le didactitiel au <style=""""KSC-Training-Center"""">Centre d'entraînement</style> avant de partir.","Le missioni di ritorno non sono facili. Dovrai usare il <style=""""App-Trip-Planner"""">Pianificatore di Viaggio</style> per assicurarti che il tuo razzo abbia abbastanza dV per entrare in orbita intorno a Kerbin, raggiungere <style=""""OBJ-Mun"""">Mun'</style> o <style=""""OBJ-Minmus"""">Minmus'</style>, atterrare e poi tornare indietro. Non dimenticarti di piantare una bandiera e prelevare un campione di superficie come prova! Se hai bisogno di rinfrescare le tue conoscenze sui razzi, puoi dare un'occhiata ai tutorial nel <style=""""KSC-Training-Center"""">Centro di Addestramento</style> prima di partire.","Rückkehrmissionen sind nicht einfach. Du musst den <style=""App-Trip-Planner"">Reiseplaner</style> verwenden, um sicherzustellen, dass deine Rakete genug dV hat, um in den Kerbin-Orbit zu gelangen, zum <style=""OBJ-Mun"">Mun</style> oder <style=""OBJ-Minmus"">Minmus</style> zu fliegen, zu landen und dann wieder zurückzukommen. Vergiss nicht, eine Flagge zu pflanzen und eine Bodenprobe zu nehmen, um es zu beweisen! Falls du dein Raketenwissen noch einmal auffrischen musst, kannst du dir vor dem Start die Tutorials im <style=""KSC-Training-Center"">Trainingszentrum</style> ansehen.","Las misiones de retorno no son fáciles. Necesitarás usar el <style=""""App-Trip-Planner"""">Planificador de viajes</style> para asegurarte que tienes suficiente dV en tu cohete para alcanzar la órbita de Kerbin, ir a <style=""""OBJ-Mun"""">Muna'</style> o <style=""""OBJ-Minmus"""">Minmus'</style>, descender, y volver a casa. ¡No olvides plantar una bandera y realizar un estudio de superficie como prueba! Si necesitas refrescar tus conocimientos sobre cohetes, puedes echar un vistazo a los tutoriales en el <style=""""KSC-Training-Center"""">Centro de Entrenamiento</style> antes de partir.","Return missions aren't easy. You'll need to use the <style=""""App-Trip-Planner"""">Trip Planner</style> to make sure you have enough dV in your rocket to get into Kerbin orbit, go to the <style=""""OBJ-Mun"""">Mun'</style> or <style=""""OBJ-Minmus"""">Minmus'</style>, land, and then come back again. Don't forget to plant a flag and take a surface sample as proof! If you need to check up on your rocket knowledge again, you can take a look at the tutorials in the <style=""""KSC-Training-Center"""">Training Center</style> before you leave.","Return missions aren't easy. You'll need to use the <style=""""App-Trip-Planner"""">Trip Planner</style> to make sure you have enough dV in your rocket to get into Kerbin orbit, go to the <style=""""OBJ-Mun"""">Mun'</style> or <style=""""OBJ-Minmus"""">Minmus'</style>, land, and then come back again. Don't forget to plant a flag and take a surface sample as proof! If you need to check up on your rocket knowledge again, you can take a look at the tutorials in the <style=""""KSC-Training-Center"""">Training Center</style> before you leave.","Misje powrotne nie są łatwe. Będziesz potrzebować skorzystać z <style=""""App-Trip-Planner"""">planisty podróży</style> aby się upewnić czy mamy wystarczająco dV w naszej rakiecie do dostania się na orbitę Kerbinową, dostać się do <style=""""OBJ-Mun"""">Muna</style> lub <style=""""OBJ-Minmus"""">Minmusa</style>, wylądować, i wrócić. Nie zapomnij zasadzić flagę i wziąć próbkę ziemi jako dowód! Jeśli potrzebujesz odświeżyć swoją wiedzę o rakietach, rzuć okiem na samouczki w <style=""""KSC-Training-Center"""">centrum treningowym</style> zanim ruszysz.","Возвратные миссии — дело непростое. Вам нужно будет использовать <style=""""App-Trip-Planner"""">Планировщик полёта</style>, чтобы убедиться, что вашей ракеты хватит дельта-V для выхода на орбиту Кербина, перелёта к <style=""""OBJ-Mun"""">Муну</style> или <style=""""OBJ-Minmus"""">Минмусу</style>, посадки и возвращения обратно. Не забудьте установить флаг и взять образец поверхности — в качестве доказательства! Если захотите освежить свои ракетные знания, перед стартом можете заглянуть в обучающие уроки в <style=""""KSC-Training-Center"""">Учебном центре</style>.","返回任务可没那么简单。你需要使用<style=""""App-Trip-Planner"""">航行规划器（Trip Planner）</style>，确保火箭拥有足够的dV（ΔV，速度增量）——既要能进入Kerbin轨道，飞到<style=""""OBJ-Mun"""">Mun</style>或<style=""""OBJ-Minmus"""">Minmus</style>，完成着陆，还要能顺利返航。别忘了插上旗帜、采集地表样本，这些都是任务完成的证明！如果需要回顾火箭相关知识，出发前可以去<style=""""KSC-Training-Center"""">（KSC）训练中心</style>查看教程。","Missões de retorno não são fáceis. Você precisara usar o <style=""""App-Trip-Planner"""">Trip Planner</style> para ter certeza de que possui dV o suficiente na sua Nave para chegar a uma orbita estável em Kerbin, vá até o <style=""""OBJ-Mun"""">Mun'</style> ou <style=""""OBJ-Minmus"""">Minmus'</style>, pouse, e volte. Não se esqueça de plantar uma bandeira e pegar uma amostra da superfície como prova! Se precisar dar uma revisada em seus conhecimentos sobre foguetes novamente, você pode dar uma olhada nos tutoriais no <style=""""CEK-Centro-de-Treinamento"""">Training Center</style> antes de sair.","Return missions aren't easy. You'll need to use the <style=""""App-Trip-Planner"""">Trip Planner</style> to make sure you have enough dV in your rocket to get into Kerbin orbit, go to the <style=""""OBJ-Mun"""">Mun'</style> or <style=""""OBJ-Minmus"""">Minmus'</style>, land, and then come back again. Don't forget to plant a flag and take a surface sample as proof! If you need to check up on your rocket knowledge again, you can take a look at the tutorials in the <style=""""KSC-Training-Center"""">Training Center</style> before you leave.","Return missions aren't easy. You'll need to use the <style=""""App-Trip-Planner"""">Trip Planner</style> to make sure you have enough dV in your rocket to get into Kerbin orbit, go to the <style=""""OBJ-Mun"""">Mun'</style> or <style=""""OBJ-Minmus"""">Minmus'</style>, land, and then come back again. Don't forget to plant a flag and take a surface sample as proof! If you need to check up on your rocket knowledge again, you can take a look at the tutorials in the <style=""""KSC-Training-Center"""">Training Center</style> before you leave.","Return missions aren't easy. You'll need to use the <style=""""App-Trip-Planner"""">Trip Planner</style> to make sure you have enough dV in your rocket to get into Kerbin orbit, go to the <style=""""OBJ-Mun"""">Mun'</style> or <style=""""OBJ-Minmus"""">Minmus'</style>, land, and then come back again. Don't forget to plant a flag and take a surface sample as proof! If you need to check up on your rocket knowledge again, you can take a look at the tutorials in the <style=""""KSC-Training-Center"""">Training Center</style> before you leave.","Return missions aren't easy. You'll need to use the <style=""""App-Trip-Planner"""">Trip Planner</style> to make sure you have enough dV in your rocket to get into Kerbin orbit, go to the <style=""""OBJ-Mun"""">Mun'</style> or <style=""""OBJ-Minmus"""">Minmus'</style>, land, and then come back again. Don't forget to plant a flag and take a surface sample as proof! If you need to check up on your rocket knowledge again, you can take a look at the tutorials in the <style=""""KSC-Training-Center"""">Training Center</style> before you leave.","Return missions aren't easy. You'll need to use the <style=""""App-Trip-Planner"""">Trip Planner</style> to make sure you have enough dV in your rocket to get into Kerbin orbit, go to the <style=""""OBJ-Mun"""">Mun'</style> or <style=""""OBJ-Minmus"""">Minmus'</style>, land, and then come back again. Don't forget to plant a flag and take a surface sample as proof! If you need to check up on your rocket knowledge again, you can take a look at the tutorials in the <style=""""KSC-Training-Center"""">Training Center</style> before you leave.",,Localized
Missions/Secondary/Tier_1_Gateway/Brief03,Text,,"If we can pull this off, it will be our first step into the wider universe and prove we are ready to go beyond the confines of our home system. The Record-Keeping Society has also promised us a juicy grant that will greatly boost our R&D program.","Si nous y arrivons, ça serait notre premier pas vers le vaste univers et la preuve que nous sommes capables d'aller au-delà de notre système. La société d'enregistrement de records nous a également promis une grosse subvention qui va bien aider notre département de R&D.","Se riusciremo a portare a termine questa impresa, sarà il nostro primo passo verso l'universo profondo e dimostrerà che siamo pronti ad andare oltre i confini del nostro sistema natale. La Società dei Primati ci ha anche promesso un succoso finanziamento che darà una spinta pazzesca al nostro programma R&S.","Wenn wir das schaffen, wird es unser erster Schritt ins weitere Universum sein und beweisen, dass wir bereit sind, über die Grenzen unseres Heimatsystems hinauszugehen. Die Record-Keeping Society hat uns außerdem einen saftigen Zuschuss versprochen, der unser F&E-Programm erheblich voranbringen wird.","Si sacamos esto adelante, será nuestro primer paso en el vasto universo y probará que estamos listos para traspasar los confines de nuestro sistema de origen. La sociedad del registro de récords también nos prometió una jugosa subvención que respaldaría enormemente nuestro programa de I+D.","If we can pull this off, it will be our first step into the wider universe and prove we are ready to go beyond the confines of our home system. The Record-Keeping Society has also promised us a juicy grant that will greatly boost our R&D program.","If we can pull this off, it will be our first step into the wider universe and prove we are ready to go beyond the confines of our home system. The Record-Keeping Society has also promised us a juicy grant that will greatly boost our R&D program.","Jeśli nam się to uda, będzie to nasz pierwszy krok w szerszy wszechświat i dowód, że jesteśmy gotowi wyjść poza granice naszego rodzimego układu. Towarzystwo Kronikarskie obiecało nam też solidny grant, który znacząco wzmocni nasz program Badania i Rozwoju.","Если у нас получится, это станет нашим первым шагом в огромную вселенную и докажет, что мы готовы выйти за пределы родной системы. Кроме того, Общество регистрации рекордов пообещало нам солидный грант, который здорово подстегнёт наши исследовательские программы.",要是我们能成功做到这一点，这将成为我们迈向更广阔宇宙的第一步，也能证明我们已准备好突破母星系的界限。此外，纪录管理协会还承诺会为我们提供一笔丰厚的资助金，这笔资金将大幅推进我们的研发项目。,"Se conseguirmos realizar isto, seria o primeiro passo no amplo universo ao nosso redor e provaríamos que estamos prontos para ir além dos confins do nosso sistema solar. A Sociedade de Recordes também prometeu um contrato suculento que impulsionaria muito o nosso programa de P&D.","If we can pull this off, it will be our first step into the wider universe and prove we are ready to go beyond the confines of our home system. The Record-Keeping Society has also promised us a juicy grant that will greatly boost our R&D program.","If we can pull this off, it will be our first step into the wider universe and prove we are ready to go beyond the confines of our home system. The Record-Keeping Society has also promised us a juicy grant that will greatly boost our R&D program.","If we can pull this off, it will be our first step into the wider universe and prove we are ready to go beyond the confines of our home system. The Record-Keeping Society has also promised us a juicy grant that will greatly boost our R&D program.","If we can pull this off, it will be our first step into the wider universe and prove we are ready to go beyond the confines of our home system. The Record-Keeping Society has also promised us a juicy grant that will greatly boost our R&D program.","If we can pull this off, it will be our first step into the wider universe and prove we are ready to go beyond the confines of our home system. The Record-Keeping Society has also promised us a juicy grant that will greatly boost our R&D program.",,Localized
Missions/Secondary/Tier_1_Gateway/Brief05,Text,,"We're counting on you, Director! You can do this!",On compte sur vous Directeur ! Vous pouvez le faire !,"Contiamo su di te, Direttore! Puoi farcela!","Wir zählen auf dich, Direktor ! Du schaffst das !","¡Contamos contigo, Director!, ¡Tú puedes!","We're counting on you, Director! You can do this!","We're counting on you, Director! You can do this!","Liczymy na ciebie, Dyrektorze! Wierzymy w ciebie!","Мы надеемся на вас, Директор! Вы сможете!",我们全靠你了，局长！你一定能做到！,"Nós estamos contando com você, Chefe! Você consegue!","We're counting on you, Director! You can do this!","We're counting on you, Director! You can do this!","We're counting on you, Director! You can do this!","We're counting on you, Director! You can do this!","We're counting on you, Director! You can do this!",,Localized
Missions/Secondary/Tier_1_Gateway/Debrief03,Text,,"<style=""""KSC-RD-Center"""">R&D</style> is ecstatic at the opportunity to research real rocks from another celestial body, and already have big plans on what to spend their grant on. I had to talk them down from spending it all on a big fireworks display to celebrate this milestone.","<style=""""KSC-RD-Center"""">Centre R&D</style> est en extase d'avoir l'opportunité d'étudier de vraies roches d'un autre corps céleste, et a déjà des grands projets sur lesquels dépenser leurs fonds. J'ai été obligé de les convaincre à ne pas tout dépenser en feux d'artifice pour célébrer cette avancée.","Il team <style=""""KSC-RD-Center"""">R&S</style> è entusiasta all'idea di poter studiare delle vere rocce provenienti da un altro corpo celeste e ha già grandi progetti su come spendere i fondi del finanziamento. Ho dovuto convincerli a non spendere tutto in un gigantesco spettacolo di fuochi d'artificio per celebrare questo traguardo.","<style=""KSC-RD-Center"">F&E</style> ist begeistert über die Gelegenheit, echte Gesteinsproben von einem anderen Himmelskörper zu erforschen, und hat bereits große Pläne, wofür sie ihren Zuschuss ausgeben wollen. Ich musste sie davon abhalten, alles für ein großes Feuerwerk auszugeben, um diesen Meilenstein zu feiern.","<style=""""KSC-RD-Center"""">I+D</style> está eufórico por la oportunidad de estudiar rocas provenientes de otro mundo, y tiene grandes planes sobre en qué gastar su subvención. Tuve que disuadirlos de gastarlo todo en un gran espectáculo de pirotecnia para celebrar este hito.","<style=""""KSC-RD-Center"""">R&D</style> is ecstatic at the opportunity to research real rocks from another celestial body, and already have big plans on what to spend their grant on. I had to talk them down from spending it all on a big fireworks display to celebrate this milestone.","<style=""""KSC-RD-Center"""">R&D</style> is ecstatic at the opportunity to research real rocks from another celestial body, and already have big plans on what to spend their grant on. I had to talk them down from spending it all on a big fireworks display to celebrate this milestone.","<style=""""KSC-RD-Center"""">BR</style> jest podekscytowane z możliwości zbadania prawdziwych skał z innego ciała niebieskiego, i już mają wielkie plany na co wydać ich grant. Musiałam ich nakłonić żeby nie wydali wszystkiego na wielki pokaz fajerwerków z okazji tego osiągnięcia.","В <style=""""KSC-RD-Center""»Научном центре</style> просто на седьмом небе от счастья — наконец-то можно изучать настоящие камни с другого мира! Они уже придумали, куда потратить грант. Правда, пришлось отговаривать их от мысли пустить всё на гигантский фейерверк в честь этого события. Ученые — они такие.","<style=""""KSC-RD-Center"""">研发中心</style>对能研究来自另一颗天体的真实岩石样本欣喜若狂，而且关于这笔资助金的使用，他们已经有了宏伟计划。我不得不劝说他们，别为了庆祝这个里程碑事件，就把这笔钱全花在大型烟火表演上。","O centro de P&D está histérico com a oportunidade de pesquisar rochas de outro corpo celeste de verdade, e já temos grandes planos a respeito de como vamos gastar o dinheiro do contrato. Eu até tive de convencer eles a não gastarem tudo comemorando essa conquista com um show de fogos de artifício de escala perigosa!","<style=""""KSC-RD-Center"""">R&D</style> is ecstatic at the opportunity to research real rocks from another celestial body, and already have big plans on what to spend their grant on. I had to talk them down from spending it all on a big fireworks display to celebrate this milestone.","<style=""""KSC-RD-Center"""">R&D</style> is ecstatic at the opportunity to research real rocks from another celestial body, and already have big plans on what to spend their grant on. I had to talk them down from spending it all on a big fireworks display to celebrate this milestone.","<style=""""KSC-RD-Center"""">R&D</style> is ecstatic at the opportunity to research real rocks from another celestial body, and already have big plans on what to spend their grant on. I had to talk them down from spending it all on a big fireworks display to celebrate this milestone.","<style=""""KSC-RD-Center"""">R&D</style> is ecstatic at the opportunity to research real rocks from another celestial body, and already have big plans on what to spend their grant on. I had to talk them down from spending it all on a big fireworks display to celebrate this milestone.","<style=""""KSC-RD-Center"""">R&D</style> is ecstatic at the opportunity to research real rocks from another celestial body, and already have big plans on what to spend their grant on. I had to talk them down from spending it all on a big fireworks display to celebrate this milestone.",,Localized
Missions/Secondary/Tier_1_Gateway/Debrief02,Text,,"Our Kerbonauts are in great shape. Everybody at the KSC is celebrating, and the Kerbin World-Firsts Record-Keeping Society has officially logged this mission into their Hall of Fame.","Nos Kerbonautes sont en grande forme. Tout le monde au CSK est en train de fêter ça, et le Cercle de certification de première mondiale de Kerbin ont déjà officiellement enregistré cette mission dans leur livre des records.",I nostri Kerbonauti sono in ottima forma. Tutti al KSC stanno festeggiando e la Società dei Primati Mondiali di Kerbin ha ufficialmente registrato questa missione nella sua Hall of Fame.,"Unsere Kerbonauten sind in großartiger Verfassung. Alle am KSC feiern, und die Kerbin World-Firsts Record-Keeping Society hat diese Mission offiziell in ihre Ruhmeshalle eingetragen.","Nuestros Kerbonautas están en plena forma. Todo el mundo en el CEK está celebrando, y la Sociedad de Récords Mundiales de Kerbin ha incluido esta misión a su salón de la fama.","Our Kerbonauts are in great shape. Everybody at the KSC is celebrating, and the Kerbin World-Firsts Record-Keeping Society has officially logged this mission into their Hall of Fame.","Our Kerbonauts are in great shape. Everybody at the KSC is celebrating, and the Kerbin World-Firsts Record-Keeping Society has officially logged this mission into their Hall of Fame.","Nasi Kerbonauci są w doskonałej formie. Wszyscy w KOK celebrują, a Towarzystwo Rejestrowania Rekordów Kerbinessa oficjalnie wpisało tę misję do swojej Galerii Sław.","Наши кербонавты в отличной форме! Весь Космический Центр Кербина празднует, а Кербинское Общество Регистрации Космических Рекордов официально внёс эту миссию в свой Зал Славы.",我们的宇航员状态极佳！坎巴拉航天中心的所有人都在欢庆，而且Kerbin世界第一纪录管理协会已经将此次任务正式载入他们的名人堂。,"Nossos Kerbonautas estão em ótima forma. Todos no CEK estão celebrando, e A Sociedade de Registro de Feitos Inéditos de Kerbin oficialmente colocou esta missão no seu Hall da Fama.","Our Kerbonauts are in great shape. Everybody at the KSC is celebrating, and the Kerbin World-Firsts Record-Keeping Society has officially logged this mission into their Hall of Fame.","Our Kerbonauts are in great shape. Everybody at the KSC is celebrating, and the Kerbin World-Firsts Record-Keeping Society has officially logged this mission into their Hall of Fame.","Our Kerbonauts are in great shape. Everybody at the KSC is celebrating, and the Kerbin World-Firsts Record-Keeping Society has officially logged this mission into their Hall of Fame.","Our Kerbonauts are in great shape. Everybody at the KSC is celebrating, and the Kerbin World-Firsts Record-Keeping Society has officially logged this mission into their Hall of Fame.","Our Kerbonauts are in great shape. Everybody at the KSC is celebrating, and the Kerbin World-Firsts Record-Keeping Society has officially logged this mission into their Hall of Fame.",,Localized
Missions/Secondary/Tier_1_Gateway/Debrief04,Text,,"This is only the beginning. The worlds beyond our own await, Director!","Ce n'est que le commencement ! Les mondes au-delà du notre nous attendent, Directeur !","Questo è solo l'inizio. I mondi oltre il nostro ci aspettano, Direttore!","Und das ist nur der Anfang! Welten außerhalb der unseren warten, Direktor!","Este es solo el comienzo. ¡El vasto universo nos espera, Director!","This is only the beginning. The worlds beyond our own await, Director!","This is only the beginning. The worlds beyond our own await, Director!","To dopiero początek. Światy poza naszym czekają, Dyrektorze!","Это только начало, Директор! Миры за пределами нашей планеты ждут!",这仅仅是个开始。那些属于我们家园之外的天体，正等待着我们探索，局长！,"Este é apenas o começo. O mundo além nós aguarda, Chefe!","This is only the beginning. The worlds beyond our own await, Director!","This is only the beginning. The worlds beyond our own await, Director!","This is only the beginning. The worlds beyond our own await, Director!","This is only the beginning. The worlds beyond our own await, Director!","This is only the beginning. The worlds beyond our own await, Director!",,Localized
Missions/Secondary/Tier_1_Gateway/Objective01,Text,,Plant a flag on the Mun or Minmus.,Plantez un drapeau sur la Mune ou Minmus.,Pianta una bandiera su Mun o Minmus,Stelle eine Flagge auf dem Mun oder Minmus.,Planta una bandera en la Muna o Minmus.,Plant a flag on the Mun or Minmus.,Plant a flag on the Mun or Minmus.,Rozstaw flagę na Mun lub na Minmus.,Поставьте флаг на Муне или Минмусе,在Mun或者Minmus上插旗。,Finque uma bandeira em Mun ou Minmus.,Plant a flag on the Mun or Minmus.,Plant a flag on the Mun or Minmus.,Plant a flag on the Mun or Minmus.,Plant a flag on the Mun or Minmus.,Plant a flag on the Mun or Minmus.,,Localized
Missions/Secondary/Tier_3_Gateway/Debrief05,Text,,"This is not the end of our journey to the stars. Far from it. The next step, you ask? To spread Kerbalkind to the stars. Hope you're ready to colonize some planets, Director!","Ce n'est pas la fin de notre voyage vers les étoiles, loin de là. La prochaine étape, vous dîtes ? Etendre la Kerbalité aux étoiles. J'espère que vous êtes prêt à coloniser des planètes, Directeur !","Questo non è il traguardo finale del nostro viaggio verso le stelle. Tutt'altro. Il prossimo passo, mi chiedi? Portare i Kerbal tra le stelle. Spero che tu sia pronto a colonizzare qualche pianeta, Direttore!","Das ist nicht das Ende unserer Reise zu den Sternen. Weit gefehlt. Der nächste Schritt, fragst du? Kerbalkind zu den Sternen zu bringen. Hoffentlich bist du bereit, ein paar Planeten zu kolonisieren, Direktor!","Este no es el fin de nuestro viaje hacia las estrellas. Ni mucho menos. ¿El siguiente paso?, te preguntarás. Expandir la Kerbalidad por las estrellas. ¡Espero que estés listo para colonizar algunos planetas, Director!","This is not the end of our journey to the stars. Far from it. The next step, you ask? To spread Kerbalkind to the stars. Hope you're ready to colonize some planets, Director!","This is not the end of our journey to the stars. Far from it. The next step, you ask? To spread Kerbalkind to the stars. Hope you're ready to colonize some planets, Director!","To nie jest koniec naszej podróży ku gwiazdom. Daleko nam do tego. A jaki jest następny krok, pytacie? Rozprzestrzenienie rasy Kerbalów w kosmosie. Mam nadzieję, że jesteś gotowy na kolonizację kilku planet, Dyrektorze!","Это не конец нашего пути к звёздам. Даже близко не конец. Следующий шаг, спросите вы? Расселить кербалов по звёздам! Надеюсь, вы готовы колонизировать планеты, директор!",这绝不是我们星际之旅的终点——远非如此。你问下一步是什么？答案是：让坎巴拉族群走向星辰大海。局长，希望您已经准备好去开拓行星殖民地了！,"Esse não é o fim da nossa jornada até as estrelas. Longe disso. Qual é o próximo passo? Expandir a civilização Kerbal para as estrelas. Eu espero que você esteja pronto para colonizar alguns planetas, Chefe!","This is not the end of our journey to the stars. Far from it. The next step, you ask? To spread Kerbalkind to the stars. Hope you're ready to colonize some planets, Director!","This is not the end of our journey to the stars. Far from it. The next step, you ask? To spread Kerbalkind to the stars. Hope you're ready to colonize some planets, Director!","This is not the end of our journey to the stars. Far from it. The next step, you ask? To spread Kerbalkind to the stars. Hope you're ready to colonize some planets, Director!","This is not the end of our journey to the stars. Far from it. The next step, you ask? To spread Kerbalkind to the stars. Hope you're ready to colonize some planets, Director!","This is not the end of our journey to the stars. Far from it. The next step, you ask? To spread Kerbalkind to the stars. Hope you're ready to colonize some planets, Director!",,Localized
Missions/Secondary/Tier_3_Gateway/Debrief04,Text,,The Kerbin World-Firsts Record-Keeping Society wanted me to pass you their congratulations. They are very impressed at how far we've gotten with our space program.,Le Cercle de certification de première mondiale de Kerbin m'a demandé de vous transmettre leurs félicitations. Ils sont très impressionnés par les progrès que nous avons accomplis avec notre programme spatial.,La Società dei Primati Mondiali di Kerbin mi ha chiesto di farti le sue congratulazioni. Sono rimasti molto colpiti da quanto lontano siamo arrivati con il nostro programma spaziale.,"Die Kerbin World-Firsts Record-Keeping Society wollte, dass ich dir ihre Glückwünsche überbringe. Sie sind sehr beeindruckt, wie weit wir mit unserem Raumfahrtprogramm gekommen sind.",La Sociedad de Registro de Primeros Logros Mundiales de Kerbin quería que le hiciera llegar sus felicitaciones. Están muy impresionados por lo lejos que hemos llegado con nuestro programa espacial.,The Kerbin World-Firsts Record-Keeping Society wanted me to pass you their congratulations. They are very impressed at how far we've gotten with our space program.,The Kerbin World-Firsts Record-Keeping Society wanted me to pass you their congratulations. They are very impressed at how far we've gotten with our space program.,"Towarzystwo Rejestrowania Rekordów Kerbinessa poprosiło mnie, żebym przekazała ci ich gratulacje. Są pod ogromnym wrażeniem, jak daleko zaszliśmy z naszym programem kosmicznym.","Кербальское общество регистрации мировых рекордов просило меня передать вам свои поздравления. Они очень впечатлены тем, как далеко мы продвинулись с нашей космической программой.",Kerbin世界第一纪录管理协会让我转达他们的祝贺。他们对咱们太空计划取得的长足进步，印象非常深刻。,A Sociedade de Registro de Feitos Inéditos de Kerbin queria que te desse parabéns. Eles estão muito impressionados com o quão longe o nosso Programa Espacial chegou.,The Kerbin World-Firsts Record-Keeping Society wanted me to pass you their congratulations. They are very impressed at how far we've gotten with our space program.,The Kerbin World-Firsts Record-Keeping Society wanted me to pass you their congratulations. They are very impressed at how far we've gotten with our space program.,The Kerbin World-Firsts Record-Keeping Society wanted me to pass you their congratulations. They are very impressed at how far we've gotten with our space program.,The Kerbin World-Firsts Record-Keeping Society wanted me to pass you their congratulations. They are very impressed at how far we've gotten with our space program.,The Kerbin World-Firsts Record-Keeping Society wanted me to pass you their congratulations. They are very impressed at how far we've gotten with our space program.,,Localized
Missions/Secondary/Tier_2_Gateway/Brief02,Text,,"They're considering awarding us another grant, but this time <style=""""TXT-Objective"""">we have to do a crewed landing and return mission on another planet.</style> Quite the step up, but well worth it if we succeed.","Ils réfléchissent à nous allouer d'autres fonds, mais cette fois <style=""""TXT-Objective"""">nous devons atterrir et revenir d'un autre planète avec un équipage.</style> C'est un bond en avant, mais ça vaut le coût si nous réussissons !","Stanno valutando di assegnarci un altro finanziamento, ma stavolta <style=""""TXT-Objective"""">dobbiamo completare una missione di atterraggio e rientro con equipaggio su un altro pianeta.</style> Un bel salto di qualità, ma ne varrà decisamente la pena se ci riusciremo.","Sie ziehen in Betracht, uns einen weiteren Zuschuss zu gewähren, aber diesmal <style=""TXT-Objective"">müssen wir eine bemannte Landung mit Rückkehr auf einem anderen Planeten durchführen.</style> Ein ziemlicher Sprung nach oben, aber es lohnt sich sehr, wenn wir Erfolg haben.","Están considerando darnos otra jugosa subvención, pero esta vez <style=""""TXT-Objective"""">tenemos que hacer una misión de aterrizaje y regreso desde otro planeta.</style> Es un gran salto, pero valdrá mucho la pena si lo logramos","They're considering awarding us another grant, but this time <style=""""TXT-Objective"""">we have to do a crewed landing and return mission on another planet.</style> Quite the step up, but well worth it if we succeed.","They're considering awarding us another grant, but this time <style=""""TXT-Objective"""">we have to do a crewed landing and return mission on another planet.</style> Quite the step up, but well worth it if we succeed.","Zastanawiają się nad przyznaniem nam kolejnego grantu, ale tym razem <style=""""TXT-Objective"""">musimy wykonać misję załogowego lądowania i powrotu z innej planety.</style> Całkiem duży próg do pokonania, ale w pełni tego wart jeśli nam się uda.","Ах да, они рассматривают вопрос о выделении нам нового гранта. Но на этот раз... <style=""""TXT-Objective"""">нам необходимо выполнить пилотируемую посадку на другую планету с последующим возвращением экипажа.</style> Немалая задача, но игра определённо стоит свеч.","他们正考虑再给咱们一笔资助金，但这次的要求是：<style=""""TXT-Objective"""">要在另一颗行星上完成载人登陆并返回的任务。</style>这难度确实不小，但只要能成功，一切都值得。","Eles estão considerando nos dar outro contrato, mas desta vez <style=""""TXT-Objective"""">teremos de pousar (e retornar!) uma tripulação em outro planeta.</style> É um grande passo, mas um que valerá a pena se formos bem-sucedidos.","They're considering awarding us another grant, but this time <style=""""TXT-Objective"""">we have to do a crewed landing and return mission on another planet.</style> Quite the step up, but well worth it if we succeed.","They're considering awarding us another grant, but this time <style=""""TXT-Objective"""">we have to do a crewed landing and return mission on another planet.</style> Quite the step up, but well worth it if we succeed.","They're considering awarding us another grant, but this time <style=""""TXT-Objective"""">we have to do a crewed landing and return mission on another planet.</style> Quite the step up, but well worth it if we succeed.","They're considering awarding us another grant, but this time <style=""""TXT-Objective"""">we have to do a crewed landing and return mission on another planet.</style> Quite the step up, but well worth it if we succeed.","They're considering awarding us another grant, but this time <style=""""TXT-Objective"""">we have to do a crewed landing and return mission on another planet.</style> Quite the step up, but well worth it if we succeed.",,Localized
Missions/Secondary/Tier_3_Gateway/Brief05,Text,,"We could also visit Laythe or Tylo. They both orbit our jolly green gas giant, <style=""""OBJ-Jool"""">Jool</style>. <style=""""OBJ-Tylo"""">Tylo</style> is like Kerbin but without an atmosphere, making it very difficult to land on. Laythe is an ocean moon that does have an atmosphere, so maybe you could try to land on it with a spaceplane? <style=""""TXT-Bold"""">If you choose either of these, you might be able to save some fuel by using the gravity of Jool's moons to slow yourself down.</style> Trust me, give it a try!","Nous pourrions aussi visiter Laythe ou Tylo. Elles orbitent toutes les deux notre joyeuse géante gazeuse verte, <style=""""OBJ-Jool"""">Jool</style>. <style=""""OBJ-Tylo"""">Tylo</style> est comme Kerbin mais sans atmosphère, ce qui rend l'atterrissage très difficile. Laythe est une lune océanique qui a une atmosphère, donc peut-être pourriez-vous tenter d'y atterrir avec un avion spatial ? <style=""""TXT-Bold"""">Si vous choisissez l'une d'entre elles, vous pourriez être capable d'économiser du carburant en utilisant la gravité des lunes de Jool pour vous ralentir.</style> Faîtes-moi confiance, essayez !","Potremmo anche visitare Laythe o Tylo. Orbitano entrambi attorno a <style=""""OBJ-Jool"""">Jool</style>, il nostro allegro gigante gassoso verde. <style=""""OBJ-Tylo"""">Tylo</style> è come Kerbin ma senza atmosfera, il che rende l'atterraggio molto difficile. Laythe è una luna oceanica dotata di atmosfera, quindi potresti provare ad atterrarci con uno spazioplano! <style=""""TXT-Bold"""">Se scegli una di queste mete, potresti risparmiare del carburante usando la gravità delle lune di Jool per rallentare.</style> Fidati di me, fai un tentativo!","Wir könnten auch Laythe oder Tylo besuchen. Beide umkreisen unseren fröhlich grünen Gasriesen, <style=""OBJ-Jool"">Jool</style>. <style=""OBJ-Tylo"">Tylo</style> ist wie Kerbin, nur ohne Atmosphäre, was eine Landung sehr schwierig macht. Laythe ist ein Ozeanmond mit Atmosphäre, also könntest du vielleicht versuchen, mit einem Raumgleiter zu landen? <style=""TXT-Bold"">Wenn du dich für einen dieser Monde entscheidest, könntest du etwas Treibstoff sparen, indem du die Gravitation von Jools Monden nutzt, um abzubremsen.</style> Vertrau mir, probier es aus!","También podemos visitar Laythe o Tylo. Ambos orbitan nuestro alegre gigante gaseoso verde, <style=""""OBJ-Jool"""">Jool</style>. <style=""""OBJ-Tylo"""">Tylo</style>es como Kerbin pero sin atmósfera, lo que hace que aterrizar sea muy difícil. Laythe es una luna oceánica que si tiene atmósfera, así que talvez podrías aterrizar ahí con un avión espacial<style=""""TXT-Bold"""">Si escoges cualquiera de los 2, podrías ahorrar un poco de combustible usando la gravedad de las lunas de Jool para frenar.</style> Confía en mí, ¡inténtalo!","We could also visit Laythe or Tylo. They both orbit our jolly green gas giant, <style=""""OBJ-Jool"""">Jool</style>. <style=""""OBJ-Tylo"""">Tylo</style> is like Kerbin but without an atmosphere, making it very difficult to land on. Laythe is an ocean moon that does have an atmosphere, so maybe you could try to land on it with a spaceplane? <style=""""TXT-Bold"""">If you choose either of these, you might be able to save some fuel by using the gravity of Jool's moons to slow yourself down.</style> Trust me, give it a try!","We could also visit Laythe or Tylo. They both orbit our jolly green gas giant, <style=""""OBJ-Jool"""">Jool</style>. <style=""""OBJ-Tylo"""">Tylo</style> is like Kerbin but without an atmosphere, making it very difficult to land on. Laythe is an ocean moon that does have an atmosphere, so maybe you could try to land on it with a spaceplane? <style=""""TXT-Bold"""">If you choose either of these, you might be able to save some fuel by using the gravity of Jool's moons to slow yourself down.</style> Trust me, give it a try!","Możemy też odwiedzić Laythe lub Tylo. Obie planety krążą wokół naszego wesołego, zielonego gazowego giganta, <style=„”OBJ-Jool„”>Joola</style>. <style=„”OBJ-Tylo„”>Tylo</style> przypomina Kerbin, ale nie ma atmosfery, co sprawia, że lądowanie na niej jest bardzo trudne. Laythe to księżyc oceaniczny, który ma atmosferę, więc może spróbujesz wylądować na nim samolotem kosmicznym? <style=„”TXT-Bold„”>Jeśli wybierzesz którykolwiek z nich, być może uda ci się zaoszczędzić trochę paliwa, wykorzystując grawitację księżyców Joola do spowolnienia lotu.</style> Zaufaj mi, spróbuj!","Мы также могли бы посетить Лейт или Тайло. Оба спутника вращаются вокруг нашего весёлого зелёного газового гиганта — <style=""""OBJ-Jool"""">Джула</style>. <style=""""OBJ-Tylo"""">Тайло</style> похож на Кербин, но без атмосферы, что делает посадку на него очень сложной. Лейт — это океаническая луна с атмосферой, так что, возможно, вы могли бы попробовать сесть на неё с помощью космоплана? <style=""""TXT-Bold"""">Если выберете один из этих вариантов, вы сможете сэкономить топливо, используя гравитацию спутников Джула для торможения.</style> Поверьте, попробуйте!","我们也可以前往Laythe或Tylo。这两颗卫星都围绕着那颗讨人喜欢的绿色气态巨行星——<style=""""OBJ-Jool"""">Jool</style>运行。<style=""""OBJ-Tylo"""">Tylo</style>很像Kerbin，但没有大气层，这让它的着陆难度非常大；而Laythe是一颗拥有大气层的海洋卫星，或许你可以尝试用空天飞机在它上面着陆？<style=""""TXT-Bold"""">要是你选择这两个目标中的任意一个，或许可以利用Jool各卫星的引力来减速，从而节省一些燃料。</style>相信我，不妨试试！","Nos também poderíamos visitar Laythe ou Tylo. Ambos orbitam o nosso gigante gasoso verde,<style=""""OBJ-Jool"""">Jool</style>. <style=""""OBJ-Tylo"""">Tylo</style> é grande como Kerbin, porém sem uma atmosfera, fazendo com que seja bem complicado pousar lá. Laythe é uma lua com oceanos que possui uma atmosfera, então talvez seja possível pousar lá com um avião espacial? <style=""""TXT-Bold"""">Se escolher qualquer um desses, você pode tentar economizar um pouco de combustível usando a gravidade das luas de Jool a seu favor.</style> Confie em mim, é só se esforçar que vai dar certo!","We could also visit Laythe or Tylo. They both orbit our jolly green gas giant, <style=""""OBJ-Jool"""">Jool</style>. <style=""""OBJ-Tylo"""">Tylo</style> is like Kerbin but without an atmosphere, making it very difficult to land on. Laythe is an ocean moon that does have an atmosphere, so maybe you could try to land on it with a spaceplane? <style=""""TXT-Bold"""">If you choose either of these, you might be able to save some fuel by using the gravity of Jool's moons to slow yourself down.</style> Trust me, give it a try!","We could also visit Laythe or Tylo. They both orbit our jolly green gas giant, <style=""""OBJ-Jool"""">Jool</style>. <style=""""OBJ-Tylo"""">Tylo</style> is like Kerbin but without an atmosphere, making it very difficult to land on. Laythe is an ocean moon that does have an atmosphere, so maybe you could try to land on it with a spaceplane? <style=""""TXT-Bold"""">If you choose either of these, you might be able to save some fuel by using the gravity of Jool's moons to slow yourself down.</style> Trust me, give it a try!","We could also visit Laythe or Tylo. They both orbit our jolly green gas giant, <style=""""OBJ-Jool"""">Jool</style>. <style=""""OBJ-Tylo"""">Tylo</style> is like Kerbin but without an atmosphere, making it very difficult to land on. Laythe is an ocean moon that does have an atmosphere, so maybe you could try to land on it with a spaceplane? <style=""""TXT-Bold"""">If you choose either of these, you might be able to save some fuel by using the gravity of Jool's moons to slow yourself down.</style> Trust me, give it a try!","We could also visit Laythe or Tylo. They both orbit our jolly green gas giant, <style=""""OBJ-Jool"""">Jool</style>. <style=""""OBJ-Tylo"""">Tylo</style> is like Kerbin but without an atmosphere, making it very difficult to land on. Laythe is an ocean moon that does have an atmosphere, so maybe you could try to land on it with a spaceplane? <style=""""TXT-Bold"""">If you choose either of these, you might be able to save some fuel by using the gravity of Jool's moons to slow yourself down.</style> Trust me, give it a try!","We could also visit Laythe or Tylo. They both orbit our jolly green gas giant, <style=""""OBJ-Jool"""">Jool</style>. <style=""""OBJ-Tylo"""">Tylo</style> is like Kerbin but without an atmosphere, making it very difficult to land on. Laythe is an ocean moon that does have an atmosphere, so maybe you could try to land on it with a spaceplane? <style=""""TXT-Bold"""">If you choose either of these, you might be able to save some fuel by using the gravity of Jool's moons to slow yourself down.</style> Trust me, give it a try!",,Localized
Missions/Secondary/Tier_3_Gateway/Debrief03,Text,,You should have seen the reaction of mission control when the landing happened. Even some of our old colleagues were speechless.,Vous auriez vu la réaction des employés du Contrôle mission lors de l'atterrissage. Même certains de nos collègues les plus anciens étaient sans voix.,Avresti dovuto vedere la reazione del Centro di Controllo al momento dell'atterraggio. Persino alcuni dei nostri colleghi più anziani sono rimasti senza parole.,"Du hättest die Reaktion der Missionskontrolle sehen sollen, als die Landung gelang. Selbst einige unserer alten Kollegen waren sprachlos.",Debería haber visto la reacción de control de misión cuando se produjo el aterrizaje. Incluso algunos de nuestros antiguos colegas se quedaron sin palabras,You should have seen the reaction of mission control when the landing happened. Even some of our old colleagues were speechless.,You should have seen the reaction of mission control when the landing happened. Even some of our old colleagues were speechless.,"Trzeba było zobaczyć reakcję centrum kontroli lotów, kiedy doszło do lądowania. Nawet niektórzy z naszych dawnych kolegów zaniemówili.","Вы бы видели реакцию центра управления полётами, когда произошла посадка. Даже некоторые из наших старых коллег были без слов.",你真该看看着陆成功那一刻任务控制中心的反应——就连咱们的一些老同事，都激动得说不出话来。,Você devia ter visto a reação do Controle de Missão quando pousamos. Até os veteranos ficaram sem ar!,You should have seen the reaction of mission control when the landing happened. Even some of our old colleagues were speechless.,You should have seen the reaction of mission control when the landing happened. Even some of our old colleagues were speechless.,You should have seen the reaction of mission control when the landing happened. Even some of our old colleagues were speechless.,You should have seen the reaction of mission control when the landing happened. Even some of our old colleagues were speechless.,You should have seen the reaction of mission control when the landing happened. Even some of our old colleagues were speechless.,,Localized
Missions/Secondary/Tier_2_Gateway/Objective01,Text,,"Plant a flag on Duna, Ike, Gilly or Dres.","Plantez un drapeau sur Duna, Ike, Gilly ou Dres.","Pianta una bandiera su Duna, Ike, Gilly o Dres","Pflanze eine Flagge auf Duna, Ike, Gilly oder Dres.","Planta una bandera en Duna, Ike, Gilly o Dres","Plant a flag on Duna, Ike, Gilly or Dres.","Plant a flag on Duna, Ike, Gilly or Dres.","Rozstaw flagę na Duna, Ike, Gilly lub Dres.","Установите флаг на Дюне, Айке, Гилли или Дрес",在Duna，Ike，Gilly或者Dres上插旗。,"Plante uma bandeira em Duna, Ike, Gilly ou Dres.","Plant a flag on Duna, Ike, Gilly or Dres.","Plant a flag on Duna, Ike, Gilly or Dres.","Plant a flag on Duna, Ike, Gilly or Dres.","Plant a flag on Duna, Ike, Gilly or Dres.","Plant a flag on Duna, Ike, Gilly or Dres.",,Localized
Missions/Secondary/Tier_2_Gateway/Name,Text,,To Boldly Go,La tête la première,Fino ad arrivare,Kühn dahin,Llegar audazmente,To Boldly Go,To Boldly Go,Śmiało Dążyć Naprzód,"Вперёд, к неизведанному!",勇敢前行,Intrepidamente ir aonde ninguém jamais esteve.,To Boldly Go,To Boldly Go,To Boldly Go,To Boldly Go,To Boldly Go,,Localized
Missions/Secondary/Tier_2_Gateway/Objective02,Text,,"Return a surface sample from Duna, Ike, Gilly or Dres to Kerbin.","Prélevez un échantillon de surface sur Duna, Ike, Gilly ou Dres et ramenez-le sur Kerbin.","Riporta su Kerbin un campione di superficie di Duna, Ike, Gilly o Dres","Bringe eine Bodenprobe von Duna, Ike, Gilly oder Dres nach Kerbin zurück.","Trae un estudio de superficie de Duna, Ike, Gilly o Dres a Kerbin","Return a surface sample from Duna, Ike, Gilly or Dres to Kerbin.","Return a surface sample from Duna, Ike, Gilly or Dres to Kerbin.","Dostarcz próbkę powierzchni z Duna, Ike, Gilly lub Dres z powrotem na Kerbin.","Доставьте на Кербин образец грунта с Дюны, Айка, Гилли или Дрес",带回一份来自Duna，Ike，Gilly或者Dres的地表样本。,"Retorne uma amostra da superfície de Duna, Ike, Gilly ou Dres para Kerbin.","Return a surface sample from Duna, Ike, Gilly or Dres to Kerbin.","Return a surface sample from Duna, Ike, Gilly or Dres to Kerbin.","Return a surface sample from Duna, Ike, Gilly or Dres to Kerbin.","Return a surface sample from Duna, Ike, Gilly or Dres to Kerbin.","Return a surface sample from Duna, Ike, Gilly or Dres to Kerbin.",,Localized
Missions/Secondary/Tier_3_Gateway/Debrief01,Text,,We've done it! We've successfully conquered one of the most difficult destinations in the Kerbol system!,Nous avons réussi ! Nous avons conquis avec succès une des destination les plus difficiles du système Kerbol !,Ce l'abbiamo fatta! Abbiamo conquistato con successo una delle destinazioni più difficili di tutto il sistema Kerbol!,Wir haben es geschafft! Wir haben erfolgreich eines der schwierigsten Ziele im Kerbol-System erobert!,¡Lo logramos! ¡Hemos conquistado con éxito uno de los destinos más difíciles de Sistema Kerbol!,We've done it! We've successfully conquered one of the most difficult destinations in the Kerbol system!,We've done it! We've successfully conquered one of the most difficult destinations in the Kerbol system!,Udało nam się! Z powodzeniem podbiliśmy jeden z najtrudniejszych celów w układem Kerbolnym!,Мы сделали это! Мы успешно покорили одно из самых труднодоступных мест в системе нашей прекрасной звезды Кербол!,咱们做到了！咱们成功征服了Kerbol星系中最难的目的地之一！,Nos conseguimos! Nos conquistamos com sucesso um dos destinos mais desafiadores no Sistema Kerbol!,We've done it! We've successfully conquered one of the most difficult destinations in the Kerbol system!,We've done it! We've successfully conquered one of the most difficult destinations in the Kerbol system!,We've done it! We've successfully conquered one of the most difficult destinations in the Kerbol system!,We've done it! We've successfully conquered one of the most difficult destinations in the Kerbol system!,We've done it! We've successfully conquered one of the most difficult destinations in the Kerbol system!,,Localized
Missions/Secondary/Tier_2_Gateway/Description,Text,,We are ready for the next milestone for our space program: a crewed return from another planet.,Nous sommes prêts pour la prochaine grande étape de notre programme spatial : Un voyage aller-retour sur une autre planète avec un équipage.,Siamo pronti per il prossimo traguardo del nostro programma spaziale: il rientro con equipaggio da un altro pianeta.,Wir sind bereit für den nächsten Meilenstein unseres Raumfahrtprogramms: eine bemannte Rückkehr von einem anderen Planeten.,Estamos listos para el siguiente gran desafío de nuestro programa espacial: un regreso tripulado desde otro planeta.,We are ready for the next milestone for our space program: a crewed return from another planet.,We are ready for the next milestone for our space program: a crewed return from another planet.,Jesteśmy gotowi na kolejny kamień milowy naszego programu kosmicznego: załogowy powrót z innej planety.,Мы готовы к достижению новой вехи в нашей космической программе: возвращению экипажа с другой планеты.,我们已准备好迎接太空计划的下一个里程碑：从另一颗行星载人返回。,Nós estamos prontos para o próximo marco do nosso Programa Espacial: uma missão de retorno tripulada vinda de outro planeta.,We are ready for the next milestone for our space program: a crewed return from another planet.,We are ready for the next milestone for our space program: a crewed return from another planet.,We are ready for the next milestone for our space program: a crewed return from another planet.,We are ready for the next milestone for our space program: a crewed return from another planet.,We are ready for the next milestone for our space program: a crewed return from another planet.,,Localized
Missions/Secondary/Tier_2_Gateway/Brief01,Text,,"Oh, there you are Director! I was just tending to some coffee-related matters in my office when I suddenly heard a knock at my door. Turns out it was a representative from the Kerbin World-Firsts Record-Keeping Society, coming to ask about how our space program is going!","Ah, vous voilà Directeur ! J'étais en train de m'occuper d'affaires concernant le café quand j'ai entendu toquer à ma porte. Cétait un représentant du Cercle de certification de première mondiale de Kerbin, qui venait voir comment avançait notre programme spatial !","Oh, eccoti qui, Direttore! Stavo giusto sbrigando alcune faccende legate al caffè nel mio ufficio quando all'improvviso ho sentito bussare alla porta. Indovina un po'? Era un rappresentante della Società dei Primati Mondiali di Kerbin, venuto a chiederci come sta andando il nostro programma spaziale!","Ah, da sind Sie ja, Direktor! Ich habe mich gerade um ein paar kaffee­bezogene Angelegenheiten in meinem Büro gekümmert, als ich plötzlich ein Klopfen an der Tür hörte. Es stellte sich heraus, dass es ein Vertreter der Kerbin World-Firsts Record-Keeping Society, war, der nach dem Stand unseres Raumfahrtprogramms fragen wollte!","Oh, ¡Al fin te encuentro, Director! Estaba atendiendo asuntos cafeteros en mi oficina cuando de repente escuché a alguien tocando a mi puerta. Resulta que era un representante de la Sociedad de Registro de Logros Mundiales de Kerbin, ¡que vino para preguntar cómo le iba a nuestro programa espacial!","Oh, there you are Director! I was just tending to some coffee-related matters in my office when I suddenly heard a knock at my door. Turns out it was a representative from the Kerbin World-Firsts Record-Keeping Society, coming to ask about how our space program is going!","Oh, there you are Director! I was just tending to some coffee-related matters in my office when I suddenly heard a knock at my door. Turns out it was a representative from the Kerbin World-Firsts Record-Keeping Society, coming to ask about how our space program is going!","Och, proszę, Dyrektorze! Właśnie zajmowałam się pewnymi sprawami związanymi z kawą w moim biurze, gdy nagle usłyszałam pukanie do drzwi. Okazało się, że to przedstawiciel Towarzystwa Rejestrowania Rekordów Kerbinessa, który przyszedł zapytać, jak idzie nam nasz program kosmiczny!","А, вот и вы, Директор! Я как раз занимался в своём кабинете одним... кхм... кофесвязанным вопросом, как вдруг услышал стук в дверь. Оказалось, это представитель Кербинского Общества Регистрации Космических Рекордов пришёл поинтересоваться, как продвигается наша космическая программа!",哦，局长，您可算来了！我刚才正在办公室里忙活些和咖啡有关的事儿呢，突然就听到了敲门声。原来是Kerbin世界第一纪录管理协会的一位代表，特意来询问咱们太空计划的进展情况！,"Ah, ai está você Chefe! Eu estava apenas resolvendo alguns assuntos relacionados a café no meu escritório quando eu ouvi uma batida na minha porta. Acontece que era um representante da A Sociedade de Registro de Feitos Inéditos de Kerbin, ele veio perguntar como nosso Programa Espacial está indo!","Oh, there you are Director! I was just tending to some coffee-related matters in my office when I suddenly heard a knock at my door. Turns out it was a representative from the Kerbin World-Firsts Record-Keeping Society, coming to ask about how our space program is going!","Oh, there you are Director! I was just tending to some coffee-related matters in my office when I suddenly heard a knock at my door. Turns out it was a representative from the Kerbin World-Firsts Record-Keeping Society, coming to ask about how our space program is going!","Oh, there you are Director! I was just tending to some coffee-related matters in my office when I suddenly heard a knock at my door. Turns out it was a representative from the Kerbin World-Firsts Record-Keeping Society, coming to ask about how our space program is going!","Oh, there you are Director! I was just tending to some coffee-related matters in my office when I suddenly heard a knock at my door. Turns out it was a representative from the Kerbin World-Firsts Record-Keeping Society, coming to ask about how our space program is going!","Oh, there you are Director! I was just tending to some coffee-related matters in my office when I suddenly heard a knock at my door. Turns out it was a representative from the Kerbin World-Firsts Record-Keeping Society, coming to ask about how our space program is going!",,Localized
Missions/Secondary/Tier_2_Gateway/Brief03,Text,,"Mission Control suggests we target a planet within our planetary neighbourhood. The Record-Keeping Society wasn't specific, so we can also land on an extraterrestrial moon if we want to. That leaves Duna, Eve, Dres and their moons as prime candidates.","Le Contrôle Mission nous suggère de viser une planète proche. Le Cercle de certification de première mondiale n'a pas donné plus de précision, donc nous pourrions également viser la lune d'une autre planète si nous le voulons. Cela désigne Duna, Eve, Dres ainsi que leurs lunes comme parfaits candidats.","Il Centro di Controllo suggerisce di puntare a un pianeta nel nostro vicinato planetario. La Società dei Primati non è stata specifica, quindi se vogliamo possiamo anche atterrare su una luna extraterrestre. Questo lascia Duna, Eve, Dres e le loro lune come candidati ideali.","Die Missionskontrolle schlägt vor, dass wir einen Planeten in unserer planetaren Nachbarschaft anvisieren. Die Rekordgesellschaft war nicht spezifisch, also können wir auch auf einem außerirdischen Mond landen, wenn wir möchten. Damit bleiben Duna, Eve, Dres und ihre Monde als Hauptkandidaten.","Control de misión sugiere que nuestro objetivo sea un planeta vecino. La sociedad de registro de récords mundiales no fue específica, así que también podemos aterrizar en una luna de otro planeta si queremos, esto nos deja con Duna, Eve, Dres y sus lunas como los principales candidatos.","Mission Control suggests we target a planet within our planetary neighbourhood. The Record-Keeping Society wasn't specific, so we can also land on an extraterrestrial moon if we want to. That leaves Duna, Eve, Dres and their moons as prime candidates.","Mission Control suggests we target a planet within our planetary neighbourhood. The Record-Keeping Society wasn't specific, so we can also land on an extraterrestrial moon if we want to. That leaves Duna, Eve, Dres and their moons as prime candidates.","Kontrola Misji sugeruje, ayśmy wybrali planetę w naszym sąsiedztwie planetarnym. Towarzystwo Kronikarskie Rekordów nie było konkretne, więc możemy także wylądować na jakimś księżycu, jeśli chcemy. Pozostawia to Duna, Eve, Dres i ich księżyce jako głównych kandydatów.","Центр управления полётами предлагает нам выбрать цель в наших планетных окрестностях. Общество Регистрации Рекордов не уточняло деталей, так что мы можем сесть даже на чужую луну, если захотим. Таким образом, основными кандидатами остаются Дюна, Ева, Дрес и их спутники.",任务控制中心建议我们将目标锁定在行星周边区域内的一颗行星上。纪录管理协会没有明确要求，所以如果我们愿意，也可以选择登陆一颗地外卫星。这样一来，Duna、Eve、Dres以及它们的卫星，就成了主要候选目标。,"O Controle da Missão sugeriu que visássemos um planeta mais próximo. A Sociedade de Recordes não foi específica, então podemos pousar em um lua extraterrestre se quisermos. Isso deixa Duna, Eve, Dres e suas respectivas luas como excelentes candidatos.","Mission Control suggests we target a planet within our planetary neighbourhood. The Record-Keeping Society wasn't specific, so we can also land on an extraterrestrial moon if we want to. That leaves Duna, Eve, Dres and their moons as prime candidates.","Mission Control suggests we target a planet within our planetary neighbourhood. The Record-Keeping Society wasn't specific, so we can also land on an extraterrestrial moon if we want to. That leaves Duna, Eve, Dres and their moons as prime candidates.","Mission Control suggests we target a planet within our planetary neighbourhood. The Record-Keeping Society wasn't specific, so we can also land on an extraterrestrial moon if we want to. That leaves Duna, Eve, Dres and their moons as prime candidates.","Mission Control suggests we target a planet within our planetary neighbourhood. The Record-Keeping Society wasn't specific, so we can also land on an extraterrestrial moon if we want to. That leaves Duna, Eve, Dres and their moons as prime candidates.","Mission Control suggests we target a planet within our planetary neighbourhood. The Record-Keeping Society wasn't specific, so we can also land on an extraterrestrial moon if we want to. That leaves Duna, Eve, Dres and their moons as prime candidates.",,Localized
Missions/Secondary/Tier_3_Gateway/Name,Text,,Not Because It Is Easy...,Non pas parce que c'est facile...,Non perché sia facile...,"Nicht, weil es einfach ist…",No por ser fácil...,Not Because It Is Easy...,Not Because It Is Easy...,"Nie Dlatego, Że to Jest łatwe...","Не потому, что это легко...",选择它，并非因为它简单……,Não porque é fácil...,Not Because It Is Easy...,Not Because It Is Easy...,Not Because It Is Easy...,Not Because It Is Easy...,Not Because It Is Easy...,,Localized
Missions/Secondary/Tier_2_Gateway/Brief04,Text,,"Whichever destination you choose, visiting another planet and returning in one piece is no small feat. You might want to pay a visit to the <style=""""KSC-Training-Center"""">Training Center</style> and take a look at some of the tutorials there. Don't forget to plant a flag and take some surface samples for our scientists, too. They're very eager to get their hands on some extraterrestrial rocks—the lead researcher nearly fainted when I told them we were doing this.","Qu'importe la destination que vous choisissez, visiter une autre planète et revenir en un seul morceau n'est pas une mince affaire. Vous pourriez visiter le <style=""""KSC-Training-Center"""">Centre d'entraînement</style> et consulter certaines des leçons disponibles. N'oubliez pas également de planter un drapeau et de ramener quelques échantillons de surface pour nos scientifiques. Ils ont très hâte de pouvoir mettre la main sur des roches extraterrestres. Le directeur scientifique a failli s'évanouir quand je lui ai fait part de nos plans.","Qualunque destinazione tu scelga, visitare un altro pianeta e tornare indietro tutti d'un pezzo non è un'impresa da poco. Ti consiglio di fare un salto al <style=""""KSC-Training-Center"""">Centro di Addestramento</style> e dare un'occhiata ad alcuni dei tutorial disponibili. E non dimenticarti di piantare una bandiera e prelevare dei campioni di superficie per i nostri scienziati. Non vedono l'ora di mettere le mani su delle rocce extraterrestri—il capo dei ricercatori è quasi svenuto quando gli ho detto cosa avevamo in mente.","Ganz gleich, welches Ziel Sie wählen – einen anderen Planeten zu besuchen und heil zurückzukehren, ist keine kleine Aufgabe. Vielleicht sollten Sie dem <style=""KSC-Training-Center"">Trainingszentrum</style> einen Besuch abstatten und sich einige der Tutorials dort ansehen. Vergessen Sie auch nicht, eine Flagge zu pflanzen und ein paar Bodenproben für unsere Wissenschaftler mitzunehmen. Sie sind sehr erpicht darauf, außerirdische Gesteine in die Hände zu bekommen – der leitende Forscher ist fast in Ohnmacht gefallen, als ich ihm sagte, dass wir das tatsächlich machen.","Sea cual sea tu destino, visitar otro planeta y regresar enterito no es un juego de niños. Probablemente quieras realizar una visita al <style=""""KSC-Training-Center"""">Centro de entrenamiento</style> y echarle un vistazo a los tutoriales disponibles. Y tal vez quieras plantar una bandera y realizar algunos estudios de superficie para nuestros científicos. Están muy entusiasmados por poner sus manos en rocas extraterrestres: El investigador en jefe estuvo a punto de desmayarse cuando le dije lo que haríamos.","Whichever destination you choose, visiting another planet and returning in one piece is no small feat. You might want to pay a visit to the <style=""""KSC-Training-Center"""">Training Center</style> and take a look at some of the tutorials there. Don't forget to plant a flag and take some surface samples for our scientists, too. They're very eager to get their hands on some extraterrestrial rocks—the lead researcher nearly fainted when I told them we were doing this.","Whichever destination you choose, visiting another planet and returning in one piece is no small feat. You might want to pay a visit to the <style=""""KSC-Training-Center"""">Training Center</style> and take a look at some of the tutorials there. Don't forget to plant a flag and take some surface samples for our scientists, too. They're very eager to get their hands on some extraterrestrial rocks—the lead researcher nearly fainted when I told them we were doing this.","Którakolwiek wybierze destynacje, odwiedzenie innej planety nie jest małym wyzwaniem. Mógłbyś chcieć odwiedzić nas w <style=""""KSC-Training-Center"""">Centrum Szkoleniowym</style> i obejrzeć tutejsze poradnik. Nie zapomnij wbić flagi i zabrać ze sobą parę próbek z powierzchni dla naszych naukowców. Już nie mogą się doczekać, aż trochę pozakerbinowych kamyków trafi w ich łapska, paru naukowców prawie zemdlało, jak im powiedzieliśmy, że im je załatwimy.","Какую бы цель вы ни выбрали, долететь до другой планеты и вернуться целым — задача не из лёгких. Возможно, вам стоит заглянуть в <style=""""KSC-Training-Center"""">Учебный центр</style> и посмотреть некоторые из тамошних обучающих уроков. И не забудьте установить флаг и взять образцы поверхности для наших учёных. Они очень хотят заполучить в свои руки внеземные камни — главный научный сотрудник чуть не упал в обморок, когда я сказал ему, что мы это затеваем.","无论你选择哪个目的地，造访另一颗行星并完好无损地返回，都绝非易事。你或许可以去<style=""""KSC-Training-Center"""">训练中心</style>看看，那里有一些教程或许能帮到你。另外，别忘了插上旗帜，再为我们的科学家采集一些地表样本——他们迫切想要拿到这些地外岩石样本，我跟他们说我们要执行这项任务时，首席研究员差点激动得晕过去。","Qualquer que seja o destino que você vá escolher, visitar outro planeta e retornar inteiro não é nada fácil. Talvez seja uma boa ideia visitar o <style=""""CEK-Centro-de-Treinamento"""">Training Center</style> e dar uma olhada em alguns dos tutoriais lá. Não se esqueça de plantar uma bandeira e pegar uma amostra da superfície para os nossos cientistas. Eles estão extremamente ansiosos para botar as mãos em algumas pedras extraterrestres—o cientista chefe quase desmaiou quando eu contei pra ele que nos realmente íamos fazer isto!","Whichever destination you choose, visiting another planet and returning in one piece is no small feat. You might want to pay a visit to the <style=""""KSC-Training-Center"""">Training Center</style> and take a look at some of the tutorials there. Don't forget to plant a flag and take some surface samples for our scientists, too. They're very eager to get their hands on some extraterrestrial rocks—the lead researcher nearly fainted when I told them we were doing this.","Whichever destination you choose, visiting another planet and returning in one piece is no small feat. You might want to pay a visit to the <style=""""KSC-Training-Center"""">Training Center</style> and take a look at some of the tutorials there. Don't forget to plant a flag and take some surface samples for our scientists, too. They're very eager to get their hands on some extraterrestrial rocks—the lead researcher nearly fainted when I told them we were doing this.","Whichever destination you choose, visiting another planet and returning in one piece is no small feat. You might want to pay a visit to the <style=""""KSC-Training-Center"""">Training Center</style> and take a look at some of the tutorials there. Don't forget to plant a flag and take some surface samples for our scientists, too. They're very eager to get their hands on some extraterrestrial rocks—the lead researcher nearly fainted when I told them we were doing this.","Whichever destination you choose, visiting another planet and returning in one piece is no small feat. You might want to pay a visit to the <style=""""KSC-Training-Center"""">Training Center</style> and take a look at some of the tutorials there. Don't forget to plant a flag and take some surface samples for our scientists, too. They're very eager to get their hands on some extraterrestrial rocks—the lead researcher nearly fainted when I told them we were doing this.","Whichever destination you choose, visiting another planet and returning in one piece is no small feat. You might want to pay a visit to the <style=""""KSC-Training-Center"""">Training Center</style> and take a look at some of the tutorials there. Don't forget to plant a flag and take some surface samples for our scientists, too. They're very eager to get their hands on some extraterrestrial rocks—the lead researcher nearly fainted when I told them we were doing this.",,Localized
Missions/Secondary/Tier_2_Gateway/Brief05,Text,,"So what do you think, Director? Where will our first ever extraterrestrial return journey take us? It's all up to you! Good luck!","Donc qu'est ce que vous en pensez, Directeur ? Où nous mènera notre premier voyage extraterrestre ? Le choix vous appartient ! Bonne chance !","Quindi che ne pensi, Direttore? Dove ci porterà il nostro primo viaggio di ritorno extraterrestre? Dipende tutto da te! Buona fortuna!","Also, was meinen Sie, Direktor? Wohin wird uns unsere allererste außerirdische Rückkehrmission führen? Die Entscheidung liegt ganz bei Ihnen! Viel Glück!","¿Así que, qué opinas, Director? ¿Adónde nos llevará nuestra primerísima travesía de ida y vuelta a otro planeta? ¡Lo dejo todo en tus manos! ¡Buena suerte!","So what do you think, Director? Where will our first ever extraterrestrial return journey take us? It's all up to you! Good luck!","So what do you think, Director? Where will our first ever extraterrestrial return journey take us? It's all up to you! Good luck!","A więc, co myślisz, Dyrektorze? Dokąd zaprowadzi nas nasza pierwsza w historii międzyplanetarna podróż powrotna? Decyzja należy do ciebie! Powodzenia!","Итак, что вы думаете, Директор? Куда же направится наше первое в истории возвращение с чужого небесного тела? Решение за вами! Удачи!",那么您觉得呢，局长？咱们这有史以来第一次地外返回任务，该前往哪个目的地呢？全由您来决定！祝您好运！,"Então, o que acha Chefe? Qual sera o destino da nossa primeira jornada de retorno extraterrestre? Você que decide! Boa sorte!","So what do you think, Director? Where will our first ever extraterrestrial return journey take us? It's all up to you! Good luck!","So what do you think, Director? Where will our first ever extraterrestrial return journey take us? It's all up to you! Good luck!","So what do you think, Director? Where will our first ever extraterrestrial return journey take us? It's all up to you! Good luck!","So what do you think, Director? Where will our first ever extraterrestrial return journey take us? It's all up to you! Good luck!","So what do you think, Director? Where will our first ever extraterrestrial return journey take us? It's all up to you! Good luck!",,Localized
Missions/Secondary/Tier_2_Gateway/Debrief01,Text,,I can't believe it. We landed on an extraterrestrial celestial body... and returned!,Je n'arrive pas à y croire. Nous avons atterri sur un corps céleste extraterrestre... et avons réussi à rentrer !,Non riesco a crederci. Siamo atterrati su un corpo celeste extraterrestre... e siamo tornati indietro!,Ich kann es nicht glauben. Wir sind auf einem außerirdischen Himmelskörper gelandet … und zurückgekehrt!,¡Increíble!¡Aterrizamos en un planeta extraterrestre... y regresamos!,I can't believe it. We landed on an extraterrestrial celestial body... and returned!,I can't believe it. We landed on an extraterrestrial celestial body... and returned!,Nie mogę w to uwierzyć. Wylądowaliśmy na obcym ciele niebieskim… i wróciliśmy!,Невероятно! Мы совершили посадку на другом небесном теле... и вернулись!,简直不敢相信！我们不仅登陆了一颗地外天体…… 还成功返航了！,Eu não acredito. Nos pousamos em outro corpo celeste... e voltamos!,I can't believe it. We landed on an extraterrestrial celestial body... and returned!,I can't believe it. We landed on an extraterrestrial celestial body... and returned!,I can't believe it. We landed on an extraterrestrial celestial body... and returned!,I can't believe it. We landed on an extraterrestrial celestial body... and returned!,I can't believe it. We landed on an extraterrestrial celestial body... and returned!,,Localized
Missions/Secondary/Tier_2_Gateway/Debrief02,Text,,"I'm so proud of us, Director! The crew is still getting checked out in the medical center, but they are already entertaining everyone with amazing stories about this new world.

I wish I could have gone myself, but someone has to run this place.","Je suis tellement fier de nous, Directeur ! L'équipage est toujours en train de se faire examiner au centre médical, mais ils sont en train de divertir tous le monde avec des histoires incroyables sur ce nouveau monde.

J'aurais bien aimé y aller moi-même, mais quelqu'un doit bien gérer le CSK","Sono così fiera di noi, Direttore! L'equipaggio è ancora sotto osservazione al centro medico, ma sta già intrattenendo tutti con i fantastici racconti su questo nuovo mondo.

Avrei tanto voluto andarci anch'io, ma qualcuno dovrà pur mandare avanti la baracca qui.","Ich bin so stolz auf uns, Direktor! Die Crew wird gerade noch im medizinischen Zentrum untersucht, aber sie unterhält schon jetzt alle mit erstaunlichen Geschichten über diese neue Welt.

Ich wünschte, ich hätte selbst mitfliegen können, aber irgendjemand muss diesen Laden ja leiten.","¡Estoy muy orgulloso de nosotros, Director! La tripulación está bajo observación en el centro médico, pero ya están fascinando a todos con historias de este nuevo mundo.

Desearía haber ido en persona, pero alguien tiene que dirigir este lugar.","I'm so proud of us, Director! The crew is still getting checked out in the medical center, but they are already entertaining everyone with amazing stories about this new world.

I wish I could have gone myself, but someone has to run this place.","I'm so proud of us, Director! The crew is still getting checked out in the medical center, but they are already entertaining everyone with amazing stories about this new world.

I wish I could have gone myself, but someone has to run this place.","Jestem z nas taka dumna, Dyrektorze! Załoga wciąż przechodzi badania w centrum medycznym, ale już teraz bawi wszystkich niesamowitymi opowieściami o tym nowym świecie.

Szkoda, że sama nie mogłam tam polecieć, ale ktoś musi przecież tym wszystkim zarządzać.","Я так нами горжусь, Директор! Экипаж всё ещё проходит обследование в медблоке, но они уже вовсю делятся невероятными историями об этом новом мире.

Хотел бы я сам полететь, но кто-то же должен управлять всем этим хозяйством!","我真为咱们感到骄傲，局长！宇航员团队还在医疗中心接受检查，但已经在给大家讲这颗“新世界”的精彩故事，逗得所有人都很开心。

我真希望自己也能去一趟，不过这儿也总得有人打理嘛！","Eu estou tão orgulhosa de nós, Chefe! A tripulação ainda está sendo examinada no Centro Médico, mas eles já estão maravilhando todo mundo com as historias incríveis a respeito desse mundo novo.

Eu mesma queria ter ido, mas alguém tem que gerir esse lugar!","I'm so proud of us, Director! The crew is still getting checked out in the medical center, but they are already entertaining everyone with amazing stories about this new world.

I wish I could have gone myself, but someone has to run this place.","I'm so proud of us, Director! The crew is still getting checked out in the medical center, but they are already entertaining everyone with amazing stories about this new world.

I wish I could have gone myself, but someone has to run this place.","I'm so proud of us, Director! The crew is still getting checked out in the medical center, but they are already entertaining everyone with amazing stories about this new world.

I wish I could have gone myself, but someone has to run this place.","I'm so proud of us, Director! The crew is still getting checked out in the medical center, but they are already entertaining everyone with amazing stories about this new world.

I wish I could have gone myself, but someone has to run this place.","I'm so proud of us, Director! The crew is still getting checked out in the medical center, but they are already entertaining everyone with amazing stories about this new world.

I wish I could have gone myself, but someone has to run this place.",,Localized
Missions/Secondary/Tier_3_Gateway/Debrief02,Text,,"I'm so glad the Wall of Shame crisis is averted. And that the kerbonauts returned in one piece, of course. We got another nice grant for <style=""""KSC-RD-Center"""">R&D</style> too, so expect a higher than usual amount of explosions coming from the R&D building for the foreseeable future.","Je suis si heureuse que la crise du Mur de la Honte ait été évitée. Et que les Kerbonautes soient rentrés sain et sauf, bien sûr. Nous avons également reçu une jolie subvention pour le <style=""""KSC-RD-Center"""">Centre R&D</style>, donc attendez-vous à davantage d’explosions que d'habitude provenant du bâtiment R&D dans un avenir proche.","Sono davvero felice che quella figuraccia storica sia stata evitata. E che i kerbonauti siano tornati tutti d'un pezzo, ovviamente. Abbiamo anche ottenuto un altro bel finanziamento per la <style=""""KSC-RD-Center"""">R&S</style>, quindi aspettati una quantità di esplosioni superiore alla media provenire dall'edificio di R&S nel prossimo futuro.","Wir haben es geschafft! Ich bin so froh, dass die Krise der Schandwand abgewendet ist. Und dass die Kerbonauten natürlich unversehrt zurückgekehrt sind. Wir haben auch einen weiteren schönen Zuschuss für das <style=""KSC-RD-Center"">F&E</style> erhalten, also erwartet in absehbarer Zeit eine höhere als gewöhnliche Anzahl von Explosionen aus dem F&E-Gebäude.","Me alegra mucho de que se haya evitado la crisis del muro de la vergüenza. Y que los Kerbonautas regresaran de una pieza, por supuesto. También recibimos otra grandiosa subvención para nuestro departamento de <style=""""KSC-RD-Center"""">I+D</style> , asi es que se espera un número mayor a lo habitual de explosiones provenientes del edificio de I+D en el futuro cercano.","I'm so glad the Wall of Shame crisis is averted. And that the kerbonauts returned in one piece, of course. We got another nice grant for <style=""""KSC-RD-Center"""">R&D</style> too, so expect a higher than usual amount of explosions coming from the R&D building for the foreseeable future.","I'm so glad the Wall of Shame crisis is averted. And that the kerbonauts returned in one piece, of course. We got another nice grant for <style=""""KSC-RD-Center"""">R&D</style> too, so expect a higher than usual amount of explosions coming from the R&D building for the foreseeable future.","Bardzo się cieszę, że udało się zażegnać kryzys związany ze „Ścianą Wstydu”. No i oczywiście, że kerbonauci wrócili cali i zdrowi. Dostaliśmy też kolejną niezłą dotację na <style=„”KSC-RD-Center„”>Dzial BR</style>, więc w najbliższym czasie spod budynku dzialu BR można spodziewać się większej niż zwykle liczby eksplozji.","Я так рад, что кризис с Доской позора миновал. И что кербонавты вернулись целыми, конечно. Мы получили ещё один хороший грант для <style=""""KSC-RD-Center"""">Научного центра</style>, так что ожидайте в обозримом будущем больше взрывов, чем обычно, исходящих из здания Научников","总算不用上那面“耻辱墙”了，真是太好了！当然了，宇航员们能完好无损地回来，也同样让人开心。咱们还拿到了给<style=""""KSC-RD-Center"""">研发部门</style>的又一笔不错的资助金——所以啊，接下来一段时间里，研发楼里的爆炸声估计会比平时多不少，你可要有心理准备。","Estou tão feliz que evitamos o vexame de aparecer na Seção de Fracassos. E que os nossos Kerbonautas voltaram inteiros, é claro. Também conseguimos outro contrato suculento pro <style=""""KSC-RD-Center"""">Departamento de P&D</style>, então fique preparado pra explosões ainda mais frequentes vindo do prédio de P&D no futuro próximo.","I'm so glad the Wall of Shame crisis is averted. And that the kerbonauts returned in one piece, of course. We got another nice grant for <style=""""KSC-RD-Center"""">R&D</style> too, so expect a higher than usual amount of explosions coming from the R&D building for the foreseeable future.","I'm so glad the Wall of Shame crisis is averted. And that the kerbonauts returned in one piece, of course. We got another nice grant for <style=""""KSC-RD-Center"""">R&D</style> too, so expect a higher than usual amount of explosions coming from the R&D building for the foreseeable future.","I'm so glad the Wall of Shame crisis is averted. And that the kerbonauts returned in one piece, of course. We got another nice grant for <style=""""KSC-RD-Center"""">R&D</style> too, so expect a higher than usual amount of explosions coming from the R&D building for the foreseeable future.","I'm so glad the Wall of Shame crisis is averted. And that the kerbonauts returned in one piece, of course. We got another nice grant for <style=""""KSC-RD-Center"""">R&D</style> too, so expect a higher than usual amount of explosions coming from the R&D building for the foreseeable future.","I'm so glad the Wall of Shame crisis is averted. And that the kerbonauts returned in one piece, of course. We got another nice grant for <style=""""KSC-RD-Center"""">R&D</style> too, so expect a higher than usual amount of explosions coming from the R&D building for the foreseeable future.",,Localized
Missions/Secondary/Tier_2_Gateway/Debrief03,Text,,"<style=""""KSC-RD-Center"""">The R&D department</style> immediately started working on a plethora of new technologies, thanks to the grant from the Kerbin World-Firsts Record-Keeping Society. They put in a request for 200 kg of enriched uranium with the Materials Department. <style=""""TXT-Bold"""">If you see something glowing green in the next few days, you might want to turn around and run.</style>","<style=""""KSC-RD-Center"""">Le centre R&D</style> a immédiatement commencé à travailler sur une pléthore de nouvelles technologies, grâce aux fonds que nous a alloué le Cercle de certification de première mondiale de Kerbin. Ils ont commandé 200 kg d'uranium enrichi au département des matériaux. <style=""""TXT-Bold"""">Si dans les prochains jours, vous voyez une lueur verte, vous devriez vous retourner et courir.</style>","<style=""""KSC-RD-Center"""">Il dipartimento di Ricerca e Sviluppo</style> ha iniziato immediatamente a lavorare su una pletora di nuove tecnologie, grazie al finanziamento della Società dei Primati Mondiali di Kerbin. Hanno inoltrato una richiesta di 200 kg di uranio arricchito al Dipartimento dei Materiali. <style=""""TXT-Bold"""">Se nei prossimi giorni doveste vedere qualcosa che brilla di verde, vi conviene girarvi e scappare a gambe levate.</style>","<style=""KSC-RD-Center"">Die F&E-Abteilung</style> begann sofort mit der Arbeit an einer Vielzahl neuer Technologien, dank des Zuschusses der Kerbin-Weltrekordgesellschaft. Sie stellten beim Materialwesen einen Antrag auf 200 kg angereichertes Uran. <style=""TXT-Bold"">Wenn du in den nächsten Tagen etwas Grün leuchten siehst, solltest du vielleicht besser umdrehen und weglaufen.</style>","<style=""""KSC-RD-Center"""">El departamento de I+D</style> inmediatamente se puso a trabajar en una infinidad de nuevas tecnologías, gracias a la subvención de la Sociedad de Registro de Logros Mundiales de Kerbin. Mandaron una solicitud de 200 kg de uranio enriquecido al Departamento de Materiales. <style=""""TXT-Bold"""">Si ves algo con un brillo verde en los próximos días, yo que tú daría media vuelta y saldría corriendo.</style>","<style=""""KSC-RD-Center"""">The R&D department</style> immediately started working on a plethora of new technologies, thanks to the grant from the Kerbin World-Firsts Record-Keeping Society. They put in a request for 200 kg of enriched uranium with the Materials Department. <style=""""TXT-Bold"""">If you see something glowing green in the next few days, you might want to turn around and run.</style>","<style=""""KSC-RD-Center"""">The R&D department</style> immediately started working on a plethora of new technologies, thanks to the grant from the Kerbin World-Firsts Record-Keeping Society. They put in a request for 200 kg of enriched uranium with the Materials Department. <style=""""TXT-Bold"""">If you see something glowing green in the next few days, you might want to turn around and run.</style>","<style=""""KSC-RD-Center"""">Dział BR</style> natychmiast zaczął opracowywać mnóstwo nowych technologii, dzięki grantu od Towarzystwa Rejestrowania Rekordów Kerbinessa. Zamówili 200kg wzbogaconego uranium z Wydziałem Materiałów. <style=""""TXT-Bold"""">Jeżeli zauważysz coś świecącego na zielono w ciągu najbliższych kilku dni, możesz chcieć wykonać zwrot w drugą stronę.</style>","<style=""""KSC-RD-Center"""">Научный центр</style> тут же принялся за разработку множества новых технологий благодаря гранту от Кербальского общества регистрации мировых рекордов. Они подали заявку в Отдел материалов на 200 кг обогащённого урана. <style=""""TXT-Bold"""">Если в ближайшие дни увидите что-то светящееся зелёным — лучше развернитесь и бегите.</style>","<style=""""KSC-RD-Center"""">研发部门</style>多亏了Kerbin世界第一纪录管理协会的资助金，已经立即着手研发一系列新技术了。他们还向材料部门申请了 200 公斤浓缩铀。<style=""""TXT-Bold"""">要是接下来几天看到什么东西发绿光，建议你赶紧转身跑开。</style>","<style=""""KSC-RD-Center"""">O departamento de P&D</style> começou a trabalhar imediatamente em um montão de novas tecnologias graças ao dinheiro do contrato da Sociedade de Registro de Feitos Inéditos de Kerbin. Eles, junto com o Departamento de Pesquisa de Materiais, pediram por 200 kg de urânio enriquecido. <style=""""TXT-Bold"""">Se você ver alguma coisa brilhando com a cor verde nos próximos dias, talvez seja uma boa ideia dar a volta e correr.</style>","<style=""""KSC-RD-Center"""">The R&D department</style> immediately started working on a plethora of new technologies, thanks to the grant from the Kerbin World-Firsts Record-Keeping Society. They put in a request for 200 kg of enriched uranium with the Materials Department. <style=""""TXT-Bold"""">If you see something glowing green in the next few days, you might want to turn around and run.</style>","<style=""""KSC-RD-Center"""">The R&D department</style> immediately started working on a plethora of new technologies, thanks to the grant from the Kerbin World-Firsts Record-Keeping Society. They put in a request for 200 kg of enriched uranium with the Materials Department. <style=""""TXT-Bold"""">If you see something glowing green in the next few days, you might want to turn around and run.</style>","<style=""""KSC-RD-Center"""">The R&D department</style> immediately started working on a plethora of new technologies, thanks to the grant from the Kerbin World-Firsts Record-Keeping Society. They put in a request for 200 kg of enriched uranium with the Materials Department. <style=""""TXT-Bold"""">If you see something glowing green in the next few days, you might want to turn around and run.</style>","<style=""""KSC-RD-Center"""">The R&D department</style> immediately started working on a plethora of new technologies, thanks to the grant from the Kerbin World-Firsts Record-Keeping Society. They put in a request for 200 kg of enriched uranium with the Materials Department. <style=""""TXT-Bold"""">If you see something glowing green in the next few days, you might want to turn around and run.</style>","<style=""""KSC-RD-Center"""">The R&D department</style> immediately started working on a plethora of new technologies, thanks to the grant from the Kerbin World-Firsts Record-Keeping Society. They put in a request for 200 kg of enriched uranium with the Materials Department. <style=""""TXT-Bold"""">If you see something glowing green in the next few days, you might want to turn around and run.</style>",,Localized
Missions/Secondary/Tier_2_Gateway/Debrief04,Text,,"Well, I can't wait to see what they come up with. I'm sure it will allow us to push even deeper into the <style=""""OBJ-Kerbol"""">Kerbol System</style>. Looks like our little space program is really getting off its feet!","Eh bien je suis impatiente de voir ce qu'ils vont inventer. Je suis certain que ça va nous permettre d'avancer encore plus loin dans le <style=""""OBJ-Kerbol"""">Système Kerbol</style>. On dirait que notre petit programme spatial commence vraiment a décoller !","Beh, non vedo l'ora di scoprire cosa si inventeranno. Sono sicuro che ci permetterà di spingerci ancora più a fondo nel <style=""""OBJ-Kerbol"""">Sistema di Kerbol</style>. Sembra proprio che il nostro piccolo programma spaziale stia finalmente decollando!","Nun, ich kann es kaum erwarten zu sehen, was sie sich ausdenken. Ich bin sicher, es wird uns ermöglichen, noch tiefer ins <style=""OBJ-Kerbol"">Kerbol-System</style> vorzudringen. Sieht so aus, als käme unser kleines Raumfahrtprogramm wirklich in Schwung!","Bueno, estoy impaciente por ver qué tienen para nosotros. Estoy seguro de que nos permitirá llegar a los confines del <style=""""OBJ-Kerbol"""">Sistema Kerbol</style>. ¡Parece que nuestro pequeño programa espacial está despegando finalmente!","Well, I can't wait to see what they come up with. I'm sure it will allow us to push even deeper into the <style=""""OBJ-Kerbol"""">Kerbol System</style>. Looks like our little space program is really getting off its feet!","Well, I can't wait to see what they come up with. I'm sure it will allow us to push even deeper into the <style=""""OBJ-Kerbol"""">Kerbol System</style>. Looks like our little space program is really getting off its feet!","Cóż, nie mogę się doczekać, aby zobaczyć, co wymyślą. Jestem pewien, że dzięki temu będziemy mogli dotrzeć jeszcze głębiej w <style=""""OBJ-Kerbol"""">Kerbol System</style>. Wygląda na to, że nasz mały program kosmiczny naprawdę nabiera tempa!","Что ж, не терпится увидеть, что они придумают. Уверен, это позволит нам продвинуться ещё глубже в <style=""""OBJ-Kerbol"""">систему Кербола</style>. Похоже, наша маленькая космическая программа действительно встаёт на ноги!","我已经等不及想看看他们能搞出什么新东西了。我相信这些技术一定能让我们更深入地探索<style=""""OBJ-Kerbol"""">Kerbol星系</style>。看来咱们这个小小的太空计划，总算真正步入正轨了！","Bem, eu mal posso esperar pra ver o que eles vão inventar. Eu tenho certeza que vai nos impulsionar a ir ainda mais fundo no <style=""""OBJ-Kerbol"""">Sistema Kerbol</style>. Parece que o nosso pequeno Programa Espacial está realmente começando a alçar voo!","Well, I can't wait to see what they come up with. I'm sure it will allow us to push even deeper into the <style=""""OBJ-Kerbol"""">Kerbol System</style>. Looks like our little space program is really getting off its feet!","Well, I can't wait to see what they come up with. I'm sure it will allow us to push even deeper into the <style=""""OBJ-Kerbol"""">Kerbol System</style>. Looks like our little space program is really getting off its feet!","Well, I can't wait to see what they come up with. I'm sure it will allow us to push even deeper into the <style=""""OBJ-Kerbol"""">Kerbol System</style>. Looks like our little space program is really getting off its feet!","Well, I can't wait to see what they come up with. I'm sure it will allow us to push even deeper into the <style=""""OBJ-Kerbol"""">Kerbol System</style>. Looks like our little space program is really getting off its feet!","Well, I can't wait to see what they come up with. I'm sure it will allow us to push even deeper into the <style=""""OBJ-Kerbol"""">Kerbol System</style>. Looks like our little space program is really getting off its feet!",,Localized
Missions/Secondary/Tier_3_Gateway/Brief02,Text,,"They want us to do a crewed return mission to a ""difficult destination"", to prove we've fully mastered interplanetary travel within the <style=""""OBJ-Kerbol"""">Kerbol System</style>. If we succeed, they'll give us another research grant. If we fail, my face will forever adorn their Wall of Shame. I do not intend to have my face put on that wall. So, here are our options:","Ils veulent que nous fassions une mission aller-retour avec équipage vers une ""destination difficile"", pour prouver que nous maîtrisons parfaitement le voyage interplanétaire dans le <style=""""OBJ-Kerbol"""">Système Kerbol</style>. Si nous y arrivons, ils nous accorderont une autre subvention de recherche. Si nous échouons, mon visage ornera à jamais leur Mur de la Honte. Je n'ai pas l'intention d'avoir mon visage sur ce mur. Donc, voici nos options :","Vogliono che portiamo a termine una missione con equipaggio e ritorno verso una ""destinazione difficile"", per dimostrare che abbiamo padroneggiato appieno i viaggi interplanetari all'interno del <style=""""OBJ-Kerbol"""">Sistema di Kerbol</style>. Se ci riusciamo, ci concederanno un altro finanziamento per la ricerca. Se falliamo, la mia faccia decorerà per sempre il loro Muro della Vergogna. E non ho alcuna intenzione di far finire la mia faccia su quel muro. Quindi, ecco le nostre opzioni:","Sie wollen, dass wir eine bemannte Rückkehrmission zu einem „schwierigen Ziel“ durchführen, um zu beweisen, dass wir den interplanetaren Reiseverkehr im <style=""OBJ-Kerbol"">Kerbol-System</style> vollständig beherrschen. Wenn wir Erfolg haben, geben sie uns einen weiteren Forschungszuschuss. Wenn wir scheitern, wird mein Gesicht für immer ihre Schandwand zieren. Ich habe nicht vor, dass mein Gesicht dort landet. Also, hier sind unsere Optionen:","Quieren que hagamos una misión de ida y vuelta tripulada a un ""destino difícil"", para probar que hemos perfeccionado el viaje interplanetario dentro del <style=""""OBJ-Kerbol"""">Sistema Kerbol</style>, si tenemos éxito, nos darán otra subvención de investigación. Si fallamos, mi cara adornará para siempre su Muro de la Vergüenza. No tengo la menor intención de que pongan mi cara en ese muro, así que, estas son nuestras opciones:","They want us to do a crewed return mission to a ""difficult destination"", to prove we've fully mastered interplanetary travel within the <style=""""OBJ-Kerbol"""">Kerbol System</style>. If we succeed, they'll give us another research grant. If we fail, my face will forever adorn their Wall of Shame. I do not intend to have my face put on that wall. So, here are our options:","They want us to do a crewed return mission to a ""difficult destination"", to prove we've fully mastered interplanetary travel within the <style=""""OBJ-Kerbol"""">Kerbol System</style>. If we succeed, they'll give us another research grant. If we fail, my face will forever adorn their Wall of Shame. I do not intend to have my face put on that wall. So, here are our options:","Chcą, żebyśmy przeprowadzili załogową misję powrotną do „trudnego celu”, aby udowodnić, że w pełni opanowaliśmy podróże międzyplanetarne w ramach <style=""""OBJ-Kerbol"""">Kerbol System</style>. Jeśli nam się to uda, przyznają nam kolejny grant badawczy. Jeśli nam się nie uda, moja twarz na zawsze zagości na ich Ścianie Wstydu. Nie zamierzam pozwolić, by moja twarz znalazła się na tej ścianie. Oto więc nasze opcje:","Они хотят, чтобы мы провели миссию с возвращением экипажа к «труднодоступному объекту» — в доказательство того, что мы полностью освоили межпланетные путешествия в пределах <style=""""OBJ-Kerbol"""">системы Кербола</style>. Если мы преуспеем, они выдадут нам очередной исследовательский грант. Если провалимся — моё лицо навечно украсит их Доску позора. Я не намерен позволить моему лицу оказаться на той доске. Итак, вот наши варианты:",他们希望我们执行一次前往“高难度目的地”的载人返回任务，以此证明我们已完全掌握在Kerbol星系内的星际航行技术。要是成功了，他们会再给我们一笔研发资助金；可要是失败了，我的脸就得永远挂在他们的“耻辱墙”上——我可不想让自己的脸出现在那面墙上。所以，我们的可选目标如下：,"Eles querem que realizemos uma missão tripulada de ida e volta até ""um lugar difícil"", para provar que nos dominamos totalmente a arte da viagem interplanetária dentro do <style=""""OBJ-Kerbol"""">Sistema Kerbol</style>. Se formos bem sucedidos, eles vão nos dar mais um contrato. Se falharmos, nos serviremos de adorno na Seção de Fracassos deles para todo o sempre. Não é minha intenção ter o meu lindo rostinho colocado naquela seção especifica. Então essas são as nossas opções:","They want us to do a crewed return mission to a ""difficult destination"", to prove we've fully mastered interplanetary travel within the <style=""""OBJ-Kerbol"""">Kerbol System</style>. If we succeed, they'll give us another research grant. If we fail, my face will forever adorn their Wall of Shame. I do not intend to have my face put on that wall. So, here are our options:","They want us to do a crewed return mission to a ""difficult destination"", to prove we've fully mastered interplanetary travel within the <style=""""OBJ-Kerbol"""">Kerbol System</style>. If we succeed, they'll give us another research grant. If we fail, my face will forever adorn their Wall of Shame. I do not intend to have my face put on that wall. So, here are our options:","They want us to do a crewed return mission to a ""difficult destination"", to prove we've fully mastered interplanetary travel within the <style=""""OBJ-Kerbol"""">Kerbol System</style>. If we succeed, they'll give us another research grant. If we fail, my face will forever adorn their Wall of Shame. I do not intend to have my face put on that wall. So, here are our options:","They want us to do a crewed return mission to a ""difficult destination"", to prove we've fully mastered interplanetary travel within the <style=""""OBJ-Kerbol"""">Kerbol System</style>. If we succeed, they'll give us another research grant. If we fail, my face will forever adorn their Wall of Shame. I do not intend to have my face put on that wall. So, here are our options:","They want us to do a crewed return mission to a ""difficult destination"", to prove we've fully mastered interplanetary travel within the <style=""""OBJ-Kerbol"""">Kerbol System</style>. If we succeed, they'll give us another research grant. If we fail, my face will forever adorn their Wall of Shame. I do not intend to have my face put on that wall. So, here are our options:",,Localized
Missions/Secondary/Tier_3_Gateway/Objective01,Text,,"Plant a flag on Moho, Eve, Laythe, Tylo or Eeloo.","Plantez un drapeau sur Moho, Eve, Laythe, Tylo ou Eeloo.","Pianta una bandiera su Moho, Eve, Laythe, Tylo o Eeloo","Pflanze eine Flagge auf Moho, Eve, Laythe, Tylo oder Eeloo.","Planta una bandera en Moho, Eve, Laythe, Tylo o Eeloo","Plant a flag on Moho, Eve, Laythe, Tylo or Eeloo.","Plant a flag on Moho, Eve, Laythe, Tylo or Eeloo.","Rozstaw flagę na Moho, Eve, Laythe lub Eeloo.","Установите флаг на Мохо, Еве, Лэйт, Тайло или Илу",在Moho，Eve，Laythe，Tylo或者Eeloo上插旗。,"Plante uma bandeira em Moho, Eve, Laythe, Tylo ou Eeloo.","Plant a flag on Moho, Eve, Laythe, Tylo or Eeloo.","Plant a flag on Moho, Eve, Laythe, Tylo or Eeloo.","Plant a flag on Moho, Eve, Laythe, Tylo or Eeloo.","Plant a flag on Moho, Eve, Laythe, Tylo or Eeloo.","Plant a flag on Moho, Eve, Laythe, Tylo or Eeloo.",,Localized
Missions/Secondary/Tier_3_Gateway/Objective02,Text,,"Return a surface sample from Moho, Eve, Laythe, Tylo or Eeloo to Kerbin.","Prélevez un échantillon de surface sur Moho, Eve, Laythe, Tylo ou Eeloo et ramenez-le sur Kerbin","Riporta su Kerbin un campione di superficie di Moho, Eve, Laythe, Tylo o Eeloo","Bringe eine Bodenprobe von Moho, Eve, Laythe, Tylo oder Eeloo nach Kerbin zurück.","Trae un estudio de superficie de Moho, Eve, Laythe, Tylo o Eeloo a Kerbin","Return a surface sample from Moho, Eve, Laythe, Tylo or Eeloo to Kerbin.","Return a surface sample from Moho, Eve, Laythe, Tylo or Eeloo to Kerbin.","Dostarcz próbkę powierzchni z Moho, Eve, Laythe, Tylo lub Eeloo z powrotem na Kerbin.","Доставьте на Кербин образец грунта с Мохо, Евы, Лэйт, Тайло или Илу",带回一份来自Moho，Eve，Laythe，Tylo或者Eeloo的地表样本。,"Retorne pra Kerbin com uma amostra da superfície de Moho, Eve, Laythe, Tylo ou Eeloo.","Return a surface sample from Moho, Eve, Laythe, Tylo or Eeloo to Kerbin.","Return a surface sample from Moho, Eve, Laythe, Tylo or Eeloo to Kerbin.","Return a surface sample from Moho, Eve, Laythe, Tylo or Eeloo to Kerbin.","Return a surface sample from Moho, Eve, Laythe, Tylo or Eeloo to Kerbin.","Return a surface sample from Moho, Eve, Laythe, Tylo or Eeloo to Kerbin.",,Localized
Missions/Secondary/Tier_3_Gateway/Description,Text,,It's time to explore the far reaches of the Kerbol system. Are you up for your most difficult task yet?,Il est temps d'explorer les recoins les plus éloignés du système Kerbol. Êtes-vous prêt pour votre tâche la plus difficile à ce jour ?,È tempo di esplorare i confini più remoti del sistema Kerbol. Te la senti di affrontare la tua impresa più difficile finora?,"Es ist Zeit, die entlegensten Bereiche des Kerbol-Systems zu erkunden. Bist du bereit für deine bisher schwierigste Aufgabe?",Ha llegado la hora de explorar los rincones más remotos del Sistema Kerbol. ¿Estás listo para tu desafío más difícil hasta ahora?,It's time to explore the far reaches of the Kerbol system. Are you up for your most difficult task yet?,It's time to explore the far reaches of the Kerbol system. Are you up for your most difficult task yet?,Już czas odwiedzić dalekie zakątki Układu Kerbola. Czy jesteś gotowy na swoje najtrudniejsze zadanie do tej pory?,"Экипаж, пора покорять самые далёкие рубежи системы Кербола! Готовы ли вы к своей величайшей миссии?",是时候去探索Kerbol星系的遥远区域了。你准备好迎接迄今为止最难的任务了吗？,Está na hora de explorar os confins do Sistema Kerbol. Você está pronto para a nossa missão mais desafiadora até agora?,It's time to explore the far reaches of the Kerbol system. Are you up for your most difficult task yet?,It's time to explore the far reaches of the Kerbol system. Are you up for your most difficult task yet?,It's time to explore the far reaches of the Kerbol system. Are you up for your most difficult task yet?,It's time to explore the far reaches of the Kerbol system. Are you up for your most difficult task yet?,It's time to explore the far reaches of the Kerbol system. Are you up for your most difficult task yet?,,Localized
Missions/Secondary/Tier_3_Gateway/Brief07,Text,,"So, where are we headed Director? Which of these final frontiers piques your interest the most? Whichever you choose, this will be the most challenging mission we've attempted so far, but the reward should be well worth it. Good luck!","Donc, où allons-nous Directeur ? Laquelle de ces ultimes frontières pique le plus votre intérêt ? Qu'importe votre choix, ça sera la mission la plus dure que nous ayons tenté jusqu'à présent, mais la récompense devrait valoir la peine. Bonne chance !","Quindi, dove siamo diretti, Direttore? Quale di queste ultime frontiere stuzzica di più il tuo interesse? Qualunque sceglierai, questa sarà la missione più impegnativa che abbiamo mai tentato finora, ma la ricompensa varrà sicuramente la pena. Buona fortuna!","Also, wohin geht es, Direktor? Welche dieser letzten Grenzen weckt dein größtes Interesse? Ganz gleich, welche du wählst, dies wird die bisher anspruchsvollste Mission sein, die wir unternommen haben, aber die Belohnung sollte es allemal wert sein. Viel Glück!","Entonces, ¿Hacia dónde nos dirigimos, Director? ¿Cuál de estos retos finales despierta más tu interés? Independientemente de la que elijas, esta será la misión más desafiante que hayamos intentado hasta ahora, pero la recompensa valdrá la pena. ¡Buena suerte!","So, where are we headed Director? Which of these final frontiers piques your interest the most? Whichever you choose, this will be the most challenging mission we've attempted so far, but the reward should be well worth it. Good luck!","So, where are we headed Director? Which of these final frontiers piques your interest the most? Whichever you choose, this will be the most challenging mission we've attempted so far, but the reward should be well worth it. Good luck!","Więc dokąd się udajemy, dyrektorze? Która z tych ostatnich granic najbardziej cię interesuje? Niezależnie od tego, co wybierzesz, będzie to najtrudniejsza misja, jaką dotychczas podjęliśmy, ale nagroda powinna być tego warta. Powodzenia!","Итак, куда направляемся, директор? Какой из этих последних рубежей вас интересует больше всего? Что бы вы ни выбрали, это будет самая сложная миссия из всех, что мы пробовали до сих пор, но награда должна стоить того. Удачи!",那么局长，咱们接下来要前往何方呢？这些终极探索目标里，哪一个最能勾起您的兴趣？无论您最终选择哪一个，这都会是咱们迄今为止尝试过的最具挑战性的任务，但这份回报也定然值得所有付出。祝您顺利！,"Então, para onde iremos Chefe? Qual dessas fronteiras da exploração mais te interessaram? Qualquer que seja a sua escolha, essa será a missão mais desafiadora que já tentamos até agora, mas a recompensa pelo nosso esforço valera a pena. Boa sorte!","So, where are we headed Director? Which of these final frontiers piques your interest the most? Whichever you choose, this will be the most challenging mission we've attempted so far, but the reward should be well worth it. Good luck!","So, where are we headed Director? Which of these final frontiers piques your interest the most? Whichever you choose, this will be the most challenging mission we've attempted so far, but the reward should be well worth it. Good luck!","So, where are we headed Director? Which of these final frontiers piques your interest the most? Whichever you choose, this will be the most challenging mission we've attempted so far, but the reward should be well worth it. Good luck!","So, where are we headed Director? Which of these final frontiers piques your interest the most? Whichever you choose, this will be the most challenging mission we've attempted so far, but the reward should be well worth it. Good luck!","So, where are we headed Director? Which of these final frontiers piques your interest the most? Whichever you choose, this will be the most challenging mission we've attempted so far, but the reward should be well worth it. Good luck!",,Localized
Missions/Secondary/Tier_3_Gateway/Brief01,Text,,"The Kerbin World-Firsts Record-Keeping Society is here again, Director. You're not going to believe what they asked for this time. I almost dropped my clipboard when I heard it.","Le Cercle de certification de première mondiale de Kerbin est encore là, Directeur. Vous n'allez pas croire ce qu'ils ont demandé cette fois. J'ai presque fait tomber mon calepin quand je l'ai entendu.","La Società dei Primati Mondiali di Kerbin è di nuovo qui, Direttore. Non crederai mai a cosa ci ha chiesto stavolta. Mi è quasi caduto il blocco degli appunti quando l'ho sentito.","Die Kerbin World-Firsts Record-Keeping Society ist wieder hier, Direktor. Du wirst nicht glauben, was sie diesmal verlangt haben. Ich hätte fast mein Klemmbrett fallen lassen, als ich es gehört habe.","La sociedad de Registro de Logros Mundiales de Kerbin está aquí de nuevo, Director. No creerás lo que nos pidieron esta vez. Casi me salen canas de la impresión cuando lo escuché.","The Kerbin World-Firsts Record-Keeping Society is here again, Director. You're not going to believe what they asked for this time. I almost dropped my clipboard when I heard it.","The Kerbin World-Firsts Record-Keeping Society is here again, Director. You're not going to believe what they asked for this time. I almost dropped my clipboard when I heard it.","Towarzystwo Rejestrowania Rekordów Kerbinessa jest tu ponownie, Dyrektorze. Nie uwierzysz, o co tym razem prosili. Prawie upuściłam swoją teczkę, kiedy to usłyszałam.","Опять эти рекордсмены... Директор, вы не поверите о чем они просят нас в этот раз. Я чуть не выронил свой клипборд, когда это услышал.",Kerbin世界第一纪录管理协会的人又来了，局长。您绝对想不到他们这次提了什么要求——我听到的时候，差点把手里的文件夹都摔了。,"A Sociedade de Registro de Feitos Inéditos de Kerbin está aqui de novo, Chefe. Você não vai acreditar no que eles pediram desta vez. Eu quase deixei a minha prancheta cair quando eu ouvi.","The Kerbin World-Firsts Record-Keeping Society is here again, Director. You're not going to believe what they asked for this time. I almost dropped my clipboard when I heard it.","The Kerbin World-Firsts Record-Keeping Society is here again, Director. You're not going to believe what they asked for this time. I almost dropped my clipboard when I heard it.","The Kerbin World-Firsts Record-Keeping Society is here again, Director. You're not going to believe what they asked for this time. I almost dropped my clipboard when I heard it.","The Kerbin World-Firsts Record-Keeping Society is here again, Director. You're not going to believe what they asked for this time. I almost dropped my clipboard when I heard it.","The Kerbin World-Firsts Record-Keeping Society is here again, Director. You're not going to believe what they asked for this time. I almost dropped my clipboard when I heard it.",,Localized
Missions/Secondary/Tier_3_Gateway/Brief06,Text,,"The last option is Eeloo, the farthest planet in the <style=""""OBJ-Kerbol"""">Kerbol system</style>. Its distance and inclined orbit make it challenging to reach and the deep cracks in its surface can make landing treacherous, but I'm sure you can do it.","La dernière option est Eeloo, la planète la plus éloignée du <style=""""OBJ-Kerbol"""">Système Kerbol</style>. Sa distance et son orbite inclinée la rendent compliquée à atteindre, et les crevasses profondes à sa surface peuvent rendre l'atterrissage périlleux, mais je suis sûr que vous en êtes capable.","L'ultima opzione è Eeloo, il pianeta più lontano del <style=""""OBJ-Kerbol"""">sistema Kerbol</style>. La sua distanza e l'orbita inclinata lo rendono difficile da raggiungere, e le profonde crepe sulla sua superficie possono rendere l'atterraggio insidioso, ma sono sicuro che ce la farai.","Die letzte Option ist Eeloo, der am weitesten entfernte Planet im <style=""OBJ-Kerbol"">Kerbol-System</style>. Seine Entfernung und geneigte Umlaufbahn machen ihn schwer zu erreichen, und die tiefen Risse auf seiner Oberfläche können die Landung riskant machen, aber ich bin sicher, dass du es schaffen kannst.","La última opción es Eeloo, el planeta más lejano del <style=""""OBJ-Kerbol"""">Sistema Kerbol</style>. Su lejanía y órbita inclinada hacen que sea todo un reto alcanzarlo y las profundas grietas en su superficie pueden complicar el aterrizaje, pero estoy seguro que tu puedes con esto.","The last option is Eeloo, the farthest planet in the <style=""""OBJ-Kerbol"""">Kerbol system</style>. Its distance and inclined orbit make it challenging to reach and the deep cracks in its surface can make landing treacherous, but I'm sure you can do it.","The last option is Eeloo, the farthest planet in the <style=""""OBJ-Kerbol"""">Kerbol system</style>. Its distance and inclined orbit make it challenging to reach and the deep cracks in its surface can make landing treacherous, but I'm sure you can do it.","Ostatnią opcją jest Eeloo, najodleglejsza planeta w <style=„”OBJ-Kerbol„”>układzie Kerbol</style>. Jej odległość i nachylona orbita sprawiają, że dotarcie tam jest trudne, a głębokie szczeliny na jej powierzchni mogą utrudniać lądowanie, ale jestem pewien, że dasz radę.","Последний вариант — Илу, самая дальняя планета <style=""""OBJ-Kerbol"""">системы Кербол</style>. Её удалённость и наклонная орбита делают полёт к ней сложным, а глубокие трещины на поверхности могут сделать посадку опасной. Но мы уверены, у вас получится.",最后一个选项是Eeloo——它是Kerbol星系中最遥远的行星。遥远的距离加上倾斜的轨道，让抵达它的难度不小；而且它表面的深裂缝，还会让着陆过程充满危险。不过我相信您一定能做到！,"A ultima opção é Eeloo, o planeta mais distante no <style=""""OBJ-Kerbol"""">Sistema Kerbol</style>. A sua distancia e a sua orbita inclinada faz com que seja difícil chegar lá, além disso a superfície coberta por grande fissuras pode tornar um pouso seguro lá em algo digno de se gabar, mas eu tenho certeza de que você é mais do que capaz.","The last option is Eeloo, the farthest planet in the <style=""""OBJ-Kerbol"""">Kerbol system</style>. Its distance and inclined orbit make it challenging to reach and the deep cracks in its surface can make landing treacherous, but I'm sure you can do it.","The last option is Eeloo, the farthest planet in the <style=""""OBJ-Kerbol"""">Kerbol system</style>. Its distance and inclined orbit make it challenging to reach and the deep cracks in its surface can make landing treacherous, but I'm sure you can do it.","The last option is Eeloo, the farthest planet in the <style=""""OBJ-Kerbol"""">Kerbol system</style>. Its distance and inclined orbit make it challenging to reach and the deep cracks in its surface can make landing treacherous, but I'm sure you can do it.","The last option is Eeloo, the farthest planet in the <style=""""OBJ-Kerbol"""">Kerbol system</style>. Its distance and inclined orbit make it challenging to reach and the deep cracks in its surface can make landing treacherous, but I'm sure you can do it.","The last option is Eeloo, the farthest planet in the <style=""""OBJ-Kerbol"""">Kerbol system</style>. Its distance and inclined orbit make it challenging to reach and the deep cracks in its surface can make landing treacherous, but I'm sure you can do it.",,Localized
Missions/Secondary/Tier_3_Gateway/Brief03,Text,,"First up is Moho, the innermost planet in the <style=""""OBJ-Kerbol"""">Kerbol system</style>. Its proximity to <style=""""OBJ-Kerbol"""">Kerbol</style> and inclined orbit make it very hard to reach, and even harder to return from. <style=""""TXT-Bold"""">You'll need a lot of dV if you choose this option, but you might be able to use Eve's gravitational influence to your advantage if you time things right.</style>","En premier, direction Moho, la planète la plus à l'intérieur du <style=""""OBJ-Kerbol"""">Système Kerbol</style>. Sa proximité avec <style=""""OBJ-Kerbol"""">Kerbol</style> et son orbite inclinée la rend très difficile à atteindre, et c'est encore plus difficile d'en revenir. <style=""""TXT-Bold"""">Vous aurez besoin de beaucoup de dV si vous choisissez cette option, mais vous devriez pouvoir utiliser l'influence gravitationnelle d'Eve à votre avantage si vous choisissez le bon moment.</style>","Il primo della lista è Moho, il pianeta più interno del <style=""""OBJ-Kerbol"""">sistema di Kerbol</style>. La sua vicinanza a <style=""""OBJ-Kerbol"""">Kerbol</style> e la sua orbita inclinata lo rendono molto difficile da raggiungere, e ancora più difficile è fare il viaggio di ritorno. <style=""""TXT-Bold"""">Avrai bisogno di molto dV se scegli questa opzione, ma potresti riuscire a sfruttare l'influenza gravitazionale di Eve a tuo vantaggio se calcoli bene i tempi.</style>","Als Erstes steht Moho auf dem Plan, der innerste Planet im <style=""OBJ-Kerbol"">Kerbol-System</style>. Seine Nähe zu <style=""OBJ-Kerbol"">Kerbol</style> und seine geneigte Umlaufbahn machen ihn sehr schwer zu erreichen und noch schwerer, von ihm zurückzukehren. <style=""TXT-Bold"">Wenn du diese Option wählst, brauchst du viel dV, aber vielleicht kannst du den gravitativen Einfluss von Eve zu deinem Vorteil nutzen, wenn du das Timing richtig hinbekommst.</style>","La primera opción es Moho el planeta más interior en el <style=""""OBJ-Kerbol"""">Sistema Kerbol</style>. Su proximidad con <style=""""OBJ-Kerbol"""">Kerbol</style> y su excéntrica orbita lo hacen muy difícil de alcanzar, y aún más difícil de regresar de él. <style=""""TXT-Bold"""">Necesitarás mucho dV si elijes esta opción, pero talvez serás capaz de usar la influencia gravitacional de Eve a tu favor si calculas todo correctamente.</style>","First up is Moho, the innermost planet in the <style=""""OBJ-Kerbol"""">Kerbol system</style>. Its proximity to <style=""""OBJ-Kerbol"""">Kerbol</style> and inclined orbit make it very hard to reach, and even harder to return from. <style=""""TXT-Bold"""">You'll need a lot of dV if you choose this option, but you might be able to use Eve's gravitational influence to your advantage if you time things right.</style>","First up is Moho, the innermost planet in the <style=""""OBJ-Kerbol"""">Kerbol system</style>. Its proximity to <style=""""OBJ-Kerbol"""">Kerbol</style> and inclined orbit make it very hard to reach, and even harder to return from. <style=""""TXT-Bold"""">You'll need a lot of dV if you choose this option, but you might be able to use Eve's gravitational influence to your advantage if you time things right.</style>","Na początek mamy Moho, najbardziej wewnętrzną planetę w <style=„”OBJ-Kerbol„”>układzie Kerbol</style>. Jej bliskość do <style=„”OBJ-Kerbol„”>Kerbola</style> oraz nachylona orbita sprawiają, że bardzo trudno jest się tam dostać, a jeszcze trudniej wrócić. <style=„”TXT-Bold„”>Jeśli wybierzesz tę opcję, będziesz potrzebować dużej wartości dV, ale jeśli dobrze wyczujesz moment, możesz wykorzystać wpływ grawitacyjny Eve na swoją korzyść.</style>","Первый в списке — Мохо, самая внутренняя планета <style=""""OBJ-Kerbol"""">системы Кербол</style>. Её близость к <style=""""OBJ-Kerbol"""">Керболу</style> и наклонная орбита делают её очень труднодоступной, а возвращение с неё — ещё более сложной задачей. <style=""""TXT-Bold"""">Если выберете этот вариант, вам потребуется очень много дельта-V. Но если правильно рассчитаете время, сможете использовать гравитационное влияние Евы в своих интересах.</style>","首先是Moho——它是<style=""""OBJ-Kerbol"""">Kerbol星系</style>中最内侧的行星。由于距离<style=""""OBJ-Kerbol"""">Kerbol</style>较近，且轨道存在倾角，Moho不仅极难抵达，返程的难度更是有过之而无不及。<style=""""TXT-Bold"""">若选择以Moho为目标，你需要准备大量的dV；但只要把握好时机，或许能借助Eve的引力效应为任务“省力”，发挥其辅助作用。</style>","A primeira delas é Moho, o planeta mais interno do <style=""""OBJ-Kerbol"""">Sistema Kerbol</style>. A sua proximidade de <style=""""OBJ-Kerbol"""">Kerbol</style> e sua orbita inclinada fazem com que seja difícil pra chegar lá, e mais difícil ainda pra voltar. <style=""""TXT-Bold"""">Você vai precisar de bastante dV se escolher essa opção, mas talvez seja possível usar o campo gravitacional de Eve como estilingue se você for esperto e cronometrar tudo direitinho.","First up is Moho, the innermost planet in the <style=""""OBJ-Kerbol"""">Kerbol system</style>. Its proximity to <style=""""OBJ-Kerbol"""">Kerbol</style> and inclined orbit make it very hard to reach, and even harder to return from. <style=""""TXT-Bold"""">You'll need a lot of dV if you choose this option, but you might be able to use Eve's gravitational influence to your advantage if you time things right.</style>","First up is Moho, the innermost planet in the <style=""""OBJ-Kerbol"""">Kerbol system</style>. Its proximity to <style=""""OBJ-Kerbol"""">Kerbol</style> and inclined orbit make it very hard to reach, and even harder to return from. <style=""""TXT-Bold"""">You'll need a lot of dV if you choose this option, but you might be able to use Eve's gravitational influence to your advantage if you time things right.</style>","First up is Moho, the innermost planet in the <style=""""OBJ-Kerbol"""">Kerbol system</style>. Its proximity to <style=""""OBJ-Kerbol"""">Kerbol</style> and inclined orbit make it very hard to reach, and even harder to return from. <style=""""TXT-Bold"""">You'll need a lot of dV if you choose this option, but you might be able to use Eve's gravitational influence to your advantage if you time things right.</style>","First up is Moho, the innermost planet in the <style=""""OBJ-Kerbol"""">Kerbol system</style>. Its proximity to <style=""""OBJ-Kerbol"""">Kerbol</style> and inclined orbit make it very hard to reach, and even harder to return from. <style=""""TXT-Bold"""">You'll need a lot of dV if you choose this option, but you might be able to use Eve's gravitational influence to your advantage if you time things right.</style>","First up is Moho, the innermost planet in the <style=""""OBJ-Kerbol"""">Kerbol system</style>. Its proximity to <style=""""OBJ-Kerbol"""">Kerbol</style> and inclined orbit make it very hard to reach, and even harder to return from. <style=""""TXT-Bold"""">You'll need a lot of dV if you choose this option, but you might be able to use Eve's gravitational influence to your advantage if you time things right.</style>",,Localized
Missions/Secondary/Tier_3_Gateway/Brief04,Text,,"Next up is Eve. Its atmosphere is about 4 times denser than <style=""""OBJ-Kerbin"""">Kerbin's</style>, and its surface gravity is almost twice as strong as ours. Landing on Eve is pretty easy, but returning from it is famously extremely hard. <style=""""TXT-Bold"""">Bring powerful engines if you choose to land there!</style>","Ensuite, il y a Eve. Son atmosphère est environ 4 fois plus épaisse que celle de <style=""""OBJ-Kerbin"""">Kerbin</style>, et sa gravité de surface environ 2 fois plus forte que la notre. Atterrir sur Eve est assez simple, mais revenir de sa surface est extrêmement difficile. <style=""""TXT-Bold"""">Emportez des propulseurs puissants si vous choisissez d'y atterrir !</style>","Il prossimo è Eve. La sua atmosfera è circa 4 volte più densa di quella di <style=""""OBJ-Kerbin"""">Kerbin</style>, e la sua gravità superficiale è quasi il doppio della nostra. Atterrare su Eve è piuttosto facile, ma ripartire è notoriamente difficilissimo. <style=""""TXT-Bold"""">Portatevi dei motori potenti se decidete di atterrarci!</style>","Als Nächstes steht Eve auf dem Plan. Ihre Atmosphäre ist etwa viermal dichter als die von <style=""OBJ-Kerbin"">Kerbin</style>, und ihre Oberflächengravitation ist fast doppelt so stark wie unsere. Die Landung auf Eve ist relativ einfach, aber der Rückflug von ihr ist berüchtigt extrem schwierig. <style=""TXT-Bold"">Bringe starke Triebwerke mit, wenn du dort landen willst!</style>","El siguiente es Eve. Su atmósfera es 4 veces más densa que la de <style=""""OBJ-Kerbin"""">Kerbin</style>, y su gravedad superficial es casi el doble de fuerte de la nuestra. Aterrizar en Eve es bastante fácil, pero regresar es infamemente difícil. <style=""""TXT-Bold"""">¡Trae motores potentes si eliges aterrizar allí!</style","Next up is Eve. Its atmosphere is about 4 times denser than <style=""""OBJ-Kerbin"""">Kerbin's</style>, and its surface gravity is almost twice as strong as ours. Landing on Eve is pretty easy, but returning from it is famously extremely hard. <style=""""TXT-Bold"""">Bring powerful engines if you choose to land there!</style>","Next up is Eve. Its atmosphere is about 4 times denser than <style=""""OBJ-Kerbin"""">Kerbin's</style>, and its surface gravity is almost twice as strong as ours. Landing on Eve is pretty easy, but returning from it is famously extremely hard. <style=""""TXT-Bold"""">Bring powerful engines if you choose to land there!</style>","Kolejna w kolejności jest Eve. Jej atmosfera jest około czterokrotnie gęstsza niż <style=„”OBJ-Kerbin„”>Kerbin</style>, a grawitacja na jej powierzchni jest prawie dwukrotnie większa niż u nas. Lądowanie na Eve jest dość łatwe, ale powrót z niej słynie z tego, że jest niezwykle trudny. <style=„”TXT-Bold„”>Jeśli zdecydujesz się tam wylądować, zabierz ze sobą silniki o dużej mocy!</style>","Следующая на очереди — Ева. Её атмосфера примерно в 4 раза плотнее <style=""""OBJ-Kerbin"""">Кербинской</style>, а гравитация на поверхности почти вдвое сильнее нашей. Посадка на Еву — дело довольно простое, но возвращение с неё, как известно, исключительно сложная задача. <style=""""TXT-Bold"""">Если решите там садиться — берите мощные двигатели!</style>","接下来是Eve。它的大气层密度约为<style=""""OBJ-Kerbin"""">Kerbin</style>的4倍，表面重力也几乎是我们母星的两倍。在Eve着陆倒还算容易，但从Eve返程的难度，却是出了名的极大。<style=""""TXT-Bold"""">要是选择在Eve着陆，一定要带上推力强劲的引擎！</style>","A segunda é Eve. A sua atmosfera é cerca de 4 vezes mais densa do que a de <style=""""OBJ-Kerbin"""">Kerbin</style>, e a gravidade na superfície é quase duas vezes mais forte do que a nossa. Pousar lá é fácil, nada que um simples paraquedas não dê conta, mas voltar é extremamente difícil. <style=""""TXT-Bold"""">Leve motores potentes se escolher pousar lá!</style>","Next up is Eve. Its atmosphere is about 4 times denser than <style=""""OBJ-Kerbin"""">Kerbin's</style>, and its surface gravity is almost twice as strong as ours. Landing on Eve is pretty easy, but returning from it is famously extremely hard. <style=""""TXT-Bold"""">Bring powerful engines if you choose to land there!</style>","Next up is Eve. Its atmosphere is about 4 times denser than <style=""""OBJ-Kerbin"""">Kerbin's</style>, and its surface gravity is almost twice as strong as ours. Landing on Eve is pretty easy, but returning from it is famously extremely hard. <style=""""TXT-Bold"""">Bring powerful engines if you choose to land there!</style>","Next up is Eve. Its atmosphere is about 4 times denser than <style=""""OBJ-Kerbin"""">Kerbin's</style>, and its surface gravity is almost twice as strong as ours. Landing on Eve is pretty easy, but returning from it is famously extremely hard. <style=""""TXT-Bold"""">Bring powerful engines if you choose to land there!</style>","Next up is Eve. Its atmosphere is about 4 times denser than <style=""""OBJ-Kerbin"""">Kerbin's</style>, and its surface gravity is almost twice as strong as ours. Landing on Eve is pretty easy, but returning from it is famously extremely hard. <style=""""TXT-Bold"""">Bring powerful engines if you choose to land there!</style>","Next up is Eve. Its atmosphere is about 4 times denser than <style=""""OBJ-Kerbin"""">Kerbin's</style>, and its surface gravity is almost twice as strong as ours. Landing on Eve is pretty easy, but returning from it is famously extremely hard. <style=""""TXT-Bold"""">Bring powerful engines if you choose to land there!</style>",,Localized
Missions/Secondary/Drast_Beyl/Description,Text,,"Director! On my way to work, I once again found one of these Flat Kerbin flyers saying that Dres isn't real!

Those conspiracy theories have gone too far now, and I think it might be a good idea to send a ship there to prove to the world that Dres does in fact exist!","Directeur ! Sur le chemin du travail j'ai encore trouvé un de ces flyers de Kerbin Plate qui dit que Dres n'est pas réelle !

Ces théories du complot sont allées trop loin cette fois-ci, et je pense que ça serait une bonne idée d'envoyer un vaisseau là-bas pour montrer au monde que Dres est bien réelle !","Direttore! Venendo al lavoro, mi sono imbattuto nell'ennesimo kerbinpiattista che sostiene che Dres sia solo un'invenzione!

Ormai queste storie sulla Dresgiura hanno superato il limite, direi che è ora di spedire un'astronave lassù per spiattellare in faccia al mondo che Dres esiste eccome!","Direktor! Auf dem Weg zur Arbeit, habe ich schon wieder einen dieser „Flat Kerbin“-Flyer gesehen, in denen gesagt wird, dass Dres nicht echt sei!

Diese Verschwörungstheorien gehen mittlerweile zu weit, und ich halte es für eine gute Idee, ein Raumschiff dort hinzufliegen, um der Welt zu beweisen, dass Dres wirklich gibt!","Director! On my way to work, I once again found one of these Flat Kerbin flyers saying that Dres isn't real!

Those conspiracy theories have gone too far now, and I think it might be a good idea to send a ship there to prove to the world that Dres does in fact exist!","Director! On my way to work, I once again found one of these Flat Kerbin flyers saying that Dres isn't real!

Those conspiracy theories have gone too far now, and I think it might be a good idea to send a ship there to prove to the world that Dres does in fact exist!","Director! On my way to work, I once again found one of these Flat Kerbin flyers saying that Dres isn't real!

Those conspiracy theories have gone too far now, and I think it might be a good idea to send a ship there to prove to the world that Dres does in fact exist!","Director! On my way to work, I once again found one of these Flat Kerbin flyers saying that Dres isn't real!

Those conspiracy theories have gone too far now, and I think it might be a good idea to send a ship there to prove to the world that Dres does in fact exist!","Директор! По дороге на работу я снова наткнулся на одну из тех листовок сторонников теории «Плоского Кербина», в которых утверждается, что Дрес — это выдумка!

Эти теории заговора зашли слишком далеко, думаю, стоит отправить туда корабль, чтобы доказать всему миру: Дрес действительно существует!","局长！今天上班路上，我又看见个坎平论的在发传单，非说什么Dres根本不存在！

这帮阴谋论实在越来越离谱了。我觉得咱们不妨往那儿派艘飞船，用事实向世界证明——Dres确实存在！","Chefe! Quando estava indo pro trabalho, eu encontrei de novo um daqueles panfletos da Sociedade Kerbinplanista dizendo que Dres não existe!

Todas essas teorias da conspiração foram longe demais, e eu acho que seria uma boa ideia enviar uma missão até lá para provar ao mundo que Dres não é invenção coisa nenhuma!","Director! On my way to work, I once again found one of these Flat Kerbin flyers saying that Dres isn't real!

Those conspiracy theories have gone too far now, and I think it might be a good idea to send a ship there to prove to the world that Dres does in fact exist!","Director! On my way to work, I once again found one of these Flat Kerbin flyers saying that Dres isn't real!

Those conspiracy theories have gone too far now, and I think it might be a good idea to send a ship there to prove to the world that Dres does in fact exist!","Director! On my way to work, I once again found one of these Flat Kerbin flyers saying that Dres isn't real!

Those conspiracy theories have gone too far now, and I think it might be a good idea to send a ship there to prove to the world that Dres does in fact exist!","Director! On my way to work, I once again found one of these Flat Kerbin flyers saying that Dres isn't real!

Those conspiracy theories have gone too far now, and I think it might be a good idea to send a ship there to prove to the world that Dres does in fact exist!","Director! On my way to work, I once again found one of these Flat Kerbin flyers saying that Dres isn't real!

Those conspiracy theories have gone too far now, and I think it might be a good idea to send a ship there to prove to the world that Dres does in fact exist!",,Localized
Missions/Secondary/Drast_Beyl/Objective_1,Text,,Enter Dres's SOI,Entrer dans la SDI de Dres,Entra nella SdI di Dres,Trete in Dres's SOI ein.,Enter Dres's SOI,Enter Dres's SOI,Enter Dres's SOI,Enter Dres's SOI,Войдите в сферу тяготения Дреса.,进入Dres的引力范围,Entre na EDI de Dres,Enter Dres's SOI,Enter Dres's SOI,Enter Dres's SOI,Enter Dres's SOI,Enter Dres's SOI,,Localized
Missions/Secondary/Drast_Beyl/Objective_2,Text,,Enter the SOIs of Drast and Beyl,Entrer dans les SDI de Drast et Beyl,Entra nella SdI di Drast e Beyl,Trete in die SOIs von Drast und Beyl ein.,Enter the SOIs of Drast and Beyl,Enter the SOIs of Drast and Beyl,Enter the SOIs of Drast and Beyl,Enter the SOIs of Drast and Beyl,Войдите в сферу тяготения Драста и Бейла.,进入Drast和Beyl的引力范围,Entre na EDI de Drast e Beyl,Enter the SOIs of Drast and Beyl,Enter the SOIs of Drast and Beyl,Enter the SOIs of Drast and Beyl,Enter the SOIs of Drast and Beyl,Enter the SOIs of Drast and Beyl,,Localized
Missions/Secondary/Drast_Beyl/Objective_2_Dialog,Text,,"Wow, we knew for sure that Dres was here, but not that it had 2 moons!

We need to get close to both of them to analyze them.","Waouh, on savait que Dres était là, mais pas qu'elle avait 2 lunes !

Nous devons nous rapprocher d'elles pour les analyser.","Wow, sapevamo per certo che Dres fosse qui, ma non che avesse ben 2 lune!

Dobbiamo avvicinarci a entrambe per analizzarle","Wow, wir wussten zwar, dass es Dres existiert, aber nicht, dass es zwei Monde hat!

Wir müssen uns an beiden nähern, damit wir sie analysieren können.","Wow, we knew for sure that Dres was here, but not that it had 2 moons!

We need to get close to both of them to analyze them.","Wow, we knew for sure that Dres was here, but not that it had 2 moons!

We need to get close to both of them to analyze them.","Wow, we knew for sure that Dres was here, but not that it had 2 moons!

We need to get close to both of them to analyze them.","Wow, we knew for sure that Dres was here, but not that it had 2 moons!

We need to get close to both of them to analyze them.","Ого, мы точно знали, что Дрес здесь, но не подозревали, что у него есть две луны!

Нам нужно подобраться к ним обеим, чтобы провести анализ.","哇，我们早就知道Dres确实存在，但没想到它居然有两颗卫星！

我们得靠近它们俩，好好分析一番。","Uau, nos já tínhamos certeza de que Dres estava lá, mas não que tinha duas luas!

Nós precisamos chegar perto daquelas luas para analisá-las.","Wow, we knew for sure that Dres was here, but not that it had 2 moons!

We need to get close to both of them to analyze them.","Wow, we knew for sure that Dres was here, but not that it had 2 moons!

We need to get close to both of them to analyze them.","Wow, we knew for sure that Dres was here, but not that it had 2 moons!

We need to get close to both of them to analyze them.","Wow, we knew for sure that Dres was here, but not that it had 2 moons!

We need to get close to both of them to analyze them.","Wow, we knew for sure that Dres was here, but not that it had 2 moons!

We need to get close to both of them to analyze them.",,Localized
Missions/Secondary/Drast_Beyl/Debrief01,Text,,"Great work, Director! 
We showed those conspiracy theorists how wrong they are, and also discovered 2 new moons!","Beau travail Directeur !
On a montré à ces complotiste à quel point ils avaient tord, et en plus on a découvert 2 nouvelles lunes !","Ottimo lavoro, Direttore!
Abbiamo dimostrato a quei complottisti quanto si sbagliavano... abbiamo anche scoperto 2 nuove lune!","Gute Arbeit, Direktor!
Wir haben diese Verschwörungstheoretikern gezeigt, wie falsch sie liegen, und auch zwei Monde erkundet!","Great work, Director! 
We showed those conspiracy theorists how wrong they are, and also discovered 2 new moons!","Great work, Director! 
We showed those conspiracy theorists how wrong they are, and also discovered 2 new moons!","Great work, Director! 
We showed those conspiracy theorists how wrong they are, and also discovered 2 new moons!","Great work, Director! 
We showed those conspiracy theorists how wrong they are, and also discovered 2 new moons!","Отличная работа, директор!
Мы доказали сторонникам теорий заговора, как сильно они ошибались, а заодно открыли два новых спутника!","干得漂亮，局长！
我们证明了那些阴谋论者错得有多离谱，还发现了两新颗的卫星！","Excelente trabalho, Chefe!
Nos mostramos àqueles teóricos da conspiração o quão errados eles estavam, e ainda descobrimos duas luas de brinde!","Great work, Director! 
We showed those conspiracy theorists how wrong they are, and also discovered 2 new moons!","Great work, Director! 
We showed those conspiracy theorists how wrong they are, and also discovered 2 new moons!","Great work, Director! 
We showed those conspiracy theorists how wrong they are, and also discovered 2 new moons!","Great work, Director! 
We showed those conspiracy theorists how wrong they are, and also discovered 2 new moons!","Great work, Director! 
We showed those conspiracy theorists how wrong they are, and also discovered 2 new moons!",,Localized
Missions/Secondary/Drast_Beyl/Debrief02,Text,,"But now, we will have to reprint all our space maps...",Mais maintenant on va devoir réimprimer toutes nos cartes de l'espace...,Ma ora dovremo ristampare tutte le nostre mappe spaziali...,Doch jetzt müssen wir alle unsere Weltraumkarten neu drucken...,"But now, we will have to reprint all our space maps...","But now, we will have to reprint all our space maps...","But now, we will have to reprint all our space maps...","But now, we will have to reprint all our space maps...",Но теперь нам придется перепечатать все наши карты космоса...,但这样一来，我们得把所有星图都重新印一遍了……,Mas agora vamos ter que reimprimir todos os nossos mapas espaciais...,"But now, we will have to reprint all our space maps...","But now, we will have to reprint all our space maps...","But now, we will have to reprint all our space maps...","But now, we will have to reprint all our space maps...","But now, we will have to reprint all our space maps...",,Localized
Missions/Secondary/Drast_Beyl/Name,Text,,The Drespiracy,La Drespiration,La Dresgiura,Die Dresschwörung,The Drespiracy,The Drespiracy,The Drespiracy,The Drespiracy,Дреспираси,Dres阴谋论,A Drespiração,The Drespiracy,The Drespiracy,The Drespiracy,The Drespiracy,The Drespiracy,,Localized
