Key,Type,Desc,English,French,Italian,German,Spanish,Japanese,Korean,Polish,Russian,Chinese-Simplified [zh-CN],Portuguese-Brazil [pt-BR],Chinese-Traditional [zh-TW],Pirate English [en-PI],Serbian,Swedish,Romanian,$Context,$Status
Parts/Title/light_0v_spot_narrow,Text,,F-PGS Narrow Spotlight,SGP-C Projecteur concentré,Proiettore fotonico focalizzato F-PGS,F-PGS kleiner Scheinwerfer,Foco estrecho F-PGS,集中型フォトニック生成システム,집중 광자 생성 시스템,Wąski reflektor F-PGS,F-PGS Узкий Прожектор,F-PGS窄幅聚光灯,Holofote Estreito F-PGS,聚焦光子生成系統,F-PGS Narrow Spotlight,F-PGS Narrow Spotlight,F-PGS Narrow Spotlight,F-PGS Narrow Spotlight,,Localized
Parts/Title/light_0v_broad,Text,,BR-PGS Broad Spotlight,SGP-GP Projecteur Large,Proiettore fotonico ad ampio raggio BR-PGS,BR-PGS großer Scheinwerfer,Foco amplio BR-PGS,広レンジフォトニック生成システム,광역 광자 생성 시스템,Szeroki Reflektor BR-PGS,BR-PGS Широкий Прожектор,BR-PGS宽幅聚光灯,Holofote Amplo BR-PGS,廣域光子生成系統,BR-PGS Broad Spotlight,BR-PGS Broad Spotlight,BR-PGS Broad Spotlight,BR-PGS Broad Spotlight,,Localized
Parts/Title/light_0v_dome,Text,,AO-PGS Domelight,SGP-AH Dôme lumineux,Proiettore fotonico aereo AO-PGS,AO-PGS Innenraumleuchte,Luz de techo AO-PGS,高機能オーバーヘッドフォトニック生成システム,고급 스탠드형 광자 생성 시스템,Kopułowe Światło AO-PGS,AO-PGS Купольный Прожектор,AO-PGS穹顶灯,Domo de Luz AO-PGS,高級置頂光子生成系統,AO-PGS Domelight,AO-PGS Domelight,AO-PGS Domelight,AO-PGS Domelight,,Localized
Parts/Title/light_0v_bulb,Text,,A-PGS Lightbulb,SGP-A Ampoule,Proiettore fotonico avanzato A-PGS,A-PGS Lampe,Bombilla A-PGS,高機能フォトニック生成システム,고급 광자 생성 시스템,Żarówka A-PGS,A-PGS Лампочка,A-PGS灯泡,Lâmpada A-PGS,高級光子生成系統,A-PGS Lightbulb,A-PGS Lightbulb,A-PGS Lightbulb,A-PGS Lightbulb,,Localized
Parts/Title/light_0v_navigation,Text,,NAV-PGS Navigation Light,SGP-NAV Lumière de navigation,Proiettore fotonico di navigazione NAV-PGS,NAV-PGS Positionsslicht,Luz de navegación NAV-PGS,高機能フォトニックナビゲーションシステム,고급 광자 항법 보조시스템,Światło Nawigacyjne NAV-PGS,NAV-PGS Навигационный Свет,NAV-PGS导航灯,Luz de Navegação NAV-PGS,高級光子導航系統,NAV-PGS Navigation Light,NAV-PGS Navigation Light,NAV-PGS Navigation Light,NAV-PGS Navigation Light,,Localized
Parts/Title/light_0v_spot,Text,,HI-PGS Spotlight,SGP-HI Projecteur,Proiettore fotonico ad alta intensità HI-PGS,HI-PGS Scheinwerfer,Foco HI-PGS,高強度フォトニック生成システム,고휘도 광자 생성 시스템,Reflektor HI-PGS,HI-PGS Прожектор,HI-PGS聚光灯,Holofote HI-PGS,高強度光子生成系統,HI-PGS Spotlight,HI-PGS Spotlight,HI-PGS Spotlight,HI-PGS Spotlight,,Localized
Parts/Title/light_0v_strip,Text,,2D-PGS Light Strip,SGP-2D Bande lumineuse,Proiettore fotonico bidimensionale 2D-PGS,2D-PGS Lichtleiste,Tira de luz 2D-PGS,二次元フォトニック生成システム,2차원 광자 생성 시스템,Pasek Świetlny 2D-PGS,2D-PGS Световая Полоса,2D-PGS灯带,Fita de Luz 2D-PGS,二維光子生成系統,2D-PGS Light Strip,2D-PGS Light Strip,2D-PGS Light Strip,2D-PGS Light Strip,,Localized
Parts/Description/adapter_1v_bullet_methalox_0v-1v,Text,,Adding nosecones is an aerodynamic breeze with the NCS Adapter. Take advantage of that hollow space to sneak in a little more fuel!,Ajouter une coiffe est l'enfance de l'art de l'aérodynamisme grâce à l'adaptateur SC. Profitez de cet espace creux pour embarquer un tout petit peu plus de carburant !,"Con un adattatore SOA, aggiungere ogive diventa una passeggiata di aerodinamica. Sfrutta quello spazio vuoto e piazzaci altro carburante!","Das Anbringen von Bugnasen ist mit dem NCS-Adapter ein echtes Kinderspiel. Nutze den Hohlraum, um etwas mehr Treibstoff an Bord zu schmuggeln!",Añadir narices cónicas con el adaptador NCS está aerodinámicamente chupado. ¡Aprovecha ese espacio hueco para colar un poco más de combustible!,NCSアダプターを使用してノーズコーンを取り付けると、エアロダイナミクス効果を得ることができます。空洞を利用すれば、さらに燃料を忍ばせることもできます！,NCS 어댑터를 사용하여 노즈콘에 공기역학적 특징을 더해줄 수 있습니다. 그리고 빈 공간에는 추가 연료를 채워 넣을 수도 있죠.,"Dzięki przejściówce NCS dodawanie stożków dziobowych jest jak szybka bryza. Wykorzystaj to puste miejsce, by przemycić trochę więcej paliwa!","С адаптером «СНОб» установка носовых обтекателей превращается в легкую, словно аэродинамический ветерок, задачу. Разместите в появившейся полости еще немного топлива!",使用NCS转接器添加头锥在空气动力学上是件轻而易举的事。利用那个空腔可以偷偷多塞进去一点点燃料！,"Com o Adaptador NCS, ficou aerodinamicamente muito fácil acoplar ogivas. Aproveite aquele espaço vazio para colocar um pouco mais de combustível!",使用NCS適配器添加鼻錐以符合空氣動力。利用它的中空部位能搭載更多燃料！,Addin' nosecones be an aerodynamic breeze wit' the NCS Adapter. Take advantage o' that hollow space t' sneak in a wee bit more fuel!,Adding nosecones is an aerodynamic breeze with the NCS Adapter. Take advantage of that hollow space to sneak in a little more fuel!,Adding nosecones is an aerodynamic breeze with the NCS Adapter. Take advantage of that hollow space to sneak in a little more fuel!,Adding nosecones is an aerodynamic breeze with the NCS Adapter. Take advantage of that hollow space to sneak in a little more fuel!,,Localized
Parts/Description/antenna_0v_16,Text,,The Communotron 16 is Ionic Symphonic Protonic Electronics’ first attempt to send beautiful music (or boring dialog) streaming across the airwaves. 300 page instruction manual included free of charge.,L'antenne Communitron 16 est la première tentative de Électroniques Protoniques Symphoniques Ioniques de diffuser les plus belles musiques (ou les dialogues les plus insupportables) du monde sur les ondes. Le manuel de 300 pages est fourni à titre gratuit.,Il Communotron 16 è il primo tentativo della Elettronica Ionica Sinfonica Protonica di inviare bella musica (o dialoghi noiosi) tramite onde radio. Il manuale di istruzioni da 300 pagine è incluso nel prezzo.,"Die Communotron 16 ist der erste Versuch von Ionic Symphonic Protonic Electronics, wundervolle Musik (oder langweilige Dialoge) per Funk zu streamen. Das 300-seitige Bedienungshandbuch ist im Preis inbegriffen.",La Communotron 16 es el primer intento por parte de Ionic Symphonic Protonic Electronics de transmitir bellas melodías (o diálogos aburridos) a través de las ondas de radio. Incluye un manual de instrucciones de 300 páginas totalmente gratuito.,コミュノトロン16は、アイオニック・シンフォニック・プロトニック・エレクトロニクスが初めて試みた、美しい音楽（または退屈な対話）を電波に乗せて送るための装置です。300ページの取扱説明書が無償で添付されています。,커뮤노트론 16은 공중파로 아름다운 음악(혹은 지루한 강연)을 스트리밍하기 위한 아이오닉 심포닉 프로토닉 일렉트로닉스의 첫 번째 시도입니다. 무려 300페이지 가량의 사용설명서는 무료로 제공해 드립니다.,Komunikatron 16 jest pierwszym podejściem Zakładów Elektronicznych Melwro do stworzenia sprzętu umożliwiającego streamowanie pięknej muzyki (albo nudnych komunikatów). Dołączona darmowa 300-stronicowa instrukcja.,«Коммунотрон 16» – это первая попытка компании «Ионик Синхрофазотроника Электроникс» отправить по радиоволнам прекрасную музыку (или скучные разговоры). 300-страничное руководство пользователя прилагается бесплатно.,通信者16是离子质子电子交响乐首次尝试通过电波传送优美的音乐流(或无聊的对话)。随附300页的使用说明书，免费提供。,O Communotron 16 é a primeira tentativa da Ionic - Eletrônicos Sinfônicos Protônicos de tentar transmitir belas canções (ou diálogos entediantes) através de ondas aéreas. Manual de instruções de 300 páginas incluído sem custo extra.,通信家16是離子交響質子電子公司經由電波發送優美音樂（或無聊對話）的處女作。免費附贈300頁說明書。,The Communotron 16 is Ionic Symphonic Protonic Electronics’ first attempt to send beautiful music (or boring dialog) streaming across the airwaves. 300 page instruction manual included free of charge.,The Communotron 16 is Ionic Symphonic Protonic Electronics’ first attempt to send beautiful music (or boring dialog) streaming across the airwaves. 300 page instruction manual included free of charge.,The Communotron 16 is Ionic Symphonic Protonic Electronics’ first attempt to send beautiful music (or boring dialog) streaming across the airwaves. 300 page instruction manual included free of charge.,The Communotron 16 is Ionic Symphonic Protonic Electronics’ first attempt to send beautiful music (or boring dialog) streaming across the airwaves. 300 page instruction manual included free of charge.,,Localized
Parts/Description/antenna_0v_dish_ra-15,Text,,"The RA-15 is a small, static antenna, good for long chats with Mission Control and sledding on Minmus.
 (Note: Mission Control does NOT sanction Minmus sledding while on duty)","La RA-15 est une petite antenne statique parfaite pour les longues discussions avec le Contrôle mission ou pour faire de la luge sur Minmus.
 (Remarque : le Contrôle mission déconseille fortement de faire de la luge sur Minmus en service)","La RA-15 è una piccola antenna statica, ideale per fare delle lunghe chiacchierate con la squadra del Controllo Missioni. È ottima anche come slitta su Minmus.
(Nota: il Controllo Missioni NON autorizza l'uso di slitte in servizio)","Die RA-15 ist eine kleine statische Antenne und eignet sich bestens für ausführliche Schwätzchen mit dem Missionszentrum und zum Rodeln auf Minmus.
 (Hinweis: Das Rodeln auf Minmus ist während der Dienstzeit NICHT gestattet)","La RA-15 es una pequeña antena estática. Ideal para estar de palique con Control de misión o lanzarse en trineo en Minmus.
 (Nota: Control de misión NO autoriza los lanzamientos en trineo en Minmus en horario laboral).","RA-15は小型の静止アンテナで、ミッションコントロールセンターと長話をしたり、ミンマスでのソリ滑りにおすすめです。
 （注：ミッションコントロールセンターは任務中のミンマスでのソリ滑りは許可していません）","RA-15는 작은 고정 안테나로, 우주 비행 관제소와 긴 대화를 나누거나 민무스에서 썰매를 탈 때 유용합니다. (참고: 임무 중에는 우주 비행 관제소가 민무스에서 안테나로 썰매를 타는 것을 승인하지 않을 것입니다)","RA-15 to mała antena stała, dobra do długich rozmów z z kontrolą misji oraz zjeżdżania na niej z górek na Minmusie.
 (Uwaga: Kontrola misji NIE zatwierdziła używania anteny jako alternatywy dla popularnego jabłuszka – saneczkarstwo na Minmusie jest niemile widziane w trakcie pełnienia obowiązków służbowych!)","RA-15 — маленькая неподвижная антенна, идеально подходящая для долгих разговоров с Центром аэрокосмических программ. Кроме того, на ней можно кататься по Минмусу как на санках.
 (Примечание: Центр аэрокосмических программ НЕ разрешает кататься по Минмусу как на санках в рабочее время)","RA-15是一款小型静态天线，适合与任务控制中心进行长时间聊天，也适合在Minmus上滑雪。
（注：任务控制中心不允许在值班时去Minmus滑雪）","A RA-15 é uma antena estática pequena, ótima para longos bate-papos com o Controle de Missão e para fazer esquibunda em Minmus.
 (OBS.: o Controle de Missão NÃO APROVA o esquibunda em Minmus durante horário de trabalho)","RA-15是小型靜態天線，非常適合與任務控制中心進行長時間交流，以及在米姆斯星上滑雪橇。
 (注意：任務控制中心不允許值班時在米姆斯星滑雪橇)","The RA-15 is a small, static antenna, good for long chats with Mission Control and sledding on Minmus.
 (Note: Mission Control does NOT sanction Minmus sledding while on duty)","The RA-15 is a small, static antenna, good for long chats with Mission Control and sledding on Minmus.
 (Note: Mission Control does NOT sanction Minmus sledding while on duty)","The RA-15 is a small, static antenna, good for long chats with Mission Control and sledding on Minmus.
 (Note: Mission Control does NOT sanction Minmus sledding while on duty)","The RA-15 is a small, static antenna, good for long chats with Mission Control and sledding on Minmus.
 (Note: Mission Control does NOT sanction Minmus sledding while on duty)",,Localized
Parts/Description/booster_1v_solid_flea,Text,,"The RT-5 “Flea” is one of the smallest solid rocket boosters available. It was originally designed to be the largest firecracker in the world, but one of the end caps blew off, and it shot 1000 meters straight up. The KSC engineers knew they were onto something good.","Le RT-5 “Puceron” est un des plus petits propulseurs à ergol solide disponibles sur le marché, originellement conçu pour être le plus grand feu d'artifice du monde. Lors des phases de test, l'un des bouchons sauta et il s'élança de près d'un kilomètre dans le ciel. Les ingénieurs de CSK comprirent qu'ils étaient sur la bonne voie.","L'RT-5 ""Pulce"" è uno dei booster a carburante solido più piccoli sul mercato. Il progetto iniziale era di costruire il più grande petardo al mondo, ma uno dei due tappi saltò e la Pulce decollò fino a raggiungere i 1.000 metri di altezza. Gli ingegneri del CSK sentivano di aver appena fatto una grande scoperta.","Der RT-5 „Flea“ ist einer der kleinste erhältliche Feststoff-Raketenboostern. Er wurde ursprünglich als größter Böller der Welt erdacht, allerdings flogen die Verschlusskappen ab und er schoss 1.000 Meter in die Luft. Da wussten die Techniker von KSC, dass sie an etwas Gutem dran waren.","El RT-5 ""Pulga"" es el cohete acelerador sólido más pequeño que existe. En principio, se diseñó para ser el petardo más grande del mundo, pero una tapa de los extremos salió volando disparada a 1000 metros de altura. Los ingenieros del CEK supieron en ese momento que estaban ante algo grandioso.","RT-5 ""フリー""は、市販されている個体ロケットブースターとしては最小のものです。もともとは世界最大の爆竹として設計されましたが、エンドキャップの1つが吹き飛び、1000メートルも真上に発射されました。KSCのエンジニアたちは、いいものが見つかったと気づきました。","RT-5 ""플리""는 현존하는 가장 작은 고체로켓부스터입니다. 원래 세상에서 가장 큰 폭죽을 만들려고 했었지만, 폭발하면서 엔드캡이 날아가 버리고 고도 1,000m까지 치솟아 버렸습니다. KSC 엔지니어들은 정확히는 모르겠지만 뭔가 해냈다는 느낌을 받았다고 합니다.","RT-5 „Pchełka” jest najmniejszym dostępnym silnikiem pomocniczym na paliwo stałe. W zasadzie zaprojektowano go jako największy fajerwerk świata, ale raz zatyczka z jednego końca odpadła i ustrojstwo poleciało na kilometr w górę. Inżynierowie z KOK zrozumieli, że trafili na coś dobrego.","RT-5 «Блоха» – самый маленький из представленных на рынке твердотопливных ускорителей. Изначально он должен был стать самым крупным фейерверком в мире, но у него оторвался один из колпачков, после чего «Блоха» взлетела вверх на 1000 метров. Тогда инженеры КЦ поняли, что изобрели что-то хорошее.",RT-5“跳蚤”是市面上最小的固体火箭助推器之一。它原本是要设计成世界上最大的鞭炮，结果其中一个端盖被炸飞，径直向上弹起了1000米高。KSC工程师们因此知道，他们碰上好东西了。,"O RT-5 ""Pulga"" é um dos menores boosters de combustível sólido disponível. Foi projetado originalmente para ser o maior fogo de artifício do mundo, mas uma das tampas explodiu, voando a 1.000 metros de altura. Os engenheiros do CEK viram que haviam descoberto algo interessante.",RT-5「跳蚤」是目前最小型的固態火箭助推器。它原本被設計成世界最大鞭炮，但其中一個端蓋被炸掀，因此直射1000米。坎巴拉太空中心的工程師們如獲至寶。,"The RT-5 “Flea” is one of the smallest solid rocket boosters available. It was originally designed to be the largest firecracker in the world, but one of the end caps blew off, and it shot 1000 meters straight up. The KSC engineers knew they were onto something good.","The RT-5 “Flea” is one of the smallest solid rocket boosters available. It was originally designed to be the largest firecracker in the world, but one of the end caps blew off, and it shot 1000 meters straight up. The KSC engineers knew they were onto something good.","The RT-5 “Flea” is one of the smallest solid rocket boosters available. It was originally designed to be the largest firecracker in the world, but one of the end caps blew off, and it shot 1000 meters straight up. The KSC engineers knew they were onto something good.","The RT-5 “Flea” is one of the smallest solid rocket boosters available. It was originally designed to be the largest firecracker in the world, but one of the end caps blew off, and it shot 1000 meters straight up. The KSC engineers knew they were onto something good.",,Localized
Parts/Description/cabin_1v_m1_crew,Text,,"From small transports to private jets, the Mk1 “Stowaway” crew cabin is designed for both style and comfort. It even includes a small refrigerated storage compartment for all your in-flight snack needs.","Des petits avions de transport aux jets privés, la cabine d'équipage “Passager clandestin” Mk1 privilégie l'élégance et le confort. Elle comprend même un minibar réfrigéré si l'envie de grignoter un morceau vous prend en vol.","Dai piccoli veicoli ai jet privati, la cabina per equipaggio Mk1 ""Clandestino"" offre stile e comodità. Include perfino un piccolo scomparto refrigerato per uno spuntino in volo.","Die Crew-Kabine Mk1 „Stowaway“ bietet für alles vom kleinen Transporter bis hin zu Privatjets stilvolle Bequemlichkeit. Sie enthält sogar einen kleinen Kühlraum für alle Snacks, die man während des Flugs so braucht.","El diseño de la cabina de tripulación Mk1 ""Polizón"" sintetiza estilo y comodidad tanto para transportes pequeños como para reactores privados. Hasta incluye un pequeño compartimento de almacenaje con refrigeración para que metas todos los aperitivos que necesites durante el vuelo.","小型の輸送機からプライベートジェット機にまで使えるMk1 ""密航""クルーキャビンは、スタイルと快適さを両方追求して設計されています。フライト中に必要なおやつをすべて収納できる小型の冷蔵室も備えています。","소형 수송선부터 전용기까지, Mk1 ""스토와웨이"" 객실은 스타일과 편안함 모두를 감안하여 설계되었습니다. 기내식 제공을 위해 작은 냉장고도 준비되어 있죠.","Kabina załogowa Mk1 „Gapowicz” nadaje się zarówno do niewielkich transportowców, jak i prywatnych odrzutowców, zapewniając jednocześnie styl i wygodę. Ma nawet niewielki chłodzony schowek na przysmaczki.","Кабина экипажа Mk1 «Безбилетник» – это стиль и комфорт. В ней даже есть небольшой холодильник для хранения вкусняшек, которые могут понадобиться в ходе полета.",Mk1“偷渡者”乘员舱适合从小型交通工具到私人飞机等多种用途，其设计既时尚又舒适，里面甚至包含一个小型冷藏舱，能满足你所有的机上零食需求。,"De transportes pequenos a jatos privados, a cabine de tripulação do Mk1 ""Clandestino"" foi projetada com elegância e conforto em mente. Ela até inclui um pequeno compartimento refrigerado que supre todas as suas necessidades de lanchinhos durante o voo.",無論從小型運輸機到私人噴射機，Mk1「偷渡客」組員機艙的設計兼具時尚和舒適感。它甚至具備小型冰箱，可滿足您飛行時的機上零食需求。,"From small transports to private jets, the Mk1 “Stowaway” crew cabin is designed for both style and comfort. It even includes a small refrigerated storage compartment for all your in-flight snack needs.","From small transports to private jets, the Mk1 “Stowaway” crew cabin is designed for both style and comfort. It even includes a small refrigerated storage compartment for all your in-flight snack needs.","From small transports to private jets, the Mk1 “Stowaway” crew cabin is designed for both style and comfort. It even includes a small refrigerated storage compartment for all your in-flight snack needs.","From small transports to private jets, the Mk1 “Stowaway” crew cabin is designed for both style and comfort. It even includes a small refrigerated storage compartment for all your in-flight snack needs.",,Localized
Parts/Description/cargobay_3v_m3_1x1,Text,,"When the bathrooms had to be closed to store a surplus of JFT-2500 fuel tanks, the team at C7 came up with the brilliant idea of slicing them up, adding a couple hinges, and repurposing them into cargo bays! Rumors that the CEO took all the credit are totally false and not to be believed.","Le jour où les toilettes ont dû fermer pour entreposer des réservoirs JFT-2500 en trop, l'équipe de C7 eut l'idée de génie de les découper, ajouter quelques charnières et les reconvertir en soutes ! Les rumeurs prétendant que le PDG s'en arrogea tout le crédit sont totalement fausses et aucune crédibilité ne devrait être accordée à ceux qui colportent de telles infamies.","Quando i bagni vennero chiusi per ospitare dei serbatoi JFT-2500 extra, il team di C7 ebbe l'idea geniale di dividerli, aggiungere un paio di snodi e convertirli in stive da carico! Le indiscrezioni su come il CEO si prese tutto il merito dell'idea sono false e non vanno prese in considerazione.","Als die Toiletten gesperrt werden mussten, um einen Zusatzvorrat an JFT-2500-Treibstofftanks zu verstauen, hatte das Team von C7 den genialen Einfall, sie aufzuteilen, ein paar Scharniere anzubringen und so zu Laderäumen umzufunktionieren! Dass der CEO angeblich den ganzen Ruhm eingeheimst haben soll, stimmt nicht.","Cuando tuvieron que cerrar los baños para almacenar un excedente de depósitos de combustible JFT-2500, al equipo de C7 se le ocurrió la genial idea de desmontarlos, añadir unas cuantas bisagras y convertirlos en módulos de carga. Los rumores sobre que el jefe se llevó todo el mérito son completamente falsos y deben ignorarse.",JFT-2500燃料タンクの余剰分を保管するためにトイレを閉鎖しなければならなくなったとき、C7のチームは、タンクをスライスして蝶番を付け、貨物室に再利用するという素晴らしいアイデアを思いつきました！ CEOがそれを自分の手柄にしたという噂はまったくの嘘で、信じてはいけません。,남아도는 JFT-2500 연료탱크를 쌓아놓은 게 화장실 문까지 막아버리자 C7의 엔지니어들은 연료탱크에 문짝을 달아 화물칸으로 이용하자는 기발한 생각을 해냈습니다! CEO가 이 모든 공을 가로챘다는 소문은 완벽하게 허구이며 아무도 이를 믿지 않습니다.,"Gdy trzeba było pozamieniać toalety na składy dla nadwyżki zbiorników paliwa JFT-2500, zespół C7 wpadł na wyśmienity pomysł, by je pociąć, dodać trochę zawiasów i przerobić na ładownie! Plotki, że dyrektor naczelny przypisał sobie całą zasługę, są absolutnie bezpodstawne.","Когда на складе компании С7 не хватило места, и топливные баки JFT-2500 пришлось хранить в офисе, инженерам пришла в голову блестящая мысль: они разрезали баки, добавили пару дверных петель и превратили их в грузовые отсеки! Слухи о том, что исполнительный директор присвоил всю славу себе – гнусная ложь.",当浴室不得不关闭用来存放多余的JFT-2500燃料箱时，C7团队想到了一个绝妙的主意：先将它们分割开来，加上几个铰链，然后就变成货舱了！所有功劳都归CEO的传言完全不实，不可信。,"Quando os banheiros tiveram de ser fechados para armazenar um excedente de tanques de combustível JFT-2500, a equipe da C7 teve a brilhante ideia de dividi-los, adicionar algumas dobradiças e reaproveitá-los como compartimentos de carga! Os rumores de que o CEO levou todo o crédito são falsos e não devem ser levados a sério.",當浴室塞滿多餘的JFT-2500空燃料罐而禁止使用時，C7團隊想出了絕妙辦法，將燃料罐切開，加上幾個鉸鏈，可重新利用成貨艙！關於首席執行官搶功勞的謠言，在此澄清，這不是真的，別信。,"When the bathrooms had to be closed to store a surplus of JFT-2500 fuel tanks, the team at C7 came up with the brilliant idea of slicing them up, adding a couple hinges, and repurposing them into cargo bays! Rumors that the CEO took all the credit are totally false and not to be believed.","When the bathrooms had to be closed to store a surplus of JFT-2500 fuel tanks, the team at C7 came up with the brilliant idea of slicing them up, adding a couple hinges, and repurposing them into cargo bays! Rumors that the CEO took all the credit are totally false and not to be believed.","When the bathrooms had to be closed to store a surplus of JFT-2500 fuel tanks, the team at C7 came up with the brilliant idea of slicing them up, adding a couple hinges, and repurposing them into cargo bays! Rumors that the CEO took all the credit are totally false and not to be believed.","When the bathrooms had to be closed to store a surplus of JFT-2500 fuel tanks, the team at C7 came up with the brilliant idea of slicing them up, adding a couple hinges, and repurposing them into cargo bays! Rumors that the CEO took all the credit are totally false and not to be believed.",,Localized
Parts/Description/collector_1v_science_general,Text,,"The GSCM-01 is a favorite for smaller satellites and landers. Designed to be completely configurable, the “Science Jr” can be outfitted with everything but the kitchen sink, if the kitchen sink had scientific value.","Le GSCM-01 est le choix privilégié des satellites et atterrisseurs de petite taille. Entièrement configurable, le ""Dr Junior"" peut s'adapter à tous les appareils électriques existants, lave-vaisselle compris. Pas que le lave-vaisselle ait un quelconque intérêt scientifique, mais on ne sait jamais.","Il GSCM-01 è tra i moduli più utilizzati su piccoli satelliti e capsule. Progettato per essere totalmente personalizzabile, ""Piccola Scienza"" può essere attrezzato con la qualunque, basta che la qualunque abbia valore scientifico.","Das GSCM-01 wird bevorzugt auf kleineren Satelliten und Landemodulen eingesetzt. Es ist komplett konfigurierbar und kann mit allem, außer einer Küchenspüle, ausgestattet werden. Aber eine Küchenspüle hat auch keinen wissenschaftlichen Wert.","El GSCM-01 es el favorito para aterrizadores y satélites más pequeños. El ""Ciencia Jr."" admite una completa personalización y puede venir equipado con todo, salvo con el fregadero de la cocina. ¿Qué valor científico podría tener un fregadero?","GSCM-01は、より小型の衛星や着陸船に人気です。完全に構成変更可能なこの""サイエンスJr""は、キッチンシンク以外ならなんにでも搭載することができます。まあ、キッチンシンクに科学的価値があるなら、キッチンシンクでもいいんですけどね。","GSCM-01은 소형 위성이나 착륙선이 선호하는 제품입니다. 완전하게 구성되도록 설계된 ""사이언스 주니어""에는 주방 싱크대가 과학적으로 가치가 있다 하더라도, 주방 싱크대를 제외한 모든 것을 장착할 수 있습니다.","GSCM-01 świetnie nadaje się do mniejszych satelitów i lądowników. Charakteryzuje się otwartą konstrukcją umożliwiającą zamontowanie praktycznie wszystkiego poza zlewem kuchennym. To znaczy zlew też można, tylko po co?","GSCM-01 — самый популярный научно-исследовательский модуль НПО «Эксперимент». Чаще всего его устанавливают на маленьких спутниках и посадочных модулях. «Маленького ученого» можно модифицировать бесконечным количеством способов и встроить в него все, даже кухонную раковину, если она может пригодиться для исследований.",GSCM-01是小型卫星和着陆器的最佳拍档。“小小科学家”设计为完全可配置，能搭载除厨房水槽之外的所有设备，除非厨房水槽也有科研价值。,"O GSCM-01 é a escolha favorita para satélites e aterrissadores pequenos. Projetado para ser completamente personalizável, o ""Ciência Jr."" pode ser configurado com tudo, exceto uma pia de cozinha, a não ser que tivesse valor científico.",GSCM-01是小型衛星和登陸載具的最愛。「科學小子」擁有全面可配置化設計，除了廚房水槽之外，它可以搭配所有設備，如果廚房水槽具有科學價值的話。,"The GSCM-01 is a favorite for smaller satellites and landers. Designed to be completely configurable, the “Science Jr” can be outfitted with everything but the kitchen sink, if the kitchen sink had scientific value.","The GSCM-01 is a favorite for smaller satellites and landers. Designed to be completely configurable, the “Science Jr” can be outfitted with everything but the kitchen sink, if the kitchen sink had scientific value.","The GSCM-01 is a favorite for smaller satellites and landers. Designed to be completely configurable, the “Science Jr” can be outfitted with everything but the kitchen sink, if the kitchen sink had scientific value.","The GSCM-01 is a favorite for smaller satellites and landers. Designed to be completely configurable, the “Science Jr” can be outfitted with everything but the kitchen sink, if the kitchen sink had scientific value.",,Localized
Parts/Description/engine_0v_monoprop_puff,Text,,"The O-10 ""Puff"" is a unique rocket engine that uses monopropellant for fuel. Originally designed to be a large RCS thruster, it was mislabeled right before a major ad campaign. Much to Reaction Systems Ltd. surprise, the overwhelming response was ""Well, it's about time!""","Le moteur de fusée O-10 “Pouet” est un modèle unique qui utilise du Monergol en guise de carburant. Initialement prévu pour être un grand propulseur RCS de fusée, un enchaînement d'erreurs regrettables conduisit à l'annonce d'un produit radicalement différent de ce qui était prévu. À la grande surprise de SysRéac SARL, les réactions furent unanimes : “C'est pas trop tôt !”.","L'O-10 ""Sbuffo"" è un motore a razzo unico che sfrutta il monopropellente come carburante. Il progetto iniziale era di farne un grande propulsore SCR, ma venne catalogato erroneamente prima di un'importante campagna pubblicitaria. Con grande sorpresa della Reaction Systems Ltd., l'accoglienza generale fu un ""Beh, era ora!""","Das O-10 „Puff“ ist ein einzigartiges Raketentriebwerk, das Monotreibstoff verwendet. Ursprünglich als große RFS-Steuerungsdüse gedacht, wurde es direkt vor einer großen Werbekampagne falsch etikettiert. Zum Erstaunen von Reaction Systems Ltd war die überwältigende Reaktion: „Na, wird auch mal Zeit!“","El O-10 ""Soplo"" es un motor de cohete especial que usa monopropelente como combustible. Inicialmente, se diseñó para ser un propulsor RCS grande, pero hubo un error al etiquetarlo justo antes de una importante campaña publicitaria. Para sorpresa de Reaction Systems Ltd., la respuesta del público fue un generalizado ""¡Ya era hora!"".","O-10 ""パフ""は、燃料に一液式推進剤を使用したユニークなロケットエンジンです。もともとは大型RCSスラスターとして設計されましたが、大々的な広告キャンペーンの直前に誤表示されてしまいました。しかし、リアクション・システムズが驚いたことに、「おお、ついに出たか！」という反応が圧倒的だったのです。","O-10 퍼프는 단일추진제를 연료로 사용하는 매우 독특한 로켓엔진입니다. 원래는 대형 RCS로 제작되었지만 마케팅팀의 실수로 광고전단지에 엔진으로 잘못 표기되었습니다. 리액션 시스템즈 경영진은 놀랍게도 ""이제 때가 되었군!""이라고 하며 로켓엔진으로 판매를 시작했습니다.","O-10 „Puff” jest nietypowym silnikiem rakietowym napędzanym monergolem. Pierwotnie został zaprojektowany jako wielki silnik manewrowy, ale przed dużą kampanią reklamową naklejono na niego niewłaściwą etykietkę z opisem. Ku zaskoczeniu Systemów Reakcyjnych Itd. reakcja rynku brzmiała: „No, w samą porę!”","O-10 «Пыхтун» – уникальный ракетный двигатель, работающий на монотопливе. Изначально он должен был стать большим двигателем РСУ, но перед началом крупной рекламной кампании в его описание вкралась ошибка. К удивлению компании «Реактивные Системы», покупатели отреагировали на появление этого двигателя возгласами «Ну наконец-то!»",O-10“烟雾”是一款独特的火箭引擎，采用单组元推进剂作为燃料。它最初是打算设计成一款大型RCS推进器，结果在一场大型广告活动之前竟然贴错了标签。令反应系统有限公司惊讶的是，他们收到的回应大多都是“嗯，时机正好！”,"O O-10 Puff é um motor de foguetes único que usa monopropelente como combustível. Originalmente projetado para ser um propulsor SCR grande, acabou sendo erroneamente nomeado logo antes de uma campanha publicitária importante. Para a grata surpresa do Sistemas de Reação LTDA., a resposta majoritária foi ""Ora, já não era sem tempo!""",O-10「泡芙」是一款特殊的火箭引擎，使用單元推進劑作為燃料。最初是設計成大型的反應控制系統推力器，它在重大促銷活動前被貼錯了標籤。令反應系統有限公司感到驚訝的是，大眾的熱烈響應是「嗯，是時候了！」,"The O-10 ""Puff"" is a unique rocket engine that uses monopropellant for fuel. Originally designed to be a large RCS thruster, it was mislabeled right before a major ad campaign. Much to Reaction Systems Ltd. surprise, the overwhelming response was ""Well, it's about time!""","The O-10 ""Puff"" is a unique rocket engine that uses monopropellant for fuel. Originally designed to be a large RCS thruster, it was mislabeled right before a major ad campaign. Much to Reaction Systems Ltd. surprise, the overwhelming response was ""Well, it's about time!""","The O-10 ""Puff"" is a unique rocket engine that uses monopropellant for fuel. Originally designed to be a large RCS thruster, it was mislabeled right before a major ad campaign. Much to Reaction Systems Ltd. surprise, the overwhelming response was ""Well, it's about time!""","The O-10 ""Puff"" is a unique rocket engine that uses monopropellant for fuel. Originally designed to be a large RCS thruster, it was mislabeled right before a major ad campaign. Much to Reaction Systems Ltd. surprise, the overwhelming response was ""Well, it's about time!""",,Localized
Parts/Description/engine_1v_methalox_dart,Text,,"The T-1 ""Dart"" is C7's only methalox engine, and is rather unique in its design. It has a decent amount of thrust and is reasonably efficient both in and out of an atmosphere, making it a very well-rounded engine. It also has a very short profile, which works well for landers.","Le T-1 “Fléchette” est le seul moteur à méthalox de C7, en plus d'avoir une apparence unique. Il est capable de fournir une poussée tout à fait correcte et s'avère assez efficient aussi bien dans l'atmosphère qu'en dehors, ce qui en fait un moteur très polyvalent. Il est également assez court, ce qui le rend très adapté aux atterrisseurs.","Il T-1 ""Dardo"" è l'unico motore methalox della C7 e vanta una progettazione unica nel suo genere. È un motore completo, dotato di una discreta spinta ed è piuttosto efficiente dentro e fuori da un'atmosfera. È anche molto corto, caratteristica estremamente utile per i moduli di atterraggio.","Das T-1 „Dart“ ist das einzige Methalox-Triebwerk von C7 und verfügt über ein relativ einzigartiges Design. Es bietet ordentliche Schubkraft und akzeptable Effizienz inner- und außerhalb der Atmosphäre und ist damit ein ausgewogenes Triebwerk. Da es außerdem sehr kurz ist, passt es auch gut an Landemodule.","El T-1 ""Dardo"" es el único motor de metalox de C7 y posee un diseño único. Tiene un gran empuje y es razonablemente eficaz dentro y fuera de atmósferas, por lo que es un motor bastante equilibrado. También es de un perfil bastante reducido, por lo que funciona bastante bien con aterrizadores.","T-1 ""ダート""はC7唯一のメタロックスエンジンで、その設計はかなり独特です。適度な推力があり、大気圏内でも大気圏外でもそれなりの効率を発揮する、非常にバランスの良いエンジンです。また、全長が非常に短いため、着陸機にも適しています。","T-1 ""다트""는 C7이 개발한 유일한 메탈록스 엔진이며 디자인이 꽤 독특합니다. 준수한 추력을 가지고 있으며 대기권과 우주 모두에서 효율적인 다재다능한 엔진입니다. 길이가 짧기 때문에 착륙선에 사용하기에도 편리합니다.","T-1 „Strzałka” jest jedynym silnikiem C7 na metaloks, który ma raczej nietypową konstrukcję. Daje przyzwoity ciąg i jest dość wydajny tak w atmosferze, jak i w próżni, co zapewnia mu uniwersalność. Jest też bardzo krótki, co dobrze się sprawdza w lądownikach.","T-1 «Дротик» — единственный двигатель на металлическом водороде, который производит компания С7. У него неплохая тяга, и он довольно эффективен как в атмосфере, так и за ее пределами. Кроме того, у него очень маленький профиль, и поэтому он отлично подойдет для посадочного модуля.",T-1“飞镖”是C7唯一的一款液氧甲烷引擎，具有十分独特的设计。它的推力适中，在大气层内外都十分高效，这使它成为了一款性能非常全面的引擎。此外，它具有短小精悍的外形，非常适合用于着陆器。,"O T-1 ""Dart"" é o único motor de Metalox da C7, e seu design é bem único. Tem um empuxo decente e é razoavelmente eficiente, tanto dentro quanto fora de atmosferas, fazendo dele um motor bem completo. Ele também tem um perfil curto, o que funciona bem para aterrissadores.",T-1「飛鏢」是C7唯一的甲氧基引擎，具有相當獨特的設計。它的推力強大，在大氣層內外都保持高效，引擎功能全面。它的外型極短，非常適合登陸載具。,"The T-1 ""Dart"" is C7's only methalox engine, and is rather unique in its design. It has a decent amount of thrust and is reasonably efficient both in and out of an atmosphere, making it a very well-rounded engine. It also has a very short profile, which works well for landers.","The T-1 ""Dart"" is C7's only methalox engine, and is rather unique in its design. It has a decent amount of thrust and is reasonably efficient both in and out of an atmosphere, making it a very well-rounded engine. It also has a very short profile, which works well for landers.","The T-1 ""Dart"" is C7's only methalox engine, and is rather unique in its design. It has a decent amount of thrust and is reasonably efficient both in and out of an atmosphere, making it a very well-rounded engine. It also has a very short profile, which works well for landers.","The T-1 ""Dart"" is C7's only methalox engine, and is rather unique in its design. It has a decent amount of thrust and is reasonably efficient both in and out of an atmosphere, making it a very well-rounded engine. It also has a very short profile, which works well for landers.",,Localized
Parts/Description/engine_1v_methane-methalox_rapier,Text,,"The Reactive Alternate-Propellent Intelligent Engine for Rockets is a marvel of technology that can function as an airbreathing jet engine or closed cycle rocket engine. This makes it widely popular for spaceplane designs, and hugely profitable for both C7 and Rockomax.","Le Moteur Alternatif à Carburant Hydrogéné Explosif Tarabiscoté Totalement Éprouvé est une véritable prouesse technologique et sémantique pouvant faire office au choix de moteur de jet aérobique ou de moteur de fusée en cycle fermé. Cela en fait un moteur extrêmement populaire pour les avions spatiaux, en plus d'être une source de profits considérable pour C7 et Rockomax.",Il Motore Intelligente Reattivo a Propellente Alternativo è una meraviglia della tecnologia che può svolgere la funzione di motore a reazione ad aria o di motore a ciclo chiuso. Questo lo rende molto popolare per gli spazioplani ed enormemente remunerativo per la C7 e la Rockomax.,"Das Intelligente Reaktive Alternativ-Treibstoff-Triebwerk für Raketen ist ein wahres Wunder der Technik, das gleichermaßen als Atemluft-Düsentriebwerk oder Kreislaufraketentriebwerk funktioniert. Daher ist es allgemein als Raumschifftriebwerk beliebt und sowohl für C7 als auch Rockomax äußerst profitabel.","El motor inteligente de propelente alternativo a reacción para cohetes es una maravilla tecnológica que puede funcionar como motor a reacción atmosférico o como motor de cohete de ciclo cerrado. Se trata de una elección muy popular en el diseño de aviones espaciales, además de una muy rentable para C7 y Rockomax.",ロケット用インテリジェント代替推進剤反応エンジンは、エアブリージングジェットエンジンとしても、閉鎖サイクルロケットエンジンとしても機能する技術の驚異です。スペースプレーンの設計に広く用いられ、C7とロコマックスの双方に大きな利益をもたらしています。,"능동 반응형 대체 로켓 추진 엔진(R.A.P.I.E.R 엔진)은 제트엔진과 로켓엔진, 두 가지 형태로 모두 사용할 수 있는 혁신적인 엔진입니다. 덕분에 우주선의 필수 요소로 널리 알려져 있고, 덕분에 C7과 락코맥스는 큰 이익을 보게 되었습니다.","Reaktywny Alternatywnopaliwowy Inteligentny Energetyzator dla Rakiet to cud technologii, który może działać jako powietrzny silnik odrzutowy albo silnik rakietowy o obiegu zamkniętym. Dzięki temu jest niezwykle popularny wśród konstruktorów samolotów kosmicznych i przynosi ogromne zyski tak C7, jak i Rockomaksowi.","Реактивная Альтернативная Прекрасная Интеллектуальная Ракета Астронавтов – это чудо техники, которое может играть роль воздушно-реактивного двигателя, так и ракетного двигателя с замкнутым циклом. Именно поэтому он пользуется такой популярностью и приносит огромную прибыль компаниям С7 и «Рокомакс».",R.A.P.I.E.R.全称“用于火箭的反应式交替推进剂智能引擎”。其堪称一项技术奇迹，既能当作吸气式喷气引擎，也能作为闭合循环的火箭引擎使用。这使它在航天器的设计中大受欢迎，为C7和极限火箭双方都创造了巨额利润。,"O Motor Inteligente de Propulsão Alternativa Reativa para Foguetes é uma maravilha da tecnologia e funciona tanto como um motor a jato que respira ar quanto um motor de foguete de ciclo fechado. Isso faz dele incrivelmente popular para projetos de aviões espaciais, e imensamente rentável tanto para a C7 quanto Rockomax.",火箭用反應式備用推進型智慧引擎是一項技術奇跡，可作為噴射引擎或閉合循環式火箭引擎。它廣泛用於太空飛機的設計，並為C7和極限火箭帶來巨大商機。,"The Reactive Alternate-Propellent Intelligent Engine for Rockets is a marvel of technology that can function as an airbreathing jet engine or closed cycle rocket engine. This makes it widely popular for spaceplane designs, and hugely profitable for both C7 and Rockomax.","The Reactive Alternate-Propellent Intelligent Engine for Rockets is a marvel of technology that can function as an airbreathing jet engine or closed cycle rocket engine. This makes it widely popular for spaceplane designs, and hugely profitable for both C7 and Rockomax.","The Reactive Alternate-Propellent Intelligent Engine for Rockets is a marvel of technology that can function as an airbreathing jet engine or closed cycle rocket engine. This makes it widely popular for spaceplane designs, and hugely profitable for both C7 and Rockomax.","The Reactive Alternate-Propellent Intelligent Engine for Rockets is a marvel of technology that can function as an airbreathing jet engine or closed cycle rocket engine. This makes it widely popular for spaceplane designs, and hugely profitable for both C7 and Rockomax.",,Localized
Parts/Description/engine_1v_turboramjet_methane_whiplash,Text,,"Utilizing the latest in ramjet technology, the J-X4 “Whiplash” jet engine is capable of reaching speeds far above standard jet engines. It is inefficient at sea level, but is unparalleled at higher altitudes. It's extremely useful for long range aircraft or smaller SSTOs.","Tirant parti des dernières avancées en statoréaction, le moteur de jet J-X4 “Coup de fouet” est capable d'atteindre des vitesses bien supérieures à celles des moteurs classiques. Peu efficient au niveau de la mer, ses performances sont inégalées dès qu'il atteint des altitudes plus élevées. Extrêmement utile pour les avions à grande autonomie ou les petits LOMEs.","Sfruttando le ultime tecnologie nel campo dei turbostatoreattori, il motore a reazione J-X4 ""Frustata"" è in grado di raggiungere velocità nettamente superiori a quelle dei comuni colleghi. È inefficiente al livello del mare, ma ad alte altitudini è imbattibile. Estremamente utile per velivoli a lunga distanza o piccoli razzi monostadio.","Dank der neuesten Staustrahl-Triebwerkstechnik erreicht das Düsentriebwerk J-X4 „Whiplash“ wesentlich höhere Geschwindigkeiten als sämtliche Standard-Düsentriebwerke. Auf Meereshöhe ist es zwar ineffizient, aber in großer Höhe sucht es seinesgleichen. Es ist enorm gut geeignet für Langstreckenflugzeuge oder kleinere ESOR.","Gracias a lo último en tecnología de estatorreacción, el motor a reacción J-X4 ""Latigazo"" es capaz de alcanzar velocidades muy superiores a los motores a reacción estándar. A nivel del mar no es muy eficaz, pero su rendimiento a grandes altitudes no tiene parangón. Es extremadamente útil para las aeronaves de larga distancia u órbita en una etapa más pequeñas.","最新のラムジェット技術を搭載したJ-X4 ""ウィップラッシュ""ジェットエンジンは、標準的なジェットエンジンをはるかに超える速度に到達することができます。海面では非効率的ですが、高高度では比類のない性能を発揮します。長距離航空機や小型のSSTOに最適です。","최신 램제트 기술을 응용한 J-X4 ""위플래시"" 제트엔진은 통상적인 제트엔진에 비해 훨씬 빠른 속도를 낼 수 있습니다. 해수면고도에서는 효율이 좋지 않지만 고고도에서만큼은 ""위플래시"" 제트엔진의 효율을 따라올 엔진이 없죠. 장거리 비행이나 소형 SSTO에 유용합니다.","J-X4 „Plask”, wykorzystujący najnowsze osiągnięcia w technologii silników strumieniowych, umożliwiając osiąganie o wiele większych prędkości niż zwykłe silniki odrzutowe. Jest mało wydajny na poziomie morza, ale niezrównany na większych wysokościach. Znakomicie sprawdza się w samolotach dalekiego zasięgu i mniejszych jednoczłonowych rakietach orbitalnych.","J-X4 «Бич» – новейший турбореактивный двигатель, способный развивать скорость, которая значительно выше стандартной. Он неэффективно работает на уровне моря, но на больших высотах ему нет равных. Он, в основном, предназначен для дальней авиации и маленьких космолетов.",J-X4“鞭梢”喷气引擎利用最新的冲压技术，能够达到远高于标准喷气式引擎的速度。它在海平面高度效率低下，但在高海拔地区堪称无与伦比，对于远程航天器或小型单级入轨飞行器极其有用。,"Utilizando o que é de mais recente em tecnologia ramjet, o motor a jato J-X4 ""Whiplash"" é capaz de atingir velocidades muito superiores as dos outros motores a jato convencionais. Ao nível do mar ele não é eficiente, mas em grandes altitudes é invencível. É extremamente útil para naves de longo alcance ou EUPOs menores.",利用最新的衝壓噴射引擎技術，J-X4「呼嘯」能大幅超越一般噴射引擎的標準速度。它在海平面上效率低下，但在高海拔地區絕對無與倫比。它可大幅提升長程航空器或小型單段式入軌載具的效率。,"Utilizing the latest in ramjet technology, the J-X4 “Whiplash” jet engine is capable of reaching speeds far above standard jet engines. It is inefficient at sea level, but is unparalleled at higher altitudes. It's extremely useful for long range aircraft or smaller SSTOs.","Utilizing the latest in ramjet technology, the J-X4 “Whiplash” jet engine is capable of reaching speeds far above standard jet engines. It is inefficient at sea level, but is unparalleled at higher altitudes. It's extremely useful for long range aircraft or smaller SSTOs.","Utilizing the latest in ramjet technology, the J-X4 “Whiplash” jet engine is capable of reaching speeds far above standard jet engines. It is inefficient at sea level, but is unparalleled at higher altitudes. It's extremely useful for long range aircraft or smaller SSTOs.","Utilizing the latest in ramjet technology, the J-X4 “Whiplash” jet engine is capable of reaching speeds far above standard jet engines. It is inefficient at sea level, but is unparalleled at higher altitudes. It's extremely useful for long range aircraft or smaller SSTOs.",,Localized
Parts/Description/engine_2v_methalox_trumpet,Text,,"When the CEO of Ionic Symphonic Protonic Electronics commissioned Jebediah’s Junkyard to build a deep space engine, the business world was confused. It made a little more sense when the engine name was revealed.","Lorsque le PDG d'Électroniques Protoniques Symphoniques Ioniques demanda à la Décharge Jebediah de construire un propulseur pour espace profond, toute l'industrie se gratta la tête. Tout devint plus clair lorsque le nom de la pièce fut révélé au grand public.","Quando il CEO della Elettronica Ionica Sinfonica Protonica incaricò la Discarica di Jeb di costruire un motore spaziale, i mercati rimasero perplessi. Una volta svelato il nome del motore, tutto ha avuto leggermente più senso.","Als der CEO von Ionic Symphonic Protonic Electronics Jebediah’s Junkyard damit beauftragt hat, ein Tiefenraum-Triebwerk zu bauen, war die Business-Welt verwirrt. Es ergab etwas mehr Sinn, als der Name des Triebwerks bekannt gegeben wurde.","Cuando el director ejecutivo de Ionic Symphonic Protonic Electronics encargó a Jebediah’s Junkyard que construyera un motor para el espacio profundo, el mundo empresarial se vio sumido en la confusión. Cobró algo más de sentido cuando se reveló el nombre del motor.",アイオニック・シンフォニック・プロトニック・エレクトロニクスのCEOがジェバダイア・ジャンクヤードに深宇宙エンジンの製作を依頼したとき、ビジネス界は困惑しました。そのエンジン名が明らかになると、ちょっと納得がいきました。,아이오닉 심포닉 프로토닉 일렉트로닉스의 CEO가 제베디아 고물상에 심우주 엔진 설계를 의뢰했을 때 비즈니스계는 혼란에 빠졌습니다. 하지만 엔진 이름이 공개되자 다들 고개를 끄덕였다고 합니다.,"Gdy prezes Zakładów Elektronicznych Melwro zlecił Złomowisku Kermana skonstruowanie silnika próżniowego, świat biznesu wpadł w stupor. Gdy ujawniono nazwę projektowanego silnika, stupor jedynie się zwiększył.","Когда президент компании «Ионик Синхрофазотроника» заказал у «СвалКО» двигатель для дальнего космоса, деловой мир был в недоумении. Ситуация отчасти прояснилась, когда стало известно название этого двигателя.",当离子质子电子交响乐的首席执行官委托Jeb的废品回收公司建造深空引擎时，业界感到十分困惑。直到引擎名称被披露时，才少许显露出其中的意义。,"Quando o CEO da Ionic - Eletrônicos Sinfônicos Protônicos contratou a Ferro-velho do Jeb para construir um motor de espaço profundo, o mundo dos negócios ficou bastante confuso. Só fez um pouco de sentido quando o nome do motor foi revelado.",當初離子交響質子電子學公司執行長委託傑布廢品收購站打造外太空引擎時，商業界大為不解。而在揭示引擎的名字後，就變得合理一點了。,"When the CEO of Ionic Symphonic Protonic Electronics commissioned Jebediah’s Junkyard to build a deep space engine, the business world was confused. It made a little more sense when the engine name was revealed.","When the CEO of Ionic Symphonic Protonic Electronics commissioned Jebediah’s Junkyard to build a deep space engine, the business world was confused. It made a little more sense when the engine name was revealed.","When the CEO of Ionic Symphonic Protonic Electronics commissioned Jebediah’s Junkyard to build a deep space engine, the business world was confused. It made a little more sense when the engine name was revealed.","When the CEO of Ionic Symphonic Protonic Electronics commissioned Jebediah’s Junkyard to build a deep space engine, the business world was confused. It made a little more sense when the engine name was revealed.",,Localized
Parts/Description/engine_3v_hydrogen_swerv,Text,,"The ""Super Warm Engine for Rocket Vehicles"" is a gas-core nuclear engine designed for high thrust operations. It consists of five tubes attached to a structure that allows them to gimbal. Jeb swears he did not find those tubes in the spare lightbulbs box.",Le “Moteur de fusée super-chaud” est un moteur nucléaire avec un cœur au gaz conçu pour délivrer une poussée maximale. Il est composé de cinq tubes reliés à une structure leur permettant de cardaner. Jeb nous a promis qu'il ne les avait pas trouvés dans la boîte d'ampoules en trop.,"Il ""Motore Ultra Caldo per Avio Razzi"" è un motore nucleare con nucleo gassoso progettato per operazioni a forte spinta. Consiste in cinque tubi collegati a una struttura che fornisce vari snodi. Jeb giura di non aver trovato i tubi nella scatola delle lampadine di ricambio.","Das „Superheiße Triebwerk für Raketenfahrzeuge“ ist ein Atomtriebwerk mit Gaskern für den Betrieb bei hohem Schub. Es besteht aus fünf kadanisch an einer Konstruktion aufgehängten Röhren. Jeb schwört Stein und Bein, dass er die Röhren nicht in der Kiste mit den Ersatzglühbirnen gefunden hat.","El ""Supermotor Cálido para Vehículos Propulsados"" es un motor nuclear de núcleo gaseoso diseñado para operaciones de gran empuje. Se compone de cinco tubos acoplados a una estructura que actúa como cardán. Jeb jura que no encontró los tubos en una caja de bombillas de repuesto.","""ロケット用スーパーウォームエンジン""は、高推力運用を目的としたガスコア核エンジンです。機構に取り付けられた5本のチューブによってジンバルが可能になります。ジェブは、予備の電球の箱の中からこれらのチューブを見つけたのではないと断言しています。","""슈퍼 웜 로켓엔진""은 높은 추력을 필요로 하는 임무에 적합한 가스코어 핵 추진 로켓엔진입니다. 엔진은 짐벌을 위해 부착된 5개의 튜브로 구성되어 있습니다. 제베디아는 이 튜브를 예비부품박스에서 찾은 건 아니라고 거듭 강조하네요.","„Superciepły Silnik Awangardowo-Konstrukcyjny” jest silnikiem atomowym z rdzeniem gazowym przeznaczonym do działań wymagających dużego ciągu. Składa się z pięciu rurek przymocowanych do konstrukcji umożliwiającej ich obracanie. Jeb zarzeka się, że nie są to rurki znalezione w pudle na zapasowe żarówki.","«Супертеплый двигатель для ракетных аппаратов» – это газофазный ядерный двигатель, предназначенный для тех случаев, когда нужна большая тяга. Он состоит из пяти труб, прикрепленных к структуре, которая позволяет им изменять вектор тяги. Джеб клянется, что нашел эти трубы не в коробке, где лежат запасные лампочки.",“运载火箭超温引擎”是一种气芯核引擎，专为高推力操作而设计。它由五根管道组成，分别连接到一个使它们能万向调节的结构上。Jeb发誓那些管道不是从备用灯泡盒里找来的。,"O ""Motor Superquente para Veículos Lançadores"" é um motor nuclear de núcleo gasoso projetado para operações de grandes empuxos. Consiste em cinco tubos acoplados a uma estrutura que permite uma rotação. Jeb jura que não achou aqueles tubos na caixa de lâmpadas sobressalentes.",「火箭載具超溫引擎」是一款專為高推力所設計的氣芯式核動力引擎。它經由五條導管與結構連接組成，並形成環架。傑布發誓他絕對沒有拿導管當備用燈泡。,"The ""Super Warm Engine for Rocket Vehicles"" is a gas-core nuclear engine designed for high thrust operations. It consists of five tubes attached to a structure that allows them to gimbal. Jeb swears he did not find those tubes in the spare lightbulbs box.","The ""Super Warm Engine for Rocket Vehicles"" is a gas-core nuclear engine designed for high thrust operations. It consists of five tubes attached to a structure that allows them to gimbal. Jeb swears he did not find those tubes in the spare lightbulbs box.","The ""Super Warm Engine for Rocket Vehicles"" is a gas-core nuclear engine designed for high thrust operations. It consists of five tubes attached to a structure that allows them to gimbal. Jeb swears he did not find those tubes in the spare lightbulbs box.","The ""Super Warm Engine for Rocket Vehicles"" is a gas-core nuclear engine designed for high thrust operations. It consists of five tubes attached to a structure that allows them to gimbal. Jeb swears he did not find those tubes in the spare lightbulbs box.",,Localized
Parts/Description/fueltank_2v_m2_inline_methalox_1x1,Text,,"The RFT-400 is an Mk2 style tank designed to provide fuel to space planes and other cool-looking craft. It holds a decent amount of methalox and provides lift in an atmosphere, making it an ideal candidate for smaller single-stage-to-orbit vehicles.","Le RFT-400 est un réservoir de style Mk2 conçu pour le stockage du carburant dans les avions spatiaux et autres vaisseaux d'allure générale qui claque. Il contient une quantité tout à fait satisfaisante de méthalox et aide à la portance dans l'atmosphère, ce qui en fait un candidat de choix pour les lanceurs orbitaux monoétages de petite taille.","L'RFT-400 è un serbatoio in stile Mk2 progettato per spazioplani e altri veicoli dall'aspetto molto fico. Può contenere una discreta quantità di methalox e garantisce portanza nell'atmosfera, l'ideale per piccoli veicoli orbitali a singolo stadio.","Der RFT-400 ist ein Mk2-Tank, der Raumschiffe und andere cool aussehende Fahrzeuge mit Treibstoff versorgt. Er fasst eine ordentliche Menge an Methalox und sorgt in der Atmosphäre für Auftrieb, was ihn zum idealen Kandidaten für kleinere Einstufenorbit-Fahrzeuge macht.","El RFT-400 es un depósito de estilo Mk2 diseñado para suministrar combustible a aviones espaciales y otras naves chulas. Cuenta con una buena cantidad de metalox y proporciona sustentación en la atmósfera. Sin duda, el candidato ideal para los vehículos más pequeños de órbita en una etapa.",RFT-400は、スペースプレーンや他のクールな機体に燃料を供給するために設計されたMk2スタイルのタンクです。メタロックスを適量貯蔵でき、大気圏内では揚力を発揮するため、小型の単段式宇宙輸送機に理想的なタンクです。,RFT-400은 우주선이나 멋지게 보일 필요가 있는 모든 기체에 연료를 공급하는 잘빠진 Mk2 스타일 연료탱크입니다. 적당량의 메탈록스 연료를 취급하고 대기에서 비행하게 되면 양력이 발생하므로 SSTO 제작에 필수라고 할 수 있습니다.,"RFT-400 jest zbiornikiem klasy Mk2 przeznaczonym do dostarczania paliwa samolotom kosmicznym i innym stylowym jednostkom. Mieści przyzwoitą ilość metaloksu i zapewnia siłę nośną w atmosferze, dzięki czemu znakomicie sprawdza się w mniejszych jednostopniowych pojazdach orbitalnych.","RFT-400 – топливный бак в стиле Mk2, предназначенный для космопланов и других крутых летательных аппаратов. Он позволяет хранить неплохое количество металокса и обеспечивает подъемную силу в атмосфере, и поэтому идеально подойдет для небольших одноступенчатых аппаратов.",RFT-400是一款Mk2型燃料箱，设计用于为航天飞机及其他外观酷炫的机体提供燃料。它能装下相当数量的液氧甲烷，在大气层中也能提供升力，是小型单级入轨飞行器的理想选择。,"O RFT-400 é um tanque do tipo Mk2, projetado para fornecer combustível a aviões espaciais e outras naves maneiras. Pode armazenar uma quantidade decente de metalox e fornece sustentação em uma atmosfera, fazendo dele o candidato ideal dos veículos pequenos de estágio único até a órbita.",RFT-400是一款Mk2型儲存罐，能為太空飛機和其他外觀酷炫的飛行器提供燃料。它可存儲相當數量的甲氧基，並在大氣層中提供升力，非常適合小型單節入軌載具。,"The RFT-400 is an Mk2 style tank designed to provide fuel to space planes and other cool-looking craft. It holds a decent amount of methalox and provides lift in an atmosphere, making it an ideal candidate for smaller single-stage-to-orbit vehicles.","The RFT-400 is an Mk2 style tank designed to provide fuel to space planes and other cool-looking craft. It holds a decent amount of methalox and provides lift in an atmosphere, making it an ideal candidate for smaller single-stage-to-orbit vehicles.","The RFT-400 is an Mk2 style tank designed to provide fuel to space planes and other cool-looking craft. It holds a decent amount of methalox and provides lift in an atmosphere, making it an ideal candidate for smaller single-stage-to-orbit vehicles.","The RFT-400 is an Mk2 style tank designed to provide fuel to space planes and other cool-looking craft. It holds a decent amount of methalox and provides lift in an atmosphere, making it an ideal candidate for smaller single-stage-to-orbit vehicles.",,Localized
Parts/Description/intake_1v_m1_supersonic_diverterless,Text,,"The Mk1 Diverterless Supersonic Intake is the next step in structural intake technology, and it comes equipped with both a high-speed intake and a built-in fuel reserve. This is a great option for those who don’t want an ugly intake on the front of their private jet.","L'entrée d'air supersonique sans partiteur Mk1 est à la pointe du progrès en matière d'entrée d'air, et vient avec une entrée d'air à grande vitesse et une réserve de carburant intégrée. Idéal pour ceux que la vue d'une entrée d'air incongrue à l'avant de leur jet privé fait frémir de dégoût.",La Presa d'aria supersonica senza deviatore Mk1 è il prossimo passo nel campo delle prese d'aria strutturali ed è dotata di una presa d'aria ad alta velocità e di una riserva di carburante. L'ideale per chi non vuole piazzare una brutta presa d'aria davanti al proprio jet privato.,"Der Überschalleinlass ohne Umleiter (ÜoU) Mk1 ist der nächste Schritt im Bereich der Struktureinlasstechnologie und ist sowohl mit einem Hochgeschwindigkeitseinlass als auch einer eingebauten Treibstoffreserve ausgestattet. Er ist genau das Richtige für jeden, der keinen hässlichen Einlass am Bug seines Privatjets haben will.",La toma de aire supersónica sin derivador Mk1 es la siguiente fase en la tecnología estructural de las tomas de aire. Está equipada con una toma de aire de alta velocidad y una reserva integrada de combustible. Una gran opción para los que no quieren tener una toma de aire feúcha en la parte delantera de su reactor privado.,Mk1ダイバータレス超音速インテークは、構造インテーク技術の次のステップとなるもので、高速インテークとビルトインの燃料リザーブの双方を搭載しています。プライベートジェットの前面に醜いインテークを付けたくない方におすすめです。,Mk1 DSI 흡기는 초음속 구간에서 더 효율적인 흡기를 가능케 하는 차세대 흡기 구조 시스템입니다. 덤으로 연료도 저장할 수 있습니다. 자가용 제트기의 못생긴 흡기가 신경이 쓰인다면 DSI 흡기구를 장착하는 것을 고려해 보세요.,"Bezrozdzielaczowy wlot naddźwiękowy Mk1 jest następnym krokiem w dziedzinie wlotów strukturalnych. Obejmuje wlot dla dużych prędkości i wbudowany zbiornik rezerwy paliwa. To znakomity produkt dla każdego, kto nie chce mieć szpetnej dziury na dziobie swojego prywatnego odrzutowca.","Фиксированный сверхзвуковой воздухозаборник Mk1 — это следующий уровень технологий, связанных с подачей воздуха. Он оснащен как скоростным воздухозаборником, так и встроенным топливным баком. Выберите его, если хотите, чтобы ваш частный самолет выглядел стильно.",Mk1无附面层隔道超音速进气道采用下一级结构进气技术，配有高速进气道和内置后备燃料。对于前面不想装丑陋进气道的私人飞机来说，这是个不错的选择。,A Entrada de Ar Supersônica Indesviável Mk1 é o futuro da tecnologia de entrada de ar estrutural. Ela vem equipada com uma entrada de ar de alta velocidade e uma reserva de combustível embutida. É uma ótima opção para quem não quer ter uma entrada de ar feia na frente do seu jatinho particular.,Mk1無偏向超音速進氣口是進氣口結構的次世代技術，它配備了高速進氣口和內置燃油儲備。對於那些不想在私人噴射機前端安裝醜陋進氣口的人來說，這可是理想選擇。,"The Mk1 Diverterless Supersonic Intake is the next step in structural intake technology, and it comes equipped with both a high-speed intake and a built-in fuel reserve. This is a great option for those who don’t want an ugly intake on the front of their private jet.","The Mk1 Diverterless Supersonic Intake is the next step in structural intake technology, and it comes equipped with both a high-speed intake and a built-in fuel reserve. This is a great option for those who don’t want an ugly intake on the front of their private jet.","The Mk1 Diverterless Supersonic Intake is the next step in structural intake technology, and it comes equipped with both a high-speed intake and a built-in fuel reserve. This is a great option for those who don’t want an ugly intake on the front of their private jet.","The Mk1 Diverterless Supersonic Intake is the next step in structural intake technology, and it comes equipped with both a high-speed intake and a built-in fuel reserve. This is a great option for those who don’t want an ugly intake on the front of their private jet.",,Localized
Parts/Description/junction_1v_circular,Text,,The CTJ-125 is designed to attach as many as six other circular struts. It is also just large enough to crawl inside and roll around.,Le CTJ-125 est conçu pour pouvoir se fixer à jusqu'à six autres étais circulaires. Il fait également pile la bonne taille pour que vous vous glissiez dedans et vous amusiez à rouler dans la pièce.,Il CTJ-125 è progettato per ospitare fino a sei altri puntoni circolari. È anche abbastanza largo da potercisi infilare dentro e rotolare.,"An die CTJ-125 kann man ganze sechs andere runde Streben anbringen. Außerdem ist sie gerade groß genug, um hineinzukriechen und darin herumzurollen.","El CTJ-125 está pensado para instalar un máximo de seis armazones circulares adicionales. Además, es lo bastante grande como para arrastrarse dentro y ponerse a rodar.",CTJ-125は、サーキュラーストラットを6個も取り付けられるように設計されています。また、中に潜り込んで転げ回るのにちょうど良い大きさです。,CTJ-125는 최대 6개의 다른 원형 스트럿을 부착할 수 있도록 설계되었습니다. 안에 기어들어가 뒹굴뒹굴하기에 충분히 큰 공간이 있습니다.,"CTJ-125 jest przeznaczona do przyłączenia maksymalnie sześciu innych rozpór kolistych. Jest też na tyle duża, by można było wpełznąć do środka i się w niej turlać.","К CTJ-125 можно прикрепить до шести круговых опор. Кроме того, она достаточно большая, и поэтому в нее можно залезть и покататься.",CTJ-125设计用于连接多达六根其他圆形支柱。而且它足够大，里面可以爬进爬出和滚来滚去。,O CTJ-125 foi feito para conectar até seis estruturas circulares. Também tem espaço interno suficiente para um Kerbal entrar e rolar.,CTJ-125的設計可以連接多達六個圓形支柱。它的空間也很大，能在裡面又滾又爬。,The CTJ-125 is designed to attach as many as six other circular struts. It is also just large enough to crawl inside and roll around.,The CTJ-125 is designed to attach as many as six other circular struts. It is also just large enough to crawl inside and roll around.,The CTJ-125 is designed to attach as many as six other circular struts. It is also just large enough to crawl inside and roll around.,The CTJ-125 is designed to attach as many as six other circular struts. It is also just large enough to crawl inside and roll around.,,Localized
Parts/Description/landinggear_0v_steerable,Text,,"While it is not retractable, the LY-05 is still a very popular landing gear for small aircraft. It also makes a fantastic unicycle wheel, despite LightYear’s best attempts to deny it.","Bien qu'il ne soit pas rétractable, le LY-05 est un train d'atterrissage extrêmement populaire pour les petits appareils. C'est également un super monocycle, malgré tous les efforts de LightYear pour prétendre le contraire.","Sebbene non sia retrattile, l'LY-05 resta un carrello di atterraggio molto popolare fra i velivoli di dimensioni ridotte. Può essere anche un eccellente ruota per monociclo, nonostante la LightYear cerchi di negarlo.","Das Fahrwerk LY-05 ist zwar nicht einziehbar, kommt aber bei kleinen Flugzeugen dennoch häufig zum Einsatz. Es eignet sich außerdem hervorragend als Einrad – trotz der besten Versuche von LightYear, dies zu leugnen.","A pesar de no ser retráctil, el LY-05 es una de las opciones más populares entre los trenes de aterrizaje para aeronaves pequeñas. Por mucho que LightYear intente negarlo, también sirve como monociclo.",LY-05は格納式ではありませんが、小型機用のランディングギアとして依然として非常に人気があります。また、素晴らしい一輪車用の車輪にもなります。ライトイヤーは激しく否定していますが。,LY-05는 수납할 수 없지만 여전히 소형 비행기에서 인기있는 랜딩기어입니다. 라이트이어사에서는 좋아하지 않지만 최근에는 인기제품인 LY-05로 외발자전거를 만드는 챌린지까지 진행되고 있습니다.,"Mimo iż nie jest składane, LY-05 pozostaje bardzo popularnym podwoziem dla małych statków powietrznych. Świetnie się też sprawdza jako kółko do monocykla, mimo iż Stokilom stanowczo temu zaprzecza.","Шасси LY-05 остается популярным выбором для небольших летательных аппаратов, хоть и не обладает функцией складывания. А еще из него получаются отличные одноколесные велосипеды, хоть «Машилин» и пытаются всячески отрицать это.",尽管无法伸缩，但LY-05仍然是一款非常受欢迎的小型航天器起落架，而且还是个出色的独轮车车轮，虽然光年竭力否认这一点。,"Apesar de não ser retrátil, o LY-05 ainda é um trem de pouso muito popular para aeronaves pequenas. Ele também é fantástico como roda de monociclo, apesar das tentativas da LightYear de negar isso.",儘管這款起落架並非伸縮式，但LY-05仍舊深受小型航空器喜愛。無論光年如何極力否認，它看起來就像獨輪車，還真的挺神奇。,"While it is not retractable, the LY-05 is still a very popular landing gear for small aircraft. It also makes a fantastic unicycle wheel, despite LightYear’s best attempts to deny it.","While it is not retractable, the LY-05 is still a very popular landing gear for small aircraft. It also makes a fantastic unicycle wheel, despite LightYear’s best attempts to deny it.","While it is not retractable, the LY-05 is still a very popular landing gear for small aircraft. It also makes a fantastic unicycle wheel, despite LightYear’s best attempts to deny it.","While it is not retractable, the LY-05 is still a very popular landing gear for small aircraft. It also makes a fantastic unicycle wheel, despite LightYear’s best attempts to deny it.",,Localized
Parts/Description/landinggear_1v,Text,,"Although it may look fragile, the LY-10 landing gear is incredibly tough, designed for both small aircraft and SSTOs. Built of the finest alloys, it can handle the extremes of Kerbin reentry. Make sure to retract them after takeoff unless you want some impromptu air brakes.","Malgré son apparente fragilité, le train d'atterrissage LY-10 est en réalité extrêmement robuste et est conçu aussi bien pour les petits avions que les LOMEs. Construit à partir des meilleurs alliages, il peut résister aux conditions extrêmes de l'entrée dans l'atmosphère de Kerbin. Pensez à bien le rétracter après le décollage si vous ne voulez pas d'un dispositif de freinage supplémentaire.","A dispetto delle fragili apparenze, il carrello di atterraggio LY-10 è incredibilmente resistente. Progettato per piccoli velivoli e razzi monostadio, e costruito utilizzando le migliori leghe, è in grado di sopportare le condizioni estreme di un rientro su Kerbin. Ricordati di ritrarlo dopo il decollo, a meno che tu non voglia dei freni ad aria improvvisati.","Das Fahrwerk LY-10 mag nicht sonderlich stabil wirken, aber dieser Eindruck täuscht, denn es ist unglaublich widerstandsfähig und eignet sich sowohl für kleine Flugzeuge als auch für ESOR. Es besteht aus hochwertigen Legierungen und übersteht auch die extremen Bedingungen beim Wiedereintritt in die Atmosphäre von Kerbin. Denk daran, es nach dem Start einzufahren, es sei denn, du brauchst eine behelfsmäßige Luftbremse.","Aunque pueda parecer frágil, el tren de aterrizaje LY-10 es increíblemente resistente y está diseñado tanto para aeronaves pequeñas como para las de órbita en una etapa. Está elaborado con las mejores aleaciones y puede soportar las extremas reentradas en Kerbin. Asegúrate de retraerlo después del despegue si no quieres unos frenos de aire improvisados.",LY-10ランディングギアは、一見壊れやすそうに見えますが、小型機とSSTOの両方に対応できる設計で、非常に頑丈です。最高級の合金で作られており、カービン再突入の極限状態にも耐えられます。即席のエアブレーキが必要な場合を除き、離陸後は必ず格納してください。,분명 LY-10은 겉보기에는 잘 망가지게 생겼지만 실질적으로는 소형 항공기나 소형 SSTO를 위해 설계되었고 그 하중을 충분히 견딜 수 있습니다. 차세대 합금으로 제작된 데다 재진입같은 극한의 환경 역시 견뎌낼 수 있습니다. 다만 이륙 후 에어브레이크로 쓸 생각이 아니라면 꼭 수납해주세요.,"Choć podwozie LY-10 wygląda na delikatne, jest niezwykle wytrzymałe. Przeznaczono je do małych statków powietrznych i statków jednoczłonowych. Zostało zbudowane z najlepszych stopów i może wytrzymać skrajne warunki panujące przy powrocie do atmosfery Kerbina. Pamiętaj o jego złożeniu po starcie, inaczej będzie działać jako improwizowany hamulec aerodynamiczny.",Хрупкое на вид шасси LY-10 для небольших летательных аппаратов и одноступенчатых многоразовых космопланов невероятно прочно. Оно создано из лучших сплавов и может выдержать суровые условия обратной посадки на Кербин. Только не забудьте убрать шасси после взлета. Вам ведь не нужны импровизированные тормоза?,尽管看似脆弱，但LY-10起落架其实异常坚固，专为小型航天器和单级入轨航天器而设计。它采用最优秀的合金建造，能应对Kerbin再入时的极端情况。除非你想来点儿即兴刹车表演，否则请在起飞之后把它收起来。,"Apesar de parecer frágil, o trem de pouso LY-10 é incrivelmente resistente, feito para aeronaves e EUPOs pequenos. Construído com ligas de qualidade, ele consegue suportar a turbulência da reentrada em Kerbin. Não esqueça de recolhê-los após a decolagem, a não ser que você queira uns aerofreios improvisados.",LY-10起落架看似脆弱，其實非常堅固，專為小型航空器和單段式入軌載具所設計。它由頂級合金製成，足以因應重新進入坎巴拉星大氣層的極端情況。請務必在起飛後收回，除非您想臨時在空中煞車。,"Although it may look fragile, the LY-10 landing gear is incredibly tough, designed for both small aircraft and SSTOs. Built of the finest alloys, it can handle the extremes of Kerbin reentry. Make sure to retract them after takeoff unless you want some impromptu air brakes.","Although it may look fragile, the LY-10 landing gear is incredibly tough, designed for both small aircraft and SSTOs. Built of the finest alloys, it can handle the extremes of Kerbin reentry. Make sure to retract them after takeoff unless you want some impromptu air brakes.","Although it may look fragile, the LY-10 landing gear is incredibly tough, designed for both small aircraft and SSTOs. Built of the finest alloys, it can handle the extremes of Kerbin reentry. Make sure to retract them after takeoff unless you want some impromptu air brakes.","Although it may look fragile, the LY-10 landing gear is incredibly tough, designed for both small aircraft and SSTOs. Built of the finest alloys, it can handle the extremes of Kerbin reentry. Make sure to retract them after takeoff unless you want some impromptu air brakes.",,Localized
Parts/Description/landinggear_1v_fixed,Text,,"Designed primarily for ultra-light aircraft, the LY-01 landing gear provides both strength and stability. LightYear insists it is not a fancy training wheel for rookie pilots.","Conçu à l'origine pour les avions ultralégers, le train d'atterrissage LY-01 est à la fois robuste et stable. LightYear insiste lourdement sur le fait que non, ce n'est pas l'équivalent des petites roues du tricycle pour pilotes débutants.","Progettato principalmente per velivoli ultra-leggeri, il carrello di atterraggio LY-01 offre resistenza e stabilità. LightYear insiste nel dichiarare che non si tratta di una rotellina per piloti alle prime armi.","Das Fahrwerk LY-01 ist vornehmlich für Ultraleichtflieger geeignet und verleiht ihnen Stabilität und Robustheit. LightYear wird nicht müde, zu betonen, dass es sich nicht um ein schickes Stützrad für unerfahrene Piloten handelt.","El tren de aterrizaje LY-01, diseñado principalmente para aeronaves ultraligeras, ofrece fuerza y estabilidad. LightYear insiste en que no es ningún ruedín para pilotos novatos.",主に超軽量機向けに設計されたLY-01ランディングギアは、強度と安定性に優れています。ライトイヤーは、このランディングギアは新人パイロットのためのファンシーな練習用車輪ではないと主張しています。,초경량 항공기를 위해 설계된 LY-01은 랜딩기어로서 가져야 할 내구도와 안정성 모두를 가지고 있습니다. 라이트이어사에서는 초보 조종사들을 위한 허접한 바퀴가 아니라고 하더군요.,"Podwozie LY-01 jest przeznaczone głównie dla ultralekkich statków powietrznych i zapewnia równocześnie wytrzymałość i stabilność. Stokilom upiera się, że to nie jest fikuśne kółko ćwiczebne dla początkujących pilotów.","Шасси LY-01, предназначенное для ультралегких летательных аппаратов, отличается надежностью и прочностью. Представители «Машилин» настаивают на том, что это не модное тренировочное колесо для молодых пилотов.",LY-01起落架主要为超轻型航天器而设计，强度和稳定性俱佳。光年坚称它并非新手飞行员的花哨训练轮。,"Desenvolvido especialmente para aeronaves ultraleves, o trem de pouso LY-01 oferece resistência e estabilidade. A LightYear insiste que ele não é como uma rodinha de bicicleta para pilotos iniciantes.",LY-01起落架主要針對超輕型航空器所設計，並能提升強度和穩定性。光年堅持這輪子不是訓練菜鳥飛行員的耍帥道具。,"Designed primarily for ultra-light aircraft, the LY-01 landing gear provides both strength and stability. LightYear insists it is not a fancy training wheel for rookie pilots.","Designed primarily for ultra-light aircraft, the LY-01 landing gear provides both strength and stability. LightYear insists it is not a fancy training wheel for rookie pilots.","Designed primarily for ultra-light aircraft, the LY-01 landing gear provides both strength and stability. LightYear insists it is not a fancy training wheel for rookie pilots.","Designed primarily for ultra-light aircraft, the LY-01 landing gear provides both strength and stability. LightYear insists it is not a fancy training wheel for rookie pilots.",,Localized
Parts/Description/landinggear_2v,Text,,"After several intense months of research into how to improve the LY-10 landing gear, the crew at LightYear came to the brilliant conclusion: add a second tire! Introducing the LY-35, designed for medium aircraft and spaceplanes, and featuring not one, but two-heavy duty tires.","Après des mois de recherches intensives pour améliorer le train d'atterrissage LY-10, les employés de LightYear sont arrivés à cette conclusion géniale : il suffit de rajouter un deuxième pneu ! Le LY-35 était né, conçu pour les avions et avions spatiaux de taille moyenne, et équipé de non pas un, mais deux pneus hautement résistants.","Dopo mesi intensi di ricerche su come migliorare il carrello di atterraggio LY-10, la LightYear arrivò a una conclusione geniale: aggiungiamo un'altra ruota! Ed ecco l'LY-35, progettato per velivoli e spazioplani di medie dimensioni, che include non uno, ma ben due pneumatici ultra-resistenti.","Nach mehreren Monaten intensiver Forschung ist das Team von LightYear beim Versuch, das Fahrwerk LY-10 zu verbessern, zu einer brillanten Schlussfolgerung gekommen: Man sollte einen zweiten Reifen hinzufügen! Wir stellen vor: das LY-35 für mittelgroße Flugzeuge und Raumschiffe – mit nicht nur einem, sondern gleich zwei robusten Reifen.","Tras varios meses de investigación exhaustiva a fin de mejorar el tren de aterrizaje LY-10, al equipo de LightYear se le ocurrió una idea brillante: ¡añadir una segunda rueda! Te presentamos el LY-35, diseñado para aeronaves medianas y aviones espaciales. Ahora disponible no solo con uno, sino con dos neumáticos de alta resistencia.",LY-10ランディングギアを改良するために数か月に及ぶ集中的な研究を重ねた結果、ライトイヤーのスタッフは素晴らしい結論に達しました。2つ目のタイヤを追加するのです！ こうして、中型の航空機やスペースプレーン用に設計され、1つではなく2つの頑丈なタイヤを備えたLY-35が発表されました。,"LY-10 랜딩기어를 개선하기 위해 몇 달간 집중적인 연구를 진행하였고, 결국 라이트이어사 직원들은 훌륭한 아이디어를 도출했습니다(바퀴를 하나 더 다는 것). 중형 항공기나 우주선을 위해 설계된 LY-35를 소개합니다. 한 개의 바퀴가 아닌 중량 타이어가 장착된 복륜이 가장 큰 특징입니다.","Po kilku miesiącach intensywnych prac nad ulepszeniem podwozia LY-10 zespół Stokilomu wpadł na błyskotliwy pomysł: dodać drugie koło! Przedstawiamy zatem LY-35 przeznaczone dla średnich statków powietrznych i samolotów kosmicznych, które ma nie jedno, a dwa wytrzymałe koła.","Отдел исследований «Машилин» потратил много месяцев, пытаясь улучшить шасси LY-10, пока кого-то не посетила гениальная идея — добавить вторую шину! Встречайте LY-35, предназначенное для средних летательных аппаратов или космопланов и имеющее целых две большегрузных шины.",针对如何改进LY-10起落架进行长达数月的紧张研究之后，光年工作人员得出了一个绝妙的结论：再加一个轮胎！如此便造就了LY-35，专为中型航天器和航天器而设计，配备的重型轮胎不是一个，而是两个。,"Após muitos meses intensos pesquisando como melhorar o trem de pouso LY-10, a equipe da LightYear chegou a uma solução genial: adicionar mais um pneu! Apresentamos o LY-35, feito para aeronaves e aviões espaciais, e que não vem com apenas um, mas com dois pneus de serviço pesado.",歷經數月的深入研究，針對如何改進LY-10起落架，光年的工作人員有了高明的結論：再加一個輪胎！新推出的LY-35，專為中型航空器和太空飛機所設計，特點不只一個，是有兩個重型輪胎。,"After several intense months of research into how to improve the LY-10 landing gear, the crew at LightYear came to the brilliant conclusion: add a second tire! Introducing the LY-35, designed for medium aircraft and spaceplanes, and featuring not one, but two-heavy duty tires.","After several intense months of research into how to improve the LY-10 landing gear, the crew at LightYear came to the brilliant conclusion: add a second tire! Introducing the LY-35, designed for medium aircraft and spaceplanes, and featuring not one, but two-heavy duty tires.","After several intense months of research into how to improve the LY-10 landing gear, the crew at LightYear came to the brilliant conclusion: add a second tire! Introducing the LY-35, designed for medium aircraft and spaceplanes, and featuring not one, but two-heavy duty tires.","After several intense months of research into how to improve the LY-10 landing gear, the crew at LightYear came to the brilliant conclusion: add a second tire! Introducing the LY-35, designed for medium aircraft and spaceplanes, and featuring not one, but two-heavy duty tires.",,Localized
Parts/Description/landinggear_3v,Text,,"The LY-60 landing gear is designed for larger aircraft and space planes. It has excellent ground clearance, four deluxe tires, and very cool looking spots and brake lights! It helps to see when you’re landing at night, am I right?","Le train d'atterrissage LY-60 est conçu pour les grands avions et avions spatiaux. Il possède une excellente tenue de route, quatre pneus deluxe et des LED et des lumières de frein super classes ! C'est bien pratique pour voir où on atterrit de nuit.","Il carrello di atterraggio LY-60 è stato progettato per grandi velivoli e spazioplani. Include una notevole distanza dal terreno, quattro pneumatici deluxe e splendidi faretti e luci dei freni! Torna utile vedere quando atterri di notte, giusto?","Das Fahrwerk LY-60 ist für große Flugzeuge und Raumschiffe gedacht. Es bietet reichlich Bodenfreiheit, vier besonders hochwertige Reifen und verdammt coole Scheinwerfer und Bremslichter! Ist hilfreich, zu sehen, wohin man fliegt, wenn man nachts landen will, oder?","El tren de aterrizaje LY-60 está diseñado para aeronaves y aviones espaciales grandes. Proporciona una distancia hasta el suelo fantástica y cuenta con cuatro neumáticos de lujo, así como con focos y luces de freno muy chulas para ver dónde aterrizas de noche. ¿A que está guay?",LY-60ランディングギアは、大型機やスペースプレーン用に設計されており、優れた地上高、4本のデラックスなタイヤ、そしてとてもクールな外観のスポットライトとブレーキランプが備わっています！ 夜間着陸の際、視界を確保するのに役立ちますよね。,"LY-60 랜딩기어는 대형 항공기와 우주선을 위해 설계되었습니다. 높은 지상고, 4쌍의 고급 타이어, 그리고 멋진 휠하우스와 브레이크 등이 장착되어 있죠! 야간비행 중 비행기를 못 볼까봐 겁나시나요? LY-60만 있다면 멋진 조명 덕분에 알아보기 쉽답니다.","Podwozie LY-60 jest przeznaczone dla większych statków powietrznych i samolotów kosmicznych. Zapewnia znakomity prześwit między kadłubem a podłożem, ma cztery luksusowe koła oraz czadowe reflektory i światła stopu! Dobrze jest nocą widzieć, gdzie lądujesz, prawda?","Шасси LY-60 разработано для крупных летательных аппаратов и космопланов. Оно обеспечивает отличную высоту над землей, имеет четыре первоклассных шины и может похвастать красивыми фарами! Самое то для ночных приземлений.",LY-60起落架专为大型航天器和航天器而设计，具有出色的离地间距，配备四个豪华轮胎以及酷炫无比的斑纹和刹车灯！这在夜间着陆时能帮你看清路况，对吗？,"O trem de pouso LY-60 foi feito para aeronaves e aviões espaciais grandes. Ele possui uma distância do solo excelente, quatro pneus de luxo, além de holofotes e luzes de freio muito legais! Isso ajuda a enxergar quando estiver pousando à noite, né não?",LY-60起落架專為大型航空器和太空飛機所設計。它具有出色的離地高度、四個豪華輪胎、非常酷的觀測角度和剎車燈！夜間降落的時候您就知道了。我沒說錯吧？,"The LY-60 landing gear is designed for larger aircraft and space planes. It has excellent ground clearance, four deluxe tires, and very cool looking spots and brake lights! It helps to see when you’re landing at night, am I right?","The LY-60 landing gear is designed for larger aircraft and space planes. It has excellent ground clearance, four deluxe tires, and very cool looking spots and brake lights! It helps to see when you’re landing at night, am I right?","The LY-60 landing gear is designed for larger aircraft and space planes. It has excellent ground clearance, four deluxe tires, and very cool looking spots and brake lights! It helps to see when you’re landing at night, am I right?","The LY-60 landing gear is designed for larger aircraft and space planes. It has excellent ground clearance, four deluxe tires, and very cool looking spots and brake lights! It helps to see when you’re landing at night, am I right?",,Localized
Parts/Description/landingleg_0v,Text,,"Small and lightweight, the “Bandicoot” is a great landing leg for diminutive landers and other small craft. They also make really fun stilts, but don’t let management catch you playing with them.","Petit et léger, le “Bandicoot” est un super train d'atterrissage pour les petits atterrisseurs et appareils. Vous pouvez aussi vous en servir comme échasses, mais ne vous faites pas attraper par la direction en train de jouer avec.","Piccolo e leggero, il ""Bandicoot"" è un ottimo supporto di atterraggio per piccoli moduli e altri veicoli di simili dimensioni. Possono essere usati anche come trampoli, l'importante è non farsi beccare dal management.","Das kleine und leichte „Bandicoot“ ist ein großartiges Landebein für winzige Landemodule und andere Fahrzeuge ähnlicher Größe. Sie können auch toll als Stelzen benutzt werden, aber lass dich nicht vom Chef erwischen, wenn du mit ihnen rumspielst.","La ""Bandicut"" es una pata de aterrizaje pequeña y ligera perfecta para aterrizadores diminutos y otras naves pequeñas. Si las usas como zancos, son divertidísimas. Pero no dejes que la dirección te pille jugando con ellas.","小型で軽量の""バンディクート""は、小型の着陸船やその他の小型宇宙船に最適な着陸脚です。竹馬としても楽しめますが、竹馬にして遊んでいるところを管理職に見つからないようにしてください。","작고 가벼운 ""밴디쿠트"" 랜딩레그는 소형 기체를 위한 훌륭한 착륙용 다리입니다. ""밴디쿠트""를 이용하면 정말 재미난 것들도 많이 만들 수 있지만, 경영진에게 ""밴디쿠트""를 가지고 노는 것을 들키지는 마세요.","Mała i lekka noga „Jamraj” znakomicie nadaje się dla niewielkich lądowników i innych małych statków. Świetnie sprawdza się też jako szczudło, ale niech cię kierownictwo nie przyłapie na takiej zabawie.",Маленькая и легкая посадочная опора «Бандикут» — идеальный вариант для небольших модулей и летательных аппаратов. Еще из нее получаются отличные ходули… только не попадитесь на глаза начальству.,“袋狼”小巧轻便，是微小型着陆器及其他小型机体的绝佳着陆支架。它也可以当作很有意思的高跷来用，但玩的时候别让管理人员发现。,"Pequena e leve, a ""Bandicoot"" é uma ótima perna de aterrissagem para aterrissadores pequenos e outras naves de portes menores. Também é muito divertido usá-las como perna de pau, mas não deixe a gerência pegar você brincando com elas.",「袋狸」的體積小、重量輕，是小型登陸載具和小型飛行器的著陸架首選。它們也可當作非常有趣的高蹺，玩的時候可別讓管理人員抓到。,"Small and lightweight, the “Bandicoot” is a great landing leg for diminutive landers and other small craft. They also make really fun stilts, but don’t let management catch you playing with them.","Small and lightweight, the “Bandicoot” is a great landing leg for diminutive landers and other small craft. They also make really fun stilts, but don’t let management catch you playing with them.","Small and lightweight, the “Bandicoot” is a great landing leg for diminutive landers and other small craft. They also make really fun stilts, but don’t let management catch you playing with them.","Small and lightweight, the “Bandicoot” is a great landing leg for diminutive landers and other small craft. They also make really fun stilts, but don’t let management catch you playing with them.",,Localized
Parts/Description/landingleg_1v,Text,,"Lightweight yet strong, the ""Wallaroo"" is one of MPEG’s most popular landing legs. It is designed mostly for exploratory surface probes, but it is bouncy enough to be great fun for crewed landers.","Léger, mais résistant, le “Muraroo” est l'un des trains d'atterrissage les plus populaires de GEBM, conçu principalement pour les sondes d'exploration en surface. Sa forte capacité de rebond en fait une option très prisée pour les atterrisseurs habités par des amateurs de sensations fortes.","Leggero ma resistente, il ""Canguro"" è uno dei supporti di atterraggio più popolari della GEPM. È stato progettato principalmente per sonde adibite all'esplorazione in superficie, ma è abbastanza elastico da divertire un equipaggio.","Das „Wallaroo“ ist leicht und zugleich robust und zählt zu den beliebtesten Landebeinen von MPEG. Es ist vornehmlich für Oberflächen-Erkundungsdrohnen gedacht, macht dank seiner Sprungkraft aber auch bei bemannten Landemodulen Spaß.","Ligera pero resistente, la ""Walarú"" es una de las patas de aterrizaje más famosas de MPEG. Aunque está diseñada principalmente para sondas de superficie exploratorias, da tantos botes que bien podría usarse en aterrizadores con tripulación para que esta se lo pase bomba.","軽量なのに丈夫な""ワラルー""は、MPEGで最も人気のある着陸脚のひとつです。主に地表探査機用に設計されていますが、よく弾むので有人着陸機に使っても十分楽しむことができます。","가볍지만 튼튼한 ""왈라루"" 랜딩레그는 MPEG의 가장 인기있는 착륙용 다리입니다. 대부분의 탐사선에서 모두 사용할 수 있도록 설계되었으며, 착륙할 때 특유의 탄력 때문에 대부분의 승무원들이 착륙 순간만을 기다린다고 합니다.","Lekki, ale wytrzymały „Kangurnik” należy do najpopularniejszych nóg lądowniczych „Ruchliwych Części”. Jest przeznaczony głównie dla sond badawczych lądujących na powierzchni ciał niebieskich. Sprężynuje jednak na tyle, że zapewni też dobrą zabawę personelowi lądowników załogowych.","«Валлару» являются одними из самых популярных посадочных опор «MPEG» за счет своей прочности и легковесности. В основном они предназначены для поверхностных зондов, но их прыгучесть не даст скучать экипажу посадочных модулей.",“大袋鼠”轻巧又结实，是运动部件专家组(MPEG)最受欢迎的着陆支架之一。它主要是为探索表面探测器而设计，但它弹性十足，用在载人着陆器上也能平添乐趣。,"Leve, porém resistente, a ""Wallaru"" é uma das pernas de aterrissagem mais populares da GPPM. Ela é feita especialmente para sondas exploratórias de superfície, mas quica o bastante para garantir a diversão de aterrissadores tripulados.",「袋鼠」輕巧堅固，是移動零件專家集團最受歡迎的著陸架之一。它主要作為地表探測器，彈跳力十足，為登陸載具上的機組人員帶來極大的樂趣。,"Lightweight yet strong, the ""Wallaroo"" is one of MPEG’s most popular landing legs. It is designed mostly for exploratory surface probes, but it is bouncy enough to be great fun for crewed landers.","Lightweight yet strong, the ""Wallaroo"" is one of MPEG’s most popular landing legs. It is designed mostly for exploratory surface probes, but it is bouncy enough to be great fun for crewed landers.","Lightweight yet strong, the ""Wallaroo"" is one of MPEG’s most popular landing legs. It is designed mostly for exploratory surface probes, but it is bouncy enough to be great fun for crewed landers.","Lightweight yet strong, the ""Wallaroo"" is one of MPEG’s most popular landing legs. It is designed mostly for exploratory surface probes, but it is bouncy enough to be great fun for crewed landers.",,Localized
Parts/Description/landingleg_3v,Text,,"Arguably the most handsome of the landing legs, the “Wallaby” is both strong and durable, and comes in its own stylish protective casing. The next Kerbal we catch hiding snacks inside one is getting a serious time-out. We’re talking at least 10-15 minutes!","Prétendant sérieux au titre de plus beau train d'atterrissage du monde, le “Wallaby” est solide et durable, et vient avec son propre carénage de protection méga stylé. Le prochain Kerbal qu'on surprend à cacher ses chips dedans ira au coin ! Pendant au moins 10 ou 15 minutes.","Resistente e durevole, il ""Wallaby"" è con ogni probabilità il supporto di atterraggio più gradevole a vedersi ed è munito del proprio, elegante involucro protettivo. Il prossimo kerbal che nasconde merendine dentro uno di questi modelli riceverà una punizione esemplare. Parliamo di almeno 10-15 minuti di pausa!","Das „Wallaby“ ist vermutlich das schönste Landebein – es ist stabil, langlebig und hat eine schicke Schutzhülle. Den nächsten Kerbal, den wir dabei erwischen, wie er Snacks darin versteckt, erwartet eine ernste Strafe. Wir reden hier von einer Auszeit von 10 bis 15 Minuten!","La ""Walabí"", posiblemente la pata de aterrizaje más atractiva que existe, es fuerte, resistente e incluye su propia y elegante carcasa protectora. El próximo kerbal al que pillemos escondiendo aperitivos dentro de una de ellas se va a ganar una suspensión temporal, ¡y será de 15 minutos, por lo menos!","ほぼ間違いなく着陸脚の中で最もハンサムな""ワラビー""は、強度と耐久性に優れ、スタイリッシュな保護ケースに入っています。今度、この中におやつを隠しているのが見つかったカーバルは、厳しい罰として廊下に立たされるでしょう。少なくとも10～15分くらいでしょうね。","""왈라비""는 아마 현존하는 랜딩레그 중 가장 잘 생겼을 겁니다. 뿐만 아니라 내구성도 뛰어나며, 전용 보호 케이스도 매우 스타일리쉬하죠. 커벌들이 자꾸 케이스 안에 스낵을 숨겨 심각하게 시간낭비를 할 때도 있는데 그때마다 관리자들이 훈계를 한참 동안이나 하더군요. 한두 번이 아니야!","„Walabia”, prawdopodobnie jedna z najpiękniejszych nóg lądowniczych, jest zarazem mocna i wytrzymała, a także wyposażona w stylową obudowę. Następny Kerbal przyłapany na chowaniu w niej przekąsek zostanie wysłany na przymusowy urlop bezpłatny. Co najmniej na 10-15 minut!","Пожалуй, самая красивая среди всех посадочных опор. «Валлаби» обладает прочностью и надежностью, а также поставляется в стильном защитном кожухе. Если хоть один кербал еще раз попробует спрятать там перекус, то будет надолго отстранен от полетов. Как минимум на десять–пятнадцать минут!",“小袋鼠”可谓是最帅气的着陆支架，它既结实又耐用，并自带时尚保护外壳。如果再抓到有坎巴拉人把零食藏在里面，一定会严肃地停下来进行教育。我们打算至少谈个10-15分钟！,"Possivelmente as pernas de aterrissagem mais bonitas do mercado, a ""Wallaby"" é forte, resistente, e vem em uma caixa muito estilosa. O próximo Kerbal que a gente pegar escondendo lanches dentro dela vai ficar muito tempo de castigo. Estamos falando de 10 a 15 minutos!",可以說是最帥氣的著陸架，「小袋鼠」既堅固又耐用，並搭配時尚的保護外殼。坎巴拉人還敢把零食藏裡面的話，抓到就去罰站！最少10到15分鐘！,"Arguably the most handsome of the landing legs, the “Wallaby” is both strong and durable, and comes in its own stylish protective casing. The next Kerbal we catch hiding snacks inside one is getting a serious time-out. We’re talking at least 10-15 minutes!","Arguably the most handsome of the landing legs, the “Wallaby” is both strong and durable, and comes in its own stylish protective casing. The next Kerbal we catch hiding snacks inside one is getting a serious time-out. We’re talking at least 10-15 minutes!","Arguably the most handsome of the landing legs, the “Wallaby” is both strong and durable, and comes in its own stylish protective casing. The next Kerbal we catch hiding snacks inside one is getting a serious time-out. We’re talking at least 10-15 minutes!","Arguably the most handsome of the landing legs, the “Wallaby” is both strong and durable, and comes in its own stylish protective casing. The next Kerbal we catch hiding snacks inside one is getting a serious time-out. We’re talking at least 10-15 minutes!",,Localized
Parts/Description/light_0v_broad,Text,,"As its name suggests, the Broad Range Photonic Generation System can cast a steady stream of photonic energy over a wider area but at less intensity. Use these when you want a softer, more ambient glow to your craft.","Comme son nom le suggère, le système de génération photonique à grande portée peut diffuser un flot constant d'énergie photonique dans une grande zone, à une intensité réduite. Servez-vous-en lorsque vous voulez une lumière d'ambiance plus douce dans votre vaisseau.","Come suggerisce il nome, il Sistema di proiezione fotonica ad ampio raggio è in grado di proiettare un flusso costante di energia fotonica su un'area più vasta, ma con minore intensità. Ideale quando si desidera un'illuminazione d'ambiente più morbida per il proprio veicolo.","Wie der Name schon verrät, dient der Breitband-Photonengenerator dazu, einen kontinuierlichen Strom an photonischer Energie in einem großen Bereich zu erzeugen – und das bei geringer Intensität. Ideal, wenn du deinem Fahrzeug ein sanftes, dezentes Leuchten verpassen willst.","Tal y como su nombre indica, el sistema de generación fotónica de amplio alcance puede lanzar un flujo constante de energía fotónica sobre un área más amplia, pero con menos intensidad. Utilízalo cuando quieras una luz más suave y ambiental en tu nave.",その名前が示すとおり、広レンジフォトニック生成システムはより広い範囲に、ただし強度は落ちますが、安定した光子エネルギーを照射することができます。よりソフトで周囲に溶け込むような光で機体を照らしたいときにお使いください。,"이름에서 알 수 있듯, 광역 광자 생성 시스템은 더 넓은 영역에 걸쳐 빛을 낼 수 있지만 대신 빛의 강도는 조금 약합니다. 기체에 부드럽고 아름다운 광채를 더하고 싶다면 훌륭한 선택지가 될 것입니다.","Zgodnie z nazwą Szerokopasmowy System Fotoniczny może wygenerować stabilny strumień energii świetlnej obejmujący szerszy obszar, ale o mniejszym natężeniu. Użyj go, gdy potrzebujesz łagodniejszej poświaty wokół swojego statku.","Как и следует из названия, генератор фотонов дальнего диапазона может излучать малоинтенсивную фотонную энергию в широкой области. Пригодится, если вам нужно более мягкое и рассеянное освещение.",顾名思义，这套广域光子生成系统能在更广阔的区域内以较低的强度投射稳定的光子能量流。当你希望为自己的机体打造出一种更柔和、更有氛围感的光照效果时，用它就对了。,"Como o nome sugere, o Sistema de Geração Fotônica de Ampla Faixa consegue cobrir uma grande área com sua corrente contínua de energia fotônica, porém com menos intensidade. Use-o quando quiser uma iluminação mais ambiente e suave na sua nave.",顧名思義，廣域光子生成系統可以在更廣的範圍內，投射低強度且穩定的光子能量流。可為您的飛行器帶來柔和、朦朧的光芒。,"As its name suggests, the Broad Range Photonic Generation System can cast a steady stream of photonic energy over a wider area but at less intensity. Use these when you want a softer, more ambient glow to your craft.","As its name suggests, the Broad Range Photonic Generation System can cast a steady stream of photonic energy over a wider area but at less intensity. Use these when you want a softer, more ambient glow to your craft.","As its name suggests, the Broad Range Photonic Generation System can cast a steady stream of photonic energy over a wider area but at less intensity. Use these when you want a softer, more ambient glow to your craft.","As its name suggests, the Broad Range Photonic Generation System can cast a steady stream of photonic energy over a wider area but at less intensity. Use these when you want a softer, more ambient glow to your craft.",,Localized
Parts/Description/light_0v_dome,Text,,"Another of Rokea’s amazing devices, the Advanced Overhead Photonic Generation System supplies a steady and reliable stream of photonic energy in a downward direction, perfect for illuminating the interior of your craft. It makes a great nightlight.","Le système de génération photonique avancé en hauteur est l'une des dernières inventions géniales de Rokea, capable de fournir un flot constant d'énergie photonique dans une direction descendante, parfait pour éclairer l'intérieur de votre vaisseau. C'est également une super veilleuse.","Un altro degli straordinari dispositivi di Rokea, il Sistema di proiezione fotonica aereo avanzato fornisce un flusso costante e affidabile di energia fotonica verso il basso, perfetto per illuminare l'interno del veicolo. È un'ottima luce notturna.","Der fortschrittliche Überkopf-Photonengenerator ist eine weitere von Rokeas großartigen Erfindungen. Es liefert einen kontinuierlichen und verlässlichen Strom an photonischer Energie, und das zielgerichtet nach unten. Perfekt als Innenbeleuchtung für dein Fahrzeug – oder als Nachttischlampe.",Otro alucinante dispositivo de Rokea: el sistema avanzado de generación fotónica cenital. Suministra un flujo constante y estable de energía fotónica en dirección descendente; ideal para iluminar el interior de tu nave y estupendo como lamparita de noche.,ロケアのもうひとつの驚異的な装置、高機能オーバーヘッドフォトニック生成システムは、安定した信頼性の高い光子エネルギーを下向きに供給することができ、機体内部を照らすのに最適です。素晴らしい夜間照明となります。,"로키아의 또 다른 역작 중 하나인 고급 스탠드형 광자 생성 시스템은 안정적이고 신뢰할 수 있는 빛을 아래로 내뿜으며, 여러분의 기체 내부를 비출 때 아주 유용합니다. 야간에는 아름다운 빛의 향연을 보여 줄 수 있죠.","Kolejnym zadziwiającym urządzeniem Rokei jest Zaawansowany Odgórny System Fotoniczny, który dostarcza stabilny i niezawodny strumień energii świetlnej w kierunku dolnym. Idealnie nadaje się do oświetlania wnętrza statków i znakomicie sprawdza się jako lampka nocna.","Еще один шедевр «Rokea», который генерирует непрерывный поток фотонной энергии, направленный вниз. Идеально подходит для внутреннего освещения летательных аппаратов и служит отличным ночником.",高级吸顶光子生成系统是火箭联合又一款让人大开眼界的装置，它能朝下方散发稳定可靠的光子能量流，非常适合为你的机体提供内部照明之用，而且作为夜灯也效果很棒。,"Outro grande dispositivo da Rokea, o Sistema de Geração Fotônica Suspenso Avançado fornece uma corrente contínua e estável de energia fotônica de cima para baixo, perfeito para iluminar o interior da sua nave. Fica lindo à noite.",高級置頂光子生成系統是火箭家聯合公司的另一個神奇裝置，可向下提供穩定可靠的光子能量流，非常適合照亮您的飛行器內部。它就是一款很棒的夜燈。,"Another of Rokea’s amazing devices, the Advanced Overhead Photonic Generation System supplies a steady and reliable stream of photonic energy in a downward direction, perfect for illuminating the interior of your craft. It makes a great nightlight.","Another of Rokea’s amazing devices, the Advanced Overhead Photonic Generation System supplies a steady and reliable stream of photonic energy in a downward direction, perfect for illuminating the interior of your craft. It makes a great nightlight.","Another of Rokea’s amazing devices, the Advanced Overhead Photonic Generation System supplies a steady and reliable stream of photonic energy in a downward direction, perfect for illuminating the interior of your craft. It makes a great nightlight.","Another of Rokea’s amazing devices, the Advanced Overhead Photonic Generation System supplies a steady and reliable stream of photonic energy in a downward direction, perfect for illuminating the interior of your craft. It makes a great nightlight.",,Localized
Parts/Description/light_0v_navigation,Text,,"To assist in your craft’s navigational requirements, Rokea Inc. has modified their popular photonic generator technology to fit onto a ship’s wing, tail, or just about anywhere you want to put one. Auto-blinky feature included free of charge.","Afin de vous aider à contrôler votre vaisseau dans les meilleures conditions possible, Rokea SARL a modifié sa très populaire technologie de génération photonique afin de pouvoir l'associer à l'aile, la queue ou n'importe quelle autre partie de votre vaisseau qui vous fait plaisir. La fonction clignotant est incluse gratuitement par défaut.","Per soddisfare le esigenze di navigazione del veicolo, Rokea Inc. ha modificato la sua famosa tecnologia di proiezione fotonica per consentirne l'installazione sull'ala di un veicolo, sulla coda o quasi ovunque si desideri. La funzione di lampeggiamento automatico è inclusa gratuitamente.","Um die Steuerung von Fahrzeugen zu erleichtern, hat Rokea Inc. seine beliebte Photonengeneratortechnik so angepasst, dass sie am Flügel, am Heck oder an praktisch jeder anderen Stelle eines Schiffs angebracht werden kann. Und die Funktion für das automatische Blinken gibt es kostenlos obendrauf!","Con el fin de ofrecer asistencia a las necesidades de navegación de tu nave, Rokea Inc. ha modificado su famosa tecnología de generación fotónica para que se adapte al ala de un vehículo, a su cola, o a lo que a ti se te ocurra. La función de parpadeo automático está incluida en el precio.",機体の航行を支援するため、ロケアは人気のフォトニック生成技術を改良して機体の翼や尾翼、あるいはとにかくどこでも好きなところに搭載できるようにしました。オートブリンキー機能は無料で付属されています。,"여러분이 만든 비행기에 장착할 항법 보조장치로, 주식회사 로키아는 인기있는 광자 생성 기술을 기체의 날개, 꼬리 또는 원하는 곳 어디든 부착할 수 있도록 적용했습니다. 자동 점멸 기능이 무료로 포함되어 있습니다.","Aby zwiększyć nawigacyjną sprawność statków powietrznych i kosmicznych, Rokea S.A. zmodyfikowała swoją popularną technologię generatorów fotonicznych, aby można je było instalować na skrzydle, ogonie albo w ogóle w jakimkolwiek miejscu. Tryb migotania dołączono bez dodatkowych opłat.","Чтобы вашему аппарату было проще маневрировать, корпорация «Rokea» модифицировала свою популярную систему фотонной генерации — теперь ее можно установить на крыло, хвост или любую другую деталь корабля. Функция автоматического мигания предоставляется бесплатно.",为满足你的机体导航需求，火箭联合公司改动了他们大受青睐的光子发生器技术，使其能够装在飞船的机翼、尾部或是你想要安装的几乎任何位置。自动闪烁功能免费提供。,"Para atender às necessidades navegacionais da sua nave, a Rokea Inc. modificou sua popular tecnologia de geração fotônica para caber na asa, na cauda ou na parte da nave que você quiser. Função autopiscante incluída de graça.",為滿足您飛行器的導航要求，火箭家聯合公司修改了他們廣受歡迎的光子生成技術。可用於太空船的機翼、機尾或任何您想安裝的地方。內建免費自動閃爍功能。,"To assist in your craft’s navigational requirements, Rokea Inc. has modified their popular photonic generator technology to fit onto a ship’s wing, tail, or just about anywhere you want to put one. Auto-blinky feature included free of charge.","To assist in your craft’s navigational requirements, Rokea Inc. has modified their popular photonic generator technology to fit onto a ship’s wing, tail, or just about anywhere you want to put one. Auto-blinky feature included free of charge.","To assist in your craft’s navigational requirements, Rokea Inc. has modified their popular photonic generator technology to fit onto a ship’s wing, tail, or just about anywhere you want to put one. Auto-blinky feature included free of charge.","To assist in your craft’s navigational requirements, Rokea Inc. has modified their popular photonic generator technology to fit onto a ship’s wing, tail, or just about anywhere you want to put one. Auto-blinky feature included free of charge.",,Localized
Parts/Description/light_0v_spot,Text,,"This device is capable of emitting a vast quantity of photons in a specific direction, and thereby illuminating whatever is in its path. Try not to look at it while it's active.",Cet appareil est capable d'émettre de grandes quantités de photons dans une direction spécifique et d'illuminer ce qui se trouve devant vous. Essayez de ne pas l'orienter directement vers les yeux.,"Questo dispositivo può emettere notevoli quantità di fotoni in una specifica direzione, illuminando qualsiasi cosa si trovi sul suo cammino. Non guardarlo quando è attivo.","Dieses Gerät kann eine riesige Menge an Photonen in eine bestimmte Richtung aussenden und so alles erleuchten, was sich in der Flugbahn der Photonen befindet. Besser nicht direkt reinschauen, wenn es eingeschaltet ist.","Este dispositivo es capaz de emitir una increíble cantidad de fotones hacia una dirección concreta, iluminando así todo a su paso. Procura no mirarlo directamente mientras esté encendido.",この装置は、特定の方向に膨大な量の光子を照射し、照射線上にあるあらゆるものを照らすことができます。作動中はなるべく装置を見ないようにしましょう。,이 장치는 특정 방향으로 엄청난 양의 광자를 방출해 경로상에 있는 모든 것들을 밝힐 수 있습니다. 다만 활성화된 상태일 경우 눈으로 직접 보는 것은 삼가십시오.,"To urządzenie może emitować ogromną liczbę fotonów w określonym kierunku, oświetlając tym samym wszystko, co trafi się po drodze. Odradzamy zaglądanie do środka, gdy jest włączone.","Это устройство может излучать огромное количество фотонов в одном направлении, освещая все на своем пути. Лучше не смотреть на него, когда оно включено.",该装置能朝特定方向发射大量光子，照亮其路径上的一切。请尽量别在运行时直视它。,"Este dispositivo é capaz de emitir uma vasta quantidade de fótons em uma direção específica, iluminando tudo que estiver em seu caminho. Não olhe direto para ele quando estiver ativo.",該裝置能夠針對特定方向發射大量光子，照亮其路徑上的任何東西。於啟動狀態時，請勿直視。,"This device is capable of emitting a vast quantity of photons in a specific direction, and thereby illuminating whatever is in its path. Try not to look at it while it's active.","This device is capable of emitting a vast quantity of photons in a specific direction, and thereby illuminating whatever is in its path. Try not to look at it while it's active.","This device is capable of emitting a vast quantity of photons in a specific direction, and thereby illuminating whatever is in its path. Try not to look at it while it's active.","This device is capable of emitting a vast quantity of photons in a specific direction, and thereby illuminating whatever is in its path. Try not to look at it while it's active.",,Localized
Parts/Description/light_0v_spot_narrow,Text,,"The Focused Photonic Generation System can emit a highly concentrated beam of photonic energy in a specific direction for a considerable distance. The engineers really wanted to build a laser, and this was as far as legal allowed.","Le système de génération photonique concentré peut émettre un rayon d'énergie photonique hautement concentrée dans une direction spécifique sur de très grandes distances. Les ingénieurs avaient très très envie de construire un laser, et c'est aussi loin que le département juridique les a autorisés à aller.","Il Sistema di proiezione fotonica focalizzato è in grado di emettere un fascio altamente concentrato di energia fotonica in una direzione specifica e per una distanza considerevole. Gli ingegneri volevano a tutti i costi costruire un laser, e questo è il massimo che la legge ha permesso loro di fare.","Der Fokus-Photonengenerator sendet einen konzentrierten Strahl photonischer Energie in einer bestimmten Richtung und über große Entfernungen aus. Die Techniker wollten eigentlich einen Laser bauen, aber mehr als das hier hat ihnen die Rechtsabteilung nicht erlaubt.","El sistema de generación fotónica focalizada es capaz de emitir un rayo de energía fotónica muy concentrada hacia una dirección concreta y a una distancia considerable. Los ingenieros querían construir un láser, y esto era lo máximo que permitía la ley.",集中型フォトニック生成システムは、相当な距離にわたって特定の方向に高密度の光子エネルギービームを照射することができます。エンジニアは本当はレーザーを作りたかったのですが、これが法的に許されるぎりぎりの範囲でした。,"집중 광자 생성 시스템은 특정 방향으로 상당히 먼 거리까지 고농축 광자 에너지(빛)를 방출할 수 있습니다. 엔지니어들은 진심으로 레이저를 만들고 싶어했고, 드디어 법이 허용하는 범위 안에서 가장 강력한 빛을 만들어 냈습니다.","Skupiony System Fotoniczny może emitować silnie skupioną wiązkę energii świetlnej w określonym kierunku na znaczną odległość. Nasi inżynierowie chcieli właściwie zbudować laser, ale nie mieliśmy kasy na licencję, więc tyle tylko dało się zrobić.","Направленный генератор фотонов может выпускать концентрированный и довольно длинный луч фотонной энергии. Инженеры очень хотели создать лазер, но юротдел дал разрешение только на это.",这套聚焦光子生成系统能朝特定方向向相当远的距离发射高度集中的光子能量束。工程师们真的很想制造一台激光器，但法律可绝对不会允许的。,"O Sistema de Geração Fotônica Concentrado consegue emitir um feixe altamente concentrado de energia fotônica em uma direção específica a uma distância considerável. O que os engenheiros queriam mesmo era desenvolver um laser, mas isso foi o máximo que o jurídico permitiu fazer.",聚焦光子生成系統可自遠距離處，對特定方向發射高度集中的光子能量束。工程團隊原本是想依照法定規格，製造個雷射裝置而已。,"The Focused Photonic Generation System can emit a highly concentrated beam of photonic energy in a specific direction for a considerable distance. The engineers really wanted to build a laser, and this was as far as legal allowed.","The Focused Photonic Generation System can emit a highly concentrated beam of photonic energy in a specific direction for a considerable distance. The engineers really wanted to build a laser, and this was as far as legal allowed.","The Focused Photonic Generation System can emit a highly concentrated beam of photonic energy in a specific direction for a considerable distance. The engineers really wanted to build a laser, and this was as far as legal allowed.","The Focused Photonic Generation System can emit a highly concentrated beam of photonic energy in a specific direction for a considerable distance. The engineers really wanted to build a laser, and this was as far as legal allowed.",,Localized
Parts/Description/light_0v_strip,Text,,The Two-Dimensional Photonic Generation System is a fascinating variation of Rokea’s Photonic technology and can be used in a variety of useful ways. They also make gorgeous decorations for lighting up any craft.,"Le système de génération photonique à deux dimensions est une variante fantastique de la technologie photonique de Rokea, dont les possibilités sont infinies ! Ce sont également de très jolies décorations pour éclairer n'importe quel type de vaisseau.",Il Sistema di proiezione fotonica bidimensionale è un'affascinante variante della tecnologia fotonica di Rokea e può essere utilizzato in moltissimi modi utili. Rappresenta anche uno splendido elemento decorativo per illuminare qualsiasi veicolo.,Der 2D-Photonengenerator ist eine faszinierende Variante von Rokeas Photonentechnologie und lässt sich auf vielfältige Weise einsetzen. Es eignet sich außerdem hervorragend als dekorative Beleuchtung für Fahrzeuge.,El sistema de generación fotónica bidimensional es una fascinante variante de la tecnología fotónica de Rokea que puede usarse de diversas maneras útiles. También va genial para decorar de forma luminosa la nave.,二次元フォトニック生成システムは、ロケアのフォトニック技術の魅力的なバリエーションで、いろいろと便利な方法で使用することができます。また、どんな機体でもゴージャスにライトアップすることができます。,2차원 광자 생성 시스템은 로키아의 광자 기술을 매력적으로 응용한 기술로 다양한 방법으로 사용할 수 있습니다. 기체 어디에든 붙일 수 있는 화려한 장식품도 만들 수 있죠.,Dwuwymiarowy System Fotoniczny jest fascynującym wariantem zastosowania fotonicznej technologii Rokei i może być przydatny na różne sposoby. Zapewnia ponadto wspaniały efekt dekoracyjny przy oświetlaniu dowolnego statku.,Двусторонняя система генерации фотонов является занимательным вариантом фотонной технологии «Rokea» и имеет множество применений. А еще она позволяет красиво осветить любой летательный аппарат.,这套二维光子生成系统是火箭联合光子技术的一种奇特改版，具有多种用途。它们还能当作华丽的装饰，用来点亮任何机体。,O Sistema de Geração Fotônica Bidimensional é uma variação fascinante da tecnologia fotônica da Rokea e pode ser aplicado de diversas maneiras. Eles também ficam muito bonitos como decoração para iluminar qualquer nave.,火箭家聯合公司的二維光子生成系統，是根據光子技術的改版產品，可廣泛用於各種形式。它們還可以成為飛行器上亮麗的裝飾品。,The Two-Dimensional Photonic Generation System is a fascinating variation of Rokea’s Photonic technology and can be used in a variety of useful ways. They also make gorgeous decorations for lighting up any craft.,The Two-Dimensional Photonic Generation System is a fascinating variation of Rokea’s Photonic technology and can be used in a variety of useful ways. They also make gorgeous decorations for lighting up any craft.,The Two-Dimensional Photonic Generation System is a fascinating variation of Rokea’s Photonic technology and can be used in a variety of useful ways. They also make gorgeous decorations for lighting up any craft.,The Two-Dimensional Photonic Generation System is a fascinating variation of Rokea’s Photonic technology and can be used in a variety of useful ways. They also make gorgeous decorations for lighting up any craft.,,Localized
Parts/Description/pod_1v_conical_crew,Text,,"The Mk1 “Tin Can” single-seat command pod is perfect for smaller rockets and other craft. It has a small battery, monopropellant storage, and a built-in reaction wheel. It is guaranteed to keep your pilot and their snacks safe. Just remember to pack a toothbrush for Val.","La “Conserve” Mk1 est une capsule de commande idéale pour les fusées plus petites et les autres appareils du même genre. Elle possède une petite batterie, un réservoir à monergol et une roue de réaction intégrée. Avec elle, votre pilote et ses chips sont en sécurité. N'oubliez pas d'emporter une brosse à dents pour Val.","La capsula di comando monoposto ""Lattina"" Mk1 è perfetta per razzi di dimensioni ridotte e altri veicoli. Ha una piccola batteria, un serbatoio di monopropellente e una ruota di reazione integrata. La sicurezza del pilota e dei suoi snack è garantita. Basta ricordarsi di portare uno spazzolino per Val.","Die Einzelsitz-Kommandokapsel Mk1 „Blechbüchse“ ist ideal für kleinere Raketen und andere Fahrzeuge geeignet. Sie verfügt über einen kleinen Akku, einen Monotreibstoff-Tank sowie ein eingebautes Reaktionsrad. Darin ist dein Pilot samt Snacks so sicher wie in Abrahams Schoß. Du darfst nur nicht vergessen, eine Zahnbürste für Val einzupacken.","La cápsula de mando monoplaza Mk1 ""Lata"" es ideal para cohetes más pequeños y otras naves de dimensiones ajustadas. Tiene una batería también pequeña, depósito de monopropelente y una rueda de reacción integrada. Te garantizamos que tu piloto y sus aperitivos estarán a salvo. Pero recuerda echar el cepillo de dientes para Val.","Mk1 ""ブリキ缶""は、シングルシートのコマンドポッドで、小型ロケットやその他の宇宙船に最適です。小型バッテリーおよび一液式推進剤の貯蔵スペース、内蔵式リアクションホイールを搭載していて、パイロットやおやつの安全を保証いたします。ただし、ヴァレンティナ用の歯ブラシを荷物に入れるのをお忘れなく。","1인승 사령선인 Mk1 ""틴캔""은 작은 로켓이나 기타 기체들을 위해 설계되었습니다. 여기에는 작은 배터리와 리액션 휠, 그리고 단일추진제 탱크가 탑재되어 있죠. ""틴캔""은 여러분의 소중한 조종사와 그들의 스낵을 안전하게 지켜줄 겁니다. 발렌티나가 이가 안 좋으니 스낵을 먹고 사용할 칫솔과 치약도 잊지 말고 챙겨주세요.","Kapsuła dowodzenia Mk1 „Puszka” znakomicie sprawdza się w mniejszych rakietach i innych tego typu pojazdach. Ma małą baterię, zbiornik na monergol i wbudowany żyroskop. Ma też gwarancję bezpieczeństwa dla pilota i jego przekąsek. Pamiętaj tylko o zapakowaniu szczoteczki do zębów dla Walentyny.","Командный отсек с одним креслом «Жестянка» Mk1 идеально подойдет для небольших ракет и других аппаратов. Он оснащен маленьким аккумулятором, отсеком для хранения монотоплива и гиродином. Он надежно защитит вашего пилота и его припасы. Только не забудьте взять зубную щетку.",Mk1“锡罐”单座指令舱非常适合小型火箭和其他航天器。它配备有一个小型电池，单组元推进剂箱，和一个内置的动量轮。它定能确保你的飞行员及其零食的安全。但别忘了给Val准备一把牙刷。,"A cápsula de comando de um assento ""Latinha"" Mk1 é perfeita para foguetes de pequeno porte e outras naves. Ela possui uma bateria pequena, um tanque de monopropelente e uma roda de reação embutida. Nela, o piloto e o lanche estão sempre a salvo, só não esquece da escova de dente.",Mk1「錫罐頭」單人座指揮艙非常適合小型的火箭和飛行器。它配有一顆小電池、單元推進劑存儲，和一個內置的反作用輪。它能確保您飛行員與零食的安全。只要記得幫小瓦帶一隻牙刷。,"The Mk1 “Tin Can” single-seat command pod is perfect for smaller rockets and other craft. It has a small battery, monopropellant storage, and a built-in reaction wheel. It is guaranteed to keep your pilot and their snacks safe. Just remember to pack a toothbrush for Val.","The Mk1 “Tin Can” single-seat command pod is perfect for smaller rockets and other craft. It has a small battery, monopropellant storage, and a built-in reaction wheel. It is guaranteed to keep your pilot and their snacks safe. Just remember to pack a toothbrush for Val.","The Mk1 “Tin Can” single-seat command pod is perfect for smaller rockets and other craft. It has a small battery, monopropellant storage, and a built-in reaction wheel. It is guaranteed to keep your pilot and their snacks safe. Just remember to pack a toothbrush for Val.","The Mk1 “Tin Can” single-seat command pod is perfect for smaller rockets and other craft. It has a small battery, monopropellant storage, and a built-in reaction wheel. It is guaranteed to keep your pilot and their snacks safe. Just remember to pack a toothbrush for Val.",,Localized
Parts/Description/probe_1v_hexagonal_electricity,Text,,"The HECS2 is an autonomous remote guidance unit designed for large satellites and probes. It is larger and heavier than the HECS, holding an internal impressive battery and a powerful reaction wheel capable of keeping even the largest scanners stable.","L'HECS2 est un module de guidage à distance autonome, conçu pour les sondes et les satellites plus grands. Il est plus grand et lourd que l'HECS et contient une batterie interne impressionnante, ainsi qu'une puissante roue de réaction capable de stabiliser les plus grands scanners.","L'HECS2 è un'unità di guida remota autonoma progettata per le sonde e i satelliti più grandi. Più voluminosa e pesante dell'HECS, contiene una batteria interna di capacità impressionante e una potente ruota di reazione in grado di mantenere stabili anche gli scanner più grandi.","Die HECS2 ist eine autonome Fernsteuerungseinheit für große Satelliten und Sonden. Sie ist größer und schwerer als die HECS, verfügt über einen eindrucksvollen internen Akku und ein leistungsstarkes Reaktionsrad, das selbst die größten Scanner tragen kann.","La HECS2 es una unidad de guiado autónoma diseñada para sondas y satélites grandes. Es más grande y pesada que la HECS, con una batería interna impresionante y una rueda de reacción potente, y es capaz de mantener estables hasta los escáneres de mayor tamaño.",HECS2は自律型遠隔誘導ユニットで、大型衛星および探査機用に設計されています。HECSに比べて大型で重量もあり、かなりの内蔵式バッテリーと強力なリアクションホイールを備え、最大規模のスキャナーですら安定させることができます。,"HECS2는 대형 위성과 탐사선을 위해 설계된 자율 원격 유도 유닛입니다. HECS보다 크고 무거우며, 내부에는 엄청난 용량의 배터리와 커다란 장비들도 안정적으로 유지시킬 수 있는 강력한 리액션 휠이 탑재되어 있죠.","HECS2 jest autonomicznym modułem zdalnego sterowania przeznaczonym dla dużych satelitów i sond. Większy i cięższy niż HECS, mieści imponującą wewnętrzną baterię i potężny żyroskop, który jest w stanie zapewnić stabilność nawet największym próbnikom.","ГЕКС2 — автономный блок удаленного управления, предназначенный для больших спутников и зондов. Он тяжелее и больше ГЕКСа и оснащен довольно емким аккумулятором и мощным гиродином, который обеспечит стабильность даже самого крупного сканера.",HECS2是一个专为大型卫星和探测器设计的自主远程控制单元，它比HECS更大更重，拥有出色的内部电池，以及能让超大的扫描仪保持稳定的强大动量轮。,"A HECS2 é uma unidade de controle remoto autônoma feita para grandes satélites e sondas. Ela é maior e mais pesada do que a HECS, o que permite que ela possua uma bateria interna eficiente e uma roda de reação potente, capaz de estabilizar os scanners mais robustos.",HECS2是專為大型衛星與探測器設計的自動遙控導引單元。比HECS更大且更重，搭載內置大電量電池與強力反作用輪，再重的掃描器也能穩固載運。,"The HECS2 is an autonomous remote guidance unit designed for large satellites and probes. It is larger and heavier than the HECS, holding an internal impressive battery and a powerful reaction wheel capable of keeping even the largest scanners stable.","The HECS2 is an autonomous remote guidance unit designed for large satellites and probes. It is larger and heavier than the HECS, holding an internal impressive battery and a powerful reaction wheel capable of keeping even the largest scanners stable.","The HECS2 is an autonomous remote guidance unit designed for large satellites and probes. It is larger and heavier than the HECS, holding an internal impressive battery and a powerful reaction wheel capable of keeping even the largest scanners stable.","The HECS2 is an autonomous remote guidance unit designed for large satellites and probes. It is larger and heavier than the HECS, holding an internal impressive battery and a powerful reaction wheel capable of keeping even the largest scanners stable.",,Localized
Parts/Description/rcs_0v_block_monoprop,Text,,"In cooperation with Reactions Systems limited, the R&D team at STEADLER Engineering Corps. assembled four Place-Anywhere 7 thrusters into a single container and introduced the RV-105 Thruster Block. This should make docking easier and result in fewer broken solar panels.","En coopération avec SysRéac SARL, l'équipe de R&D de Ingénierie STEADLER a assemblé quatre propulseurs Place-Partout 7 dans un seul conteneur pour créer le bloc de propulseurs RV-105. Cela devrait faciliter les manœuvres d'amarrage et limiter le nombre de panneaux solaires brisés.","In collaborazione con la Reaction Systems Limited, il reparto R&S della STEADLER ha assemblato quattro propulsori ""Place-Anywhere 7"" in un singolo contenitore, creando così il blocco di propulsori RV-105. L'attracco ora sarà più semplice e con meno pannelli solari rotti",In Zusammenarbeit mit Reactions Systems limited hat das F&E-Team von STEADLER Engineering Corps. vier Place-Anywhere-7-Steuerungsdüsen kombiniert und so den Steuerungsdüsenblock RV-105 geschaffen. Das sollte Andockmanöver erleichtern und so die Zahl beschädigter Solarmodule senken.,"El equipo de I+D de STEADLER Engineering Corps., en colaboración con Reaction Systems Ltd., montó cuatro propulsores Place-Anywhere 7 en un solo contenedor y presentó el Bloque de Propulsores RV-105. Con él, los acoplamientos serán más sencillos y acabarán con menos paneles solares rotos.",ステッドラー・エンジニアリングの研究開発チームは、リアクション・システムズとの協力のもと、プレイスエニウェア7スラスター4基を1個のコンテナに組み込んだRV-105スラスターブロックを発表しました。これにより、ドッキングがしやすくなり、ソーラーパネルの破損も少なくなるはずです。,"스테들러 엔지니어링 법인의 연구개발부는 리액션 시스템즈와의 협업을 통해 자율부착 7 스러스터 4대를 한 개의 컨테이너에 결합시켜 RV-105 스러스터 블록을 개발하였습니다. RV-105를 사용하게 된다면 더 쉽게 도킹을 진행할 수 있고, 태양전지 패널이 부서지는 일도 획기적으로 줄어들 것입니다.",Dział BR STEADLER Engineering Corps we współpracy z firmą Systemy Reakcyjne Itd. władował cztery silniki manewrowe Przypnij-Gdzie-Chcesz 7 do jednego pojemnika i wprowadził na rynek blok manewrowy RV-105. Powinno to ułatwić dokowanie i ograniczyć liczbę uszkodzonych paneli fotowoltaicznych.,"Конструкторский отдел «БАЛАНС Инжиниринг» заручился поддержкой ОАО «Реактивные Системы» и объединил четыре двигателя из линейки «Кудапопало-7» в блок двигателей RV-105. С ним стыковка станет проще, а солнечные панели будут ломаться реже.",STEADLER工程公司的研发团队与反应系统有限公司合作，将四个随便放7型推进器组装到单个容器中，从而推出了RV-105推进器组。这样一来，对接就更容易实现，而且还能减少太阳能板的损坏。,"Em parceria com a Sistemas de Reação LTDA., a equipe de P&D da Corporação de Engenharia STEADLER juntou quatro propulsores Coloque-Onde-Quiser 7 em um único produto e criou o Bloco Propulsor RV-105. Ele facilita o processo de acoplagem, resultando em menos painéis solares quebrados.",在與反應系統有限公司的合作中，施德萊工程公司的研發團隊將四個「無遠弗屆七代」推力器銜接至儲存槽，作為新推出的RV-105推力器模塊。這讓對接變得更容易，並降低太陽能板的故障率。,"In cooperation with Reactions Systems limited, the R&D team at STEADLER Engineering Corps. assembled four Place-Anywhere 7 thrusters into a single container and introduced the RV-105 Thruster Block. This should make docking easier and result in fewer broken solar panels.","In cooperation with Reactions Systems limited, the R&D team at STEADLER Engineering Corps. assembled four Place-Anywhere 7 thrusters into a single container and introduced the RV-105 Thruster Block. This should make docking easier and result in fewer broken solar panels.","In cooperation with Reactions Systems limited, the R&D team at STEADLER Engineering Corps. assembled four Place-Anywhere 7 thrusters into a single container and introduced the RV-105 Thruster Block. This should make docking easier and result in fewer broken solar panels.","In cooperation with Reactions Systems limited, the R&D team at STEADLER Engineering Corps. assembled four Place-Anywhere 7 thrusters into a single container and introduced the RV-105 Thruster Block. This should make docking easier and result in fewer broken solar panels.",,Localized
Parts/Description/rcs_0v_linear_monoprop,Text,,"Reaction Systems Ltd. likes to make the argument that the Place-Anywhere 7 was the very first rocket in existence. While other manufacturers might dispute this, it is still widely used to this day as an all-purpose thruster.","SysRéac SARL répète à qui veut bien l'entendre que le Place-Partout 7 était la toute première fusée du monde. Les autres constructeurs contestent vigoureusement cette version des faits, mais il n'empêche qu'elle est encore largement utilisée à ce jour en guise de propulseur multifonctions.","Alla Reaction Systems Ltd. piace sostenere che il ""Place-Anywhere 7"" sia stato il primo razzo mai costruito. Altri produttori potrebbero contestare quest'affermazione, ma resta comunque un propulsore multiuso largamente diffuso ancora oggi.","Reaction Systems Ltd. behauptet gerne, dass die Place-Anywhere 7 die allererste Rakete war. Andere Hersteller stellen diese Behauptung infrage – unstrittig ist allerdings, dass es sich um eine bis heute gerne verwendete Mehrzweck-Steuerungsdüse handelt.","A Reaction Systems Ltd. le gusta afirmar que el Place-Anywhere 7 fue el primer cohete del universo. Aunque otros fabricantes tienen una opinión diferente, hoy en día su uso sigue siendo muy extenso como propulsor polivalente.","リアクション・システムズは、""プレイスエニウェア7""が現存する最初のロケットであると主張するのが好きです。この点について他のメーカーは異議を唱えるでしょうが、""プレイスエニウェア7""は現在でも万能スラスターとして広く使われています。","리액션 시스템즈는 자율부착 7이 최초의 로켓 스러스터라고 주장하는 것을 좋아합니다. 타 제조사에서 이의를 제기할지도 모르지만, 오늘날까지도 이 다용도 스러스터는 널리 사용되고 있습니다.","Firma Systemy Reakcyjne Itd. lubi przypominać, że Przypnij-Gdzie-Chcesz 7 był pierwszą zbudowaną rakietą. Inni producenci mogą się z tym nie zgadzać, ale i tak do dziś używa się go powszechnie jako uniwersalnego silnika manewrowego.","ОАО «Реактивные Системы» любит утверждать, что «Кудапопало-7» является самой первой ракетой в истории. Другие производители готовы поспорить, но никто не отрицает, что этот многофункциональный двигатель остается популярным по сей день.",反应系统有限公司认定，随便放7型是现存的第一枚火箭。尽管其他制造商对此持质疑态度，但它至今确实仍被广泛用作通用推进器。,"A Sistemas de Reação Ltda. gosta de afirmar que o Coloque-Onde-Quiser 7 foi o primeiro foguete da história. Apesar de outras fabricantes discordarem disso, ele ainda é muito utilizado hoje em dia como um propulsor universal.",反應系統有限公司總認為「無遠弗屆七代」是現存歷史最悠久的火箭。雖然其他製造商也許有異議，但它直今仍普遍作為多功能的推力器。,"Reaction Systems Ltd. likes to make the argument that the Place-Anywhere 7 was the very first rocket in existence. While other manufacturers might dispute this, it is still widely used to this day as an all-purpose thruster.","Reaction Systems Ltd. likes to make the argument that the Place-Anywhere 7 was the very first rocket in existence. While other manufacturers might dispute this, it is still widely used to this day as an all-purpose thruster.","Reaction Systems Ltd. likes to make the argument that the Place-Anywhere 7 was the very first rocket in existence. While other manufacturers might dispute this, it is still widely used to this day as an all-purpose thruster.","Reaction Systems Ltd. likes to make the argument that the Place-Anywhere 7 was the very first rocket in existence. While other manufacturers might dispute this, it is still widely used to this day as an all-purpose thruster.",,Localized
Parts/Description/stabilizer_0v_flybywire_aircraft,Text,,"After scientist Bob Kerman’s first and last flying lesson, a colleague from C7 reached out with an idea he had been working on: the CH-J3. This ingenious Fly-By-Wire Aircraft Stabilizer fits onto any craft and can assist even the clumsiest kerbal into becoming a capable pilot.","Suite à la première (et dernière) leçon de vol de Bob Kerman, un de ses collègues chez C7 a émis une idée sur laquelle il travaillait dans son temps libre : le CH-J3. Cet ingénieux stabilisateur d'appareil câblé se fixe sur n'importe quel appareil et peut aider même le Kerbal le plus maladroit à devenir un pilote acceptable.","Dopo la prima e ultima lezione di volo dello scienziato Bob Kerman, un collega della C7 propose un'idea a cui stava lavorando: il CH-J3. Questo ingegnoso Stabilizzatore per velivoli a pilotaggio assistito può essere montato su qualsiasi veicolo e aiutare anche il kerbal più imbranato.","Nach der ersten und zugleich letzten Flugstunde des Wissenschaftlers Bob Kerman meldete sich einer seiner Kollegen von C7 mit einer Idee, an der er schon eine Weile gearbeitet hatte: dem CH-J3. Dieser geniale Fly-By-Wire-Flugzeugstabilisator lässt sich an jedem Fahrzeug montieren und sorgt dafür, dass selbst der ungeschickteste Kerbal einen anständigen Piloten abgibt.","Al terminar el científico Bob Kerman su primera —y última— clase de vuelo, un compañero de C7 planteó una idea que él había estado elaborando: el CH-J3. Este ingenioso estabilizador aéreo de pilotaje por cable es compatible con cualquier nave y es capaz de ayudar al kerbal más patán a convertirse en un piloto competente.",科学者ボブ・カーマンが最初で最後の飛行訓練を受けたあと、C7の同僚から、彼がその時取り組んでいたアイデア、CH-J3についての連絡が入りました。この独創的なFBW（フライバイワイヤ）航空機スタビライザーは、どんな機体にも取り付けられ、最も不器用なカーバルでも有能なパイロットになれるよう支援してくれます。,"과학자인 밥 케르맨의 첫 번째이자 마지막 비행 수업 이후, C7의 한 동료는 그가 이제껏 연구해온 아이디어인 CH-J3를 실행에 옮기기로 하였습니다. 이 기발한 플라이 바이 와이어 기반 스테빌라이저는 어떤 비행기 기종에도 장착 가능하며, 초보 조종사도 에이스 파일럿으로 만들어 줄 수 있습니다.","Po pierwszej, a zarazem ostatniej lekcji latania naukowca Boba Kermana jego kolega z C7 zgłosił się do nas z pewnym pomysłem: CH-J3. Ten genialny elektroniczny stabilizator statków powietrznych pasuje do dowolnego pojazdu latającego i uczyni zdolnym pilotem nawet największą powietrzną nogę.","После первого и последнего полета ученого Боба Кермана его коллега из С7 поделился с ним своей идеей блока CH-J3. Этот гениальный стабилизатор с удаленным управлением можно поместить в любой летательный аппарат, чтобы сделать летчика-аса даже из самого неуклюжего кербала.",在科学家Bob Kerman上完第一堂也是最后一堂飞行课之后，C7的一位同事实现了他一直在研究的想法：CH-J3。这个巧妙的遥控航天器稳定器适用于任何机体，甚至能帮助最笨拙的坎巴拉人成为独当一面的飞行员。,"Depois da primeira e última aula de voo do cientista Bob Kerman, um colega da C7 apresentou uma ideia que tem trabalhado: o CH-J3. Este estabilizador de aeronaves ""Fly-By-Wire"" se encaixa em qualquer nave e pode ajudar até mesmo o Kerbal mais desajeitado do mundo a se tornar um piloto incrível.",在科學家鮑勃·科曼的第一堂、也是最後一堂飛行課後，C7某位同事向他提出一個進行中的構想：CH-J3。這款絕妙的線控航空器安定面適合任何飛行器，甚至可以幫助最笨的坎巴拉人成為一名幹練的飛行員。,"After scientist Bob Kerman’s first and last flying lesson, a colleague from C7 reached out with an idea he had been working on: the CH-J3. This ingenious Fly-By-Wire Aircraft Stabilizer fits onto any craft and can assist even the clumsiest kerbal into becoming a capable pilot.","After scientist Bob Kerman’s first and last flying lesson, a colleague from C7 reached out with an idea he had been working on: the CH-J3. This ingenious Fly-By-Wire Aircraft Stabilizer fits onto any craft and can assist even the clumsiest kerbal into becoming a capable pilot.","After scientist Bob Kerman’s first and last flying lesson, a colleague from C7 reached out with an idea he had been working on: the CH-J3. This ingenious Fly-By-Wire Aircraft Stabilizer fits onto any craft and can assist even the clumsiest kerbal into becoming a capable pilot.","After scientist Bob Kerman’s first and last flying lesson, a colleague from C7 reached out with an idea he had been working on: the CH-J3. This ingenious Fly-By-Wire Aircraft Stabilizer fits onto any craft and can assist even the clumsiest kerbal into becoming a capable pilot.",,Localized
Parts/Description/truss_2v_circular_1x4,Text,,"The CT-M-4 is a medium circular truss measuring 10 meters in length. It is very useful for all sorts of spacecraft design. Toes be warned, they tend to roll around on the ground.","La CT-M-4 est une structure de maintien circulaire de taille moyenne mesurant 10 mètres de long, très répandue dans la construction de vaisseau. Attention à vos doigts de pied, elle a une fâcheuse tendance à rouler partout sur le sol.","La CT-M-4 è una travatura circolare media, lunga 10 metri. È molto utile per qualsiasi progetto di costruzione veicoli. Hanno la brutta abitudine di rotolare in giro, perciò occhio ai piedi.","Die CT-M-4 ist eine mittlere runde Traverse mit 10 Metern Länge und für alle Arten des Raumfahrzeug-Designs geeignet. Aber Vorsicht mit den Zehen, das Teil rollt gerne auf dem Boden umher.",El CT-M-4 es un armazón circular mediano de 10 metros de longitud. Va de perlas con cualquier diseño de nave espacial. Cuidado con los dedos; suelen rodar por el suelo.,CT-M-4は、長さ10mの中型円形トラスです。どんな種類の宇宙船の設計でも役立ちます。地面で転がりやすいので、つま先に注意が必要です。,CT-M-4은 10m 길이의 중형 원형 트러스입니다. 어떠한 우주선 제작에도 잘 어울리는 부품이죠. 하지만 땅에 놓을 때 주의하세요. 제대로 고정하지 않는다면 여기저기 굴러다니기 쉽습니다.,"CT-M-4 jest średnią kratownicą kolistą mierzącą 10 metrów długości. Bardzo przydatna przy budowie wszelkiego rodzaju statków kosmicznych. Uwaga na palce, lubi się turlać wte i wewte po ziemi.","CT-M-4 — средняя круговая ферма длиной 10 м, подходящая для самых разных космических кораблей. Но берегите пальцы ног — эти фермы частенько могут кататься из стороны в сторону.",CT-M-4是一款长度为10米的中型圆桁架，对各种航天器设计都用处很大。要小心脚趾哦，它很容易在地上滚起来的。,"A CT-M-4 é uma treliça circular média que mede 10 metros de comprimento. Ela é muito útil para todos os tipos de designs de espaçonaves. Cuidado com os dedos do pé, elas tendem a sair girando por aí no chão.",CT-M-4是一種中型的圓形桁架，長度為10公尺。它適用於各種太空船設計。注意腳趾，它們老是在地上滾來滾去。,"The CT-M-4 is a medium circular truss measuring 10 meters in length. It is very useful for all sorts of spacecraft design. Toes be warned, they tend to roll around on the ground.","The CT-M-4 is a medium circular truss measuring 10 meters in length. It is very useful for all sorts of spacecraft design. Toes be warned, they tend to roll around on the ground.","The CT-M-4 is a medium circular truss measuring 10 meters in length. It is very useful for all sorts of spacecraft design. Toes be warned, they tend to roll around on the ground.","The CT-M-4 is a medium circular truss measuring 10 meters in length. It is very useful for all sorts of spacecraft design. Toes be warned, they tend to roll around on the ground.",,Localized
Parts/Manufacturer/engine_0v_monoprop_puff,Text,,Reaction Systems Ltd.,SysRéac SARL,Reaction Systems Ltd.,Reaction Systems Ltd.,Reaction Systems Ltd.,リアクション・システムズ,리액션 시스템즈 유한회사,Systemy Reakcyjne Itd.,Реактив Системс Лтд.,反应系统有限公司,Sistemas de Reação Ltda.,反應系統有限公司,Reaction Systems Ltd.,Reaction Systems Ltd.,Reaction Systems Ltd.,Reaction Systems Ltd.,,Localized
Parts/Manufacturer/rcs_0v_linear_methalox,Text,,Reaction Systems Ltd.,SysRéac SARL,Reaction Systems Ltd.,Reaction Systems Ltd.,Reaction Systems Ltd.,リアクション・システムズ,리액션 시스템즈 유한회사,Systemy Reakcyjne Itd.,Реактив Системс Лтд.,反应系统有限公司,Sistemas de Reação Ltda.,反應系統有限公司,Reaction Systems Ltd.,Reaction Systems Ltd.,Reaction Systems Ltd.,Reaction Systems Ltd.,,Localized
Parts/Manufacturer/rcs_0v_linear_monoprop,Text,,Reaction Systems Ltd.,SysRéac SARL,Reaction Systems Ltd.,Reaction Systems Ltd.,Reaction Systems Ltd.,リアクション・システムズ,리액션 시스템즈 유한회사,Systemy Reakcyjne Itd.,Реактив Системс Лтд.,反应系统有限公司,Sistemas de Reação Ltda.,反應系統有限公司,Reaction Systems Ltd.,Reaction Systems Ltd.,Reaction Systems Ltd.,Reaction Systems Ltd.,,Localized
Parts/Subtitle/adapter_1v_bullet_methalox_0v-1v,Text,,Small to Tiny Adapter,Adaptateur petit à minuscule,Adattatore da S a XS,Klein-auf-Winzig-Adapter,Adaptador pequeño a diminuto,小型 - 微小変換アダプター,소형-초소형 어댑터,Przejściówka mały-maleńki,Адаптер «маленький – крошечный»,小对微转接器,Adaptador Pequeno para Minúsculo,小型到超小型適配器,Small to Tiny Adapter,Small to Tiny Adapter,Small to Tiny Adapter,Small to Tiny Adapter,,Localized
Parts/Subtitle/adapter_1v_conical_0v-1v,Text,,Tiny to Small Adapter,Adaptateur minuscule à petit,Adattatore da XS a S,Winzig-auf-Klein-Adapter,Adaptador diminuto a pequeño,微小 - 小型変換アダプター,초소형-소형 어댑터,Przejściówka maleńki-mały,Адаптер «крошечный – маленький»,微对小转接器,Adaptador Minúsculo para Pequeno,超小型到小型適配器,Tiny to Small Adapter,Tiny to Small Adapter,Tiny to Small Adapter,Tiny to Small Adapter,,Localized
Parts/Subtitle/adapter_1v_flat_0v-1v,Text,,Tiny to Small Adapter,Adaptateur minuscule à petit,Adattatore da XS a S,Winzig-auf-Klein-Adapter,Adaptador diminuto a pequeño,微小 - 小型変換アダプター,초소형-소형 어댑터,Przejściówka maleńki-mały,Адаптер «крошечный – маленький»,微对小转接器,Adaptador Minúsculo para Pequeno,超小型到小型適配器,Tiny to Small Adapter,Tiny to Small Adapter,Tiny to Small Adapter,Tiny to Small Adapter,,Localized
Parts/Subtitle/adapter_2v_2point_1v-2v,Text,,Small to Medium Bi-Adapter,Bi-adaptateur petit à moyen,Adattatore doppio da S a M,Klein-auf-Mittel-Zweifach-Adapter,Adaptador doble pequeño a mediano,小型 - 中型バイアダプター,소형-중형 바이 어댑터,Przejściówka podwójna mały-średni,Двойной адаптер «маленький — средний»,小对中双向转接器,Bi-Adaptador Pequeno para Médio,小型到中型雙接適配器,Small to Medium Bi-Adapter,Small to Medium Bi-Adapter,Small to Medium Bi-Adapter,Small to Medium Bi-Adapter,,Localized
Parts/Subtitle/adapter_2v_3point_1v-2v,Text,,Small to Medium Tri-Adapter,Tri-adaptateur petit à moyen,Adattatore triplo da S a M,Klein-auf-Mittel-Dreifach-Adapter,Adaptador triple pequeño a mediano,小型 - 中型トライアダプター,소형-중형 트리 어댑터,Przejściówka potrójna mały-średni,Тройной адаптер «маленький — средний»,小对中三向转接器,Tri-Adaptador Pequeno para Médio,小型到中型三接適配器,Small to Medium Tri-Adapter,Small to Medium Tri-Adapter,Small to Medium Tri-Adapter,Small to Medium Tri-Adapter,,Localized
Parts/Subtitle/adapter_2v_4point_1v-2v,Text,,Small to Medium Quad-Adapter,Quadri-adaptateur petit à moyen,Adattatore quadruplo da S a M,Klein-auf-Mittel-Vierfach-Adapter,Adaptador cuádruple pequeño a mediano,小型 - 中型クアッドアダプター,소형-중형 쿼드 어댑터,Przejściówka poczwórna mały-średni,Четверной адаптер «маленький — средний»,小对中四向转接器,Quad-Adaptador Pequeno para Médio,小型到中型四接適配器,Small to Medium Quad-Adapter,Small to Medium Quad-Adapter,Small to Medium Quad-Adapter,Small to Medium Quad-Adapter,,Localized
Parts/Subtitle/adapter_2v_conical_1v-2v,Text,,Small to Medium Adapter,Adaptateur petit à grand,Adattatore da S a M,Klein-auf-Groß-Adapter,Adaptador pequeño a grande,小型 - 大型変換アダプター,소형-대형 어댑터,Przejściówka mały-duży,Адаптер «маленький – большой»,小对大转接器,Adaptador Pequeno para Grande,小型到大型適配器,Small to Medium Adapter,Small to Medium Adapter,Small to Medium Adapter,Small to Medium Adapter,,Localized
Parts/Subtitle/adapter_2v_conical_methalox_1v-2v,Text,,Small to Medium Methalox Fueled Adaptor,Adaptateur alimenté à méthalox petit à moyen,Adattatore a methalox da S a M,Klein-auf-Mittel-Adapter (mit Methalox aufgetankt),Adaptador de combustible de metalox pequeño a mediano,小型 - 中型メタロックス燃料アダプター,소형-중형 메탈록스 연료 어댑터,Przejściówka mały-średni ze zbiornikiem metaloksu,Адаптер с металоксом «маленький – средний»,小对中甲氧基燃料转接器,Adaptador Abastecido com Metalox Pequeno para Médio,小型到中型甲氧基燃料適配器,Small to Medium Methalox Fueled Adaptor,Small to Medium Methalox Fueled Adaptor,Small to Medium Methalox Fueled Adaptor,Small to Medium Methalox Fueled Adaptor,,Localized
Parts/Subtitle/adapter_2v_flat_1v-2v,Text,,Small to Medium Adapter Plate,Plaque d'adaptateur petit à moyen,Piastra adattatore da S a M,Klein-auf-Mittel-Adapterplatte,Placa adaptadora pequeño a mediano,小型 - 中型変換アダプタープレート,소형-중형 어댑터 패널,Przejściówka płytowa mały-średni,Пластина-адаптер «маленький — средний»,小对中转接板,Placa do Adaptador Pequeno para Médio,小型到中型適配板,Small to Medium Adapter Plate,Small to Medium Adapter Plate,Small to Medium Adapter Plate,Small to Medium Adapter Plate,,Localized
Parts/Subtitle/adapter_2v_m2_1x1_methalox_1v-m2,Text,,Mk2 to Small Methalox Fueled Adapter,Adaptateur alimenté à méthalox Mk2 à petit,Adattatore a methalox da Mk2 a S,Mk2-auf-Klein-Adapter (mit Methalox aufgetankt),Adaptador de combustible de metalox Mk2 a pequeño,Mk2 - 小型メタロックス燃料アダプター,Mk2-소형 메탈록스 연료 어댑터,Przejściówka Mk2-mały ze zbiornikiem metaloksu,Адаптер с металоксом «Mk2 – маленький»,Mk2对小甲氧基燃料转接器,Adaptador Abastecido com Metalox Mk2 para Pequeno,Mk2型到小型甲氧基燃料適配器,Mk2 to Small Methalox Fueled Adapter,Mk2 to Small Methalox Fueled Adapter,Mk2 to Small Methalox Fueled Adapter,Mk2 to Small Methalox Fueled Adapter,,Localized
Parts/Subtitle/adapter_2v_m2_1x2_methalox_1v-m2,Text,,Mk2 to Small Methalox Fueled Adapter,Adaptateur alimenté à méthalox Mk2 à petit,Adattatore a methalox da Mk2 a S,Mk2-auf-Klein-Adapter (mit Methalox aufgetankt),Adaptador de combustible de metalox Mk2 a pequeño,Mk2 - 小型メタロックス燃料アダプター,Mk2-소형 메탈록스 연료 어댑터,Przejściówka Mk2-mały ze zbiornikiem metaloksu,Адаптер с металоксом «Mk2 – маленький»,Mk2对小甲氧基燃料转接器,Adaptador Abastecido com Metalox Mk2 para Pequeno,Mk2型到小型甲氧基燃料適配器,Mk2 to Small Methalox Fueled Adapter,Mk2 to Small Methalox Fueled Adapter,Mk2 to Small Methalox Fueled Adapter,Mk2 to Small Methalox Fueled Adapter,,Localized
Parts/Subtitle/adapter_2v_m2_2point_methalox_1v-m2,Text,,Mk2 to Small Methalox Fueled Bicoupler,Bicoupleur alimenté à méthalox Mk2 à petit,Adattatore doppio a methalox da Mk2 a S,Mk2-auf-Klein-Doppelkoppler (mit Methalox aufgetankt),Biacoplador de combustible de metalox Mk2 a pequeño,Mk2 - 小型メタロックス燃料バイカプラー,Mk2-소형 메탈록스 연료 바이커플러,Podwójny łącznik Mk2-mały ze zbiornikiem metaloksu,Двойной адаптер с металоксом «Mk2 — маленький»,Mk2对小甲氧基燃料双连接器,Biacoplador Abastecido com Metalox Mk2 para Pequeno,Mk2型到小型甲氧基燃料雙耦合器,Mk2 to Small Methalox Fueled Bicoupler,Mk2 to Small Methalox Fueled Bicoupler,Mk2 to Small Methalox Fueled Bicoupler,Mk2 to Small Methalox Fueled Bicoupler,,Localized
Parts/Subtitle/adapter_2v_m2_methalox_2v-m2,Text,,Mk2 to Medium Methalox Fueled Adapter,Adaptateur alimenté à méthalox Mk2 à moyen,Adattatore a methalox da Mk2 a M,Mk2-auf-Mittel-Adapter (mit Methalox aufgetankt),Adaptador de combustible de metalox Mk2 a mediano,Mk2 - 中型メタロックス燃料アダプター,Mk2-중형 메탈록스 연료 어댑터,Przejściówka Mk2-średni ze zbiornikiem metaloksu,Адаптер с металоксом «Mk2 – средний»,Mk2对中甲氧基燃料转接器,Adaptador Abastecido com Metalox Mk2 para Médio,Mk2型到中型甲氧基燃料適配器,Mk2 to Medium Methalox Fueled Adapter,Mk2 to Medium Methalox Fueled Adapter,Mk2 to Medium Methalox Fueled Adapter,Mk2 to Medium Methalox Fueled Adapter,,Localized
Parts/Subtitle/adapter_2v_rightcone_methalox_1v-2v,Text,,Medium to Small Slanted Adapter,Adaptateur oblique moyen à petit,Adattatore inclinato da M a S,Mittel-auf-Klein-Adapter (schräg),Adaptador inclinado mediano a pequeño,中型 - 小型スラントアダプター,중형-소형 경사형 어댑터,Przejściówka ukośna średni-mały,Скошенный адаптер «средний – маленький»,中对小斜向转接器,Adaptador Inclinado Médio para Pequeno,中型到小型傾斜式適配器,Medium to Small Slanted Adapter,Medium to Small Slanted Adapter,Medium to Small Slanted Adapter,Medium to Small Slanted Adapter,,Localized
Parts/Subtitle/adapter_3v_conical_2v-3v,Text,,Medium to Large Conical Adapter,Adaptateur conique moyen à grand,Adattatore conico da M a L,Mittel-auf-Groß-Adapter (konisch),Adaptador cónico mediano a grande,中型 - 大型円錐形アダプター,중형-대형 원뿔형 어댑터,Przejściówka poczwórna średni-duży,Конический адаптер «средний – большой»,中对大锥形转接器,Adaptador Cônico Pequeno para Médio,中型到大型錐形適配器,Medium to Large Conical Adapter,Medium to Large Conical Adapter,Medium to Large Conical Adapter,Medium to Large Conical Adapter,,Localized
Parts/Subtitle/adapter_3v_m3_conical_methalox_2v-m3,Text,,Mk3 to Medium Methalox Fueled Adapter,Adaptateur alimenté à méthalox Mk3 à moyen,Adattatore a methalox da Mk3 a M,Mk3-auf-Mittel-Adapter (mit Methalox aufgetankt),Adaptador de combustible de metalox Mk3 a mediano,Mk3 - 中型メタロックス燃料アダプター,Mk3-중형 메탈록스 연료 어댑터,Przejściówka Mk3-średni ze zbiornikiem metaloksu,Адаптер с металоксом «Mk3 – средний»,Mk3对中甲氧基燃料转接器,Adaptador Abastecido com Metalox Mk3 para Médio,Mk3型到中型甲氧基燃料適配器,Mk3 to Medium Methalox Fueled Adapter,Mk3 to Medium Methalox Fueled Adapter,Mk3 to Medium Methalox Fueled Adapter,Mk3 to Medium Methalox Fueled Adapter,,Localized
Parts/Subtitle/adapter_3v_m3_methalox_3v-m3,Text,,Mk3 to Large Methalox Fueled Adapter,Adaptateur alimenté à méthalox Mk3 à grand,Adattatore a methalox da Mk3 a L,Mk3-auf-Groß-Adapter (mit Methalox aufgetankt),Adaptador de combustible de metalox Mk3 a grande,Mk3 - 大型メタロックス燃料アダプター,Mk3-대형 메탈록스 연료 어댑터,Przejściówka Mk3-duży ze zbiornikiem metaloksu,Адаптер с металоксом «Mk3 – большой»,Mk3对大甲氧基燃料转接器,Adaptador Abastecido com Metalox Mk3 para Grande,Mk3型到大型甲氧基燃料適配器,Mk3 to Large Methalox Fueled Adapter,Mk3 to Large Methalox Fueled Adapter,Mk3 to Large Methalox Fueled Adapter,Mk3 to Large Methalox Fueled Adapter,,Localized
Parts/Subtitle/adapter_3v_m3_rightcone_methalox_2v-m3,Text,,Mk3 to Medium Methalox Fueled Adapter Slanted,Adaptateur oblique alimenté à méthalox Mk3 à moyen,Adattatore a methalox inclinato da Mk3 a M,"Mk3-auf-Mittel-Adapter (schräg, mit Methalox aufgetankt)",Adaptador de combustible de metalox inclinado Mk3 a mediano,Mk3 - 中型メタロックス燃料スラントアダプター,Mk3-중형 경사형 메탈록스 연료 어댑터,Przejściówka ukośna Mk3-średni ze zbiornikiem metaloksu,Скошенный адаптер с металоксом «Mk3 – средний»,Mk3对中甲氧基燃料转接器,Adaptador Inclinado Abastecido com Metalox Mk3 para Médio,Mk3型到中型傾斜式甲氧基燃料適配器,Mk3 to Medium Methalox Fueled Adapter Slanted,Mk3 to Medium Methalox Fueled Adapter Slanted,Mk3 to Medium Methalox Fueled Adapter Slanted,Mk3 to Medium Methalox Fueled Adapter Slanted,,Localized
Parts/Subtitle/adapter_3v_methalox_2v-3v,Text,,Medium to Large Methalox Fueled Adaptor,Adaptateur alimenté à méthalox moyen à large,Adattatore Methalox da M a L,Mittel-auf-Groß-Adapter (mit Methalox aufgetankt),Adaptador de combustible de metalox mediano a grande,小型 - 中型メタロックス燃料アダプター,소형-중형 메탈록스 연료 어댑터,Przejściówka średni-duży ze zbiornikiem metaloksu,Адаптер с металоксом «средний – большой»,中对大甲氧基燃料转接器,Tanque Adaptador com Methalox Médio para Grande,小型到中型甲氧基燃料適配器,Medium to Large Methalox Fueled Adaptor,Medium to Large Methalox Fueled Adaptor,Medium to Large Methalox Fueled Adaptor,Medium to Large Methalox Fueled Adaptor,,Localized
Parts/Subtitle/adapter_4v_3v-4v,Text,,Large to XL Adapter,Adaptateur grand à très grand,Adattatore da L a XL,Groß-auf-XL-Adapter,Adaptador grande a XL,大型 - XL変換アダプター,대형-XL 어댑터,Przejściówka duży-XL,Адаптер «большой – XL»,大对特大转接器,Adaptador Grande para XL,大型至加大型適配器,Large to XL Adapter,Large to XL Adapter,Large to XL Adapter,Large to XL Adapter,,Localized
Parts/Subtitle/adapter_4v_methalox_3v-4v,Text,,Medium to Large Methalox Fueled Adaptor,Adaptateur alimenté à méthalox moyen à grand,Adattatore a methalox da M a L,Mittel-auf-Groß-Adapter (mit Methalox aufgetankt),Adaptador de combustible de metalox mediano a grande,中型 - 大型メタロックス燃料アダプター,중형-대형 메탈록스 연료 어댑터,Przejściówka średni-duży ze zbiornikiem metaloksu,Адаптер с металоксом «средний – большой»,中对大甲氧基燃料转接器,Adaptador Abastecido com Metalox Médio para Grande,中型到大型甲氧基燃料適配器,Medium to Large Methalox Fueled Adaptor,Medium to Large Methalox Fueled Adaptor,Medium to Large Methalox Fueled Adaptor,Medium to Large Methalox Fueled Adaptor,,Localized
Parts/Subtitle/collector_0v_radial_science_general,Text,,Radial Environment Survey,Analyse environnementale radiale,Rilevatore ambientale radiale,Radial-Umgebungsuntersuchung,Estudio del entorno radial,ラジアル環境探査機,방사형 환경 조사,Obwodowy analizator otoczenia,Продольный исследователь среды,径向环境调查,Pesquisa de ambiente radial,徑向環境調查,Radial Environment Survey,Radial Environment Survey,Radial Environment Survey,Radial Environment Survey,,Localized
Parts/Subtitle/collector_1v_science_general,Text,,Environment Survey,Analyse environnementale,Rilevatore ambientale,Umgebungsuntersuchung,Estudio del entorno,環境探査機,환경 조사,Analizator otoczenia,Исследование среды,环境调查,Pesquisa de ambiente,環境調查,Environment Survey,Environment Survey,Environment Survey,Environment Survey,,Localized
Parts/Subtitle/engine_1v_hydrogen_nerv,Text,,Hydrogen Deep Space Engine,Moteur en espace profond à hydrogène,Motore a idrogeno spaziale,Wasserstoff-Tiefenraum-Triebwerk,Motor de espacio profundo de hidrógeno,水素深宇宙エンジン,수소 심우주 엔진,Silnik długodystansowy na wodór,Двигатель на водороде для дальнего космоса,氢燃料深空核能引擎,Motor de Espaço Profundo de Hidrogênio,氫氣外太空引擎,Hydrogen Deep Space Engine,Hydrogen Deep Space Engine,Hydrogen Deep Space Engine,Hydrogen Deep Space Engine,,Localized
Parts/Subtitle/engine_3v_hydrogen_swerv,Text,,Hydrogen Deep Space Engine,Moteur en espace profond à hydrogène,Motore a idrogeno spaziale,Wasserstoff-Tiefenraum-Triebwerk,Motor de espacio profundo de hidrógeno,水素深宇宙エンジン,수소 심우주 엔진,Silnik długodystansowy na wodór,Двигатель на водороде для дальнего космоса,氢燃料深空核能引擎,Motor de Espaço Profundo de Hidrogênio,氫氣外太空引擎,Hydrogen Deep Space Engine,Hydrogen Deep Space Engine,Hydrogen Deep Space Engine,Hydrogen Deep Space Engine,,Localized
Parts/Subtitle/landinggear_0v_steerable,Text,,Steerable Landing Gear,Train d'atterrissage à direction,Carrello di atterraggio sterzabile,Lenkfahrwerk,Tren de aterrizaje dirigible,ステアリング機能付ランディングギア,조향 랜딩기어,Podwozie kierowane,Рулевое шасси,可转向起落架,Trem de Pouso Manobrável,操縱式起落架,Steerable Landing Gear,Steerable Landing Gear,Steerable Landing Gear,Steerable Landing Gear,,Localized
Parts/Subtitle/landinggear_1v,Text,,Small Landing Gear,Petit train d'atterrissage,Carrello di atterraggio piccolo,Fahrwerk (klein),Tren de aterrizaje pequeño,小型ランディングギア,소형 랜딩기어,Małe podwozie,Малое шасси,小型起落架,Trem de Pouso Pequeno,小型起落架,Small Landing Gear,Small Landing Gear,Small Landing Gear,Small Landing Gear,,Localized
Parts/Subtitle/landinggear_1v_fixed,Text,,Fixed Landing Gear,Train d'atterrissage fixe,Carrello di atterraggio fisso,Festes Fahrwerk,Tren de aterrizaje fijo,固定式ランディングギア,고정 랜딩기어,Podwozie nieruchome,Фиксированное шасси,固定式起落架,Trem de Pouso Fixo,固定式起落架,Fixed Landing Gear,Fixed Landing Gear,Fixed Landing Gear,Fixed Landing Gear,,Localized
Parts/Subtitle/landinggear_2v,Text,,Medium Landing Gear,Train d'atterrissage moyen,Carrello di atterraggio medio,Fahrwerk (mittelgroß),Tren de aterrizaje mediano,中型ランディングギア,중형 랜딩기어,Średnie podwozie,Среднее шасси,中型起落架,Trem de Pouso Médio,中型起落架,Medium Landing Gear,Medium Landing Gear,Medium Landing Gear,Medium Landing Gear,,Localized
Parts/Subtitle/landinggear_3v,Text,,Large Landing Gear,Train d'atterrissage grand,Carrello di atterraggio grande,Fahrwerk (groß),Tren de aterrizaje grande,大型ランディングギア,대형 랜딩기어,Duże podwozie,Большое шасси,大型起落架,Trem de Pouso Grande,大型起落架,Large Landing Gear,Large Landing Gear,Large Landing Gear,Large Landing Gear,,Localized
Parts/Subtitle/landinggear_4v,Text,,Extra Large Landing Gear,Train d'atterrissage extra grand,Carrello di atterraggio XL,Fahrwerk (supergroß),Tren de aterrizaje extragrande,特大ランディングギア,초대형 랜딩기어,Bardzo duże podwozie,Сверхбольшое шасси,超大起落架,Trem de Pouso Extra Grande,超大型起落架,Extra Large Landing Gear,Extra Large Landing Gear,Extra Large Landing Gear,Extra Large Landing Gear,,Localized
Parts/Subtitle/landingleg_0v,Text,,Extendable Landing Leg,Train d'atterrissage extensible,Supporto di atterraggio estensibile,Ausfahrbares Landebein,Pata de aterrizaje extensible,伸縮式着陸脚,확장형 랜딩레그,Noga rozkładana,Выдвигаемая посадочная опора,可展开式着陆支架,Perna de Pouso Extensível,展開式著陸架,Extendable Landing Leg,Extendable Landing Leg,Extendable Landing Leg,Extendable Landing Leg,,Localized
Parts/Subtitle/landingleg_1v,Text,,Extendable Landing Leg,Train d'atterrissage extensible,Supporto di atterraggio estensibile,Ausfahrbares Landebein,Pata de aterrizaje extensible,伸縮式着陸脚,확장형 랜딩레그,Noga rozkładana,Выдвигаемая посадочная опора,可展开式着陆支架,Perna de Pouso Extensível,展開式著陸架,Extendable Landing Leg,Extendable Landing Leg,Extendable Landing Leg,Extendable Landing Leg,,Localized
Parts/Subtitle/landingleg_2v,Text,,Extendable Landing Leg,Train d'atterrissage extensible,Supporto di atterraggio estensibile,Ausfahrbares Landebein,Pata de aterrizaje extensible,伸縮式着陸脚,확장형 랜딩레그,Noga rozkładana,Выдвигаемая посадочная опора,可展开式着陆支架,Perna de Pouso Extensível,展開式著陸架,Extendable Landing Leg,Extendable Landing Leg,Extendable Landing Leg,Extendable Landing Leg,,Localized
Parts/Subtitle/landingleg_3v,Text,,Heavy Duty Extendable Landing Leg,Train d'atterrissage extensible résistant,Supporto di atterraggio estensibile ad alta resistenza,Ausfahrbares Schwerlast-Landebein,Pata de aterrizaje extensible de alta resistencia,高耐久性伸縮式着陸脚,확장형 고중량 랜딩레그,Ciężka noga rozkładana,Особо прочная выдвигаемая посадочная опора,重载可展开式着陆支架,Perna de Pouso Extensível de Serviço Pesado,重型展開式著陸架,Heavy Duty Extendable Landing Leg,Heavy Duty Extendable Landing Leg,Heavy Duty Extendable Landing Leg,Heavy Duty Extendable Landing Leg,,Localized
Parts/Subtitle/light_0v_dome,Text,,Dome Light,Dôme lumineux,Luce a plafoniera,Kuppelleuchte,Luz de cúpula,ドームライト,돔 조명,Oświetlenie,Плафон,座舱顶灯,Luz da Cúpula,圓頂燈,Dome Light,Dome Light,Dome Light,Dome Light,,Localized
Parts/Subtitle/probe_0v_hexagonal_electricity,Text,,Remote Guidance Unit,Module de guidage à distance,Unita' di guida remota,Fernsteuerungseinheit,Unidad de guiado remoto,遠隔誘導ユニット,원격 유도 유닛,Moduł zdalnego sterowania,Блок удаленного управления,远程控制单元,Unidade de Controle Remoto,遙控導引單元,Remote Guidance Unit,Remote Guidance Unit,Remote Guidance Unit,Remote Guidance Unit,,Localized
Parts/Subtitle/probe_0v_octagonal_electricity_1x1,Text,,Remote Guidance Unit,Module de guidage à distance,Unita' di guida remota,Fernsteuerungseinheit,Unidad de guiado remoto,遠隔誘導ユニット,원격 유도 유닛,Moduł zdalnego sterowania,Блок удаленного управления,远程控制单元,Unidade de Controle Remoto,遙控導引單元,Remote Guidance Unit,Remote Guidance Unit,Remote Guidance Unit,Remote Guidance Unit,,Localized
Parts/Subtitle/probe_0v_octagonal_electricity_1x3,Text,,Remote Guidance Unit,Module de guidage à distance,Unita' di guida remota,Fernsteuerungseinheit,Unidad de guiado remoto,遠隔誘導ユニット,원격 유도 유닛,Moduł zdalnego sterowania,Блок удаленного управления,远程控制单元,Unidade de Controle Remoto,遙控導引單元,Remote Guidance Unit,Remote Guidance Unit,Remote Guidance Unit,Remote Guidance Unit,,Localized
Parts/Subtitle/probe_0v_rectangular_electricity,Text,,Remote Guidance Unit,Module de guidage à distance,Unita' di guida remota,Fernsteuerungseinheit,Unidad de guiado remoto,遠隔誘導ユニット,원격 유도 유닛,Moduł zdalnego sterowania,Блок удаленного управления,远程控制单元,Unidade de Controle Remoto,遙控導引單元,Remote Guidance Unit,Remote Guidance Unit,Remote Guidance Unit,Remote Guidance Unit,,Localized
Parts/Subtitle/probe_0v_spherical_electricity,Text,,Remote Guidance Unit,Module de guidage à distance,Unita' di guida remota,Fernsteuerungseinheit,Unidad de guiado remoto,遠隔誘導ユニット,원격 유도 유닛,Moduł zdalnego sterowania,Блок удаленного управления,远程控制单元,Unidade de Controle Remoto,遙控導引單元,Remote Guidance Unit,Remote Guidance Unit,Remote Guidance Unit,Remote Guidance Unit,,Localized
Parts/Subtitle/probe_1v_disk_electricity,Text,,Remote Guidance Unit,Module de guidage à distance,Unita' di guida remota,Fernsteuerungseinheit,Unidad de guiado remoto,遠隔誘導ユニット,원격 유도 유닛,Moduł zdalnego sterowania,Блок удаленного управления,远程控制单元,Unidade de Controle Remoto,遙控導引單元,Remote Guidance Unit,Remote Guidance Unit,Remote Guidance Unit,Remote Guidance Unit,,Localized
Parts/Subtitle/probe_1v_hexagonal_electricity,Text,,Remote Guidance Unit,Module de guidage à distance,Unita' di guida remota,Fernsteuerungseinheit,Unidad de guiado remoto,遠隔誘導ユニット,원격 유도 유닛,Moduł zdalnego sterowania,Блок удаленного управления,远程控制单元,Unidade de Controle Remoto,遙控導引單元,Remote Guidance Unit,Remote Guidance Unit,Remote Guidance Unit,Remote Guidance Unit,,Localized
Parts/Subtitle/probe_1v_rover_electricity,Text,,Remote Guidance Unit and Rover Chassis,Module de guidage à distance et châssis de rover,Unita' di guida remota e telaio per rover,Fernsteuerungseinheit und Roverchassis,Unidad de guiado remoto y chasis de róver,遠隔誘導ユニット兼ローバーのシャーシ,원격 유도 유닛 및 로버 섀시,Moduł zd. sterowania i podwozie łazika,Блок удаленного управления и шасси вездехода,远程控制单元和探测车底盘,Unidade de Controle Remoto e Chassi do Rover,遙控導引單元與探測車底盤,Remote Guidance Unit and Rover Chassis,Remote Guidance Unit and Rover Chassis,Remote Guidance Unit and Rover Chassis,Remote Guidance Unit and Rover Chassis,,Localized
Parts/Subtitle/probe_2v_disk_electricity,Text,,Remote Guidance Unit,Module de guidage à distance,Unita' di guida remota,Fernsteuerungseinheit,Unidad de guiado remoto,遠隔誘導ユニット,원격 유도 유닛,Moduł zdalnego sterowania,Блок удаленного управления,远程控制单元,Unidade de Controle Remoto,遙控導引單元,Remote Guidance Unit,Remote Guidance Unit,Remote Guidance Unit,Remote Guidance Unit,,Localized
Parts/Subtitle/probe_2v_m2_electricity,Text,,Remote Guidance Unit,Module de guidage à distance,Unita' di guida remota,Fernsteuerungseinheit,Unidad de guiado remoto,遠隔誘導ユニット,원격 유도 유닛,Moduł zdalnego sterowania,Блок удаленного управления,远程控制单元,Unidade de Controle Remoto,遙控導引單元,Remote Guidance Unit,Remote Guidance Unit,Remote Guidance Unit,Remote Guidance Unit,,Localized
Parts/Subtitle/probe_3v_disk_electricity,Text,,Heavy Remote Guidance Unit,Module de guidage à distance lourd,Unita' di guida remota pesante,Schwere Fernsteuerungseinheit,Unidad pesada de guiado remoto,重量遠隔誘導ユニット,헤비 원격 유도 유닛,Ciężki moduł zdalnego sterowania,Тяжелый блок удаленного управления,重型远程控制单元,Unidade de Controle Remoto Pesada,重型遙控導引單元,Heavy Remote Guidance Unit,Heavy Remote Guidance Unit,Heavy Remote Guidance Unit,Heavy Remote Guidance Unit,,Localized
Parts/Subtitle/probe_4v_disk_electricity,Text,,Heavy Remote Guidance Unit,Module de guidage à distance lourd,Unita' di guida remota pesante,Schwere Fernsteuerungseinheit,Unidad pesada de guiado remoto,重量遠隔誘導ユニット,헤비 원격 유도 유닛,Ciężki moduł zdalnego sterowania,Тяжелый блок удаленного управления,重型远程控制单元,Unidade de Controle Remoto Pesada,重型遙控導引單元,Heavy Remote Guidance Unit,Heavy Remote Guidance Unit,Heavy Remote Guidance Unit,Heavy Remote Guidance Unit,,Localized
Parts/Subtitle/stabilizer_0v_flybywire_aircraft,Text,,Fly-By-Wire Aircraft Stabilizer,Stabilisateur d'appareil câblé,Stabilizzatore per velivoli Fly-By-Wire,Fly-By-Wire-Flugzeugstabilisator,Estabilizador aéreo de pilotaje por cable,フライバイワイヤ航空機スタビライザー,FBW 기체 스테빌라이저,Lotniczy stabilizator elektroniczny,Стабилизатор с удаленным управлением,遥控飞机稳定器,Estabilizador de Aeronave Fly-By-Wire,線控航空器安定面,Fly-By-Wire Aircraft Stabilizer,Fly-By-Wire Aircraft Stabilizer,Fly-By-Wire Aircraft Stabilizer,Fly-By-Wire Aircraft Stabilizer,,Localized
Parts/Subtitle/stabilizer_0v_reactionwheel,Text,,Tiny Reaction Wheel Stabilizer,Minuscule stabilisateur de roue de réaction,Stabilizzatore a ruota di reazione minuscolo,Winziger Schwungrad-Stabilisator,Estabilizador de rueda de reacción diminuto,微小リアクションホイールスタビライザー,초소형 리액션 휠 스테빌라이저,Maleńki stabilizator żyroskopowy,Крошечный стабилизатор гиродина,微型动量轮稳定器,Estabilizador de Roda de Reação Minúsculo,超小型反作用輪穩定儀,Tiny Reaction Wheel Stabilizer,Tiny Reaction Wheel Stabilizer,Tiny Reaction Wheel Stabilizer,Tiny Reaction Wheel Stabilizer,,Localized
Parts/Subtitle/stabilizer_1v_reactionwheel,Text,,Small Reaction Wheel Stabilizer,Petit stabilisateur de roue de réaction,Stabilizzatore a ruota di reazione piccolo,Kleiner Schwungrad-Stabilisator,Estabilizador de rueda de reacción pequeño,小型リアクションホイールスタビライザー,소형 리액션 휠 스테빌라이저,Mały stabilizator żyroskopowy,Маленький стабилизатор гиродина,小型动量轮稳定器,Estabilizador de Roda de Reação Pequeno,小型反作用輪穩定儀,Small Reaction Wheel Stabilizer,Small Reaction Wheel Stabilizer,Small Reaction Wheel Stabilizer,Small Reaction Wheel Stabilizer,,Localized
Parts/Subtitle/stabilizer_2v_reactionwheel,Text,,Medium Reaction Wheel Stabilizer,Stabilisateur de roue de réaction moyen,Stabilizzatore a ruota di reazione medio,Mittelgroßer Schwungrad-Stabilisator,Estabilizador de rueda de reacción mediano,中量リアクションホイールスタビライザー,중형 리액션 휠 스테빌라이저,Średni stabilizator żyroskopowy,Средний стабилизатор гиродина,中型动量轮稳定器,Estabilizador de Roda de Reação Médio,中型反作用輪穩定儀,Medium Reaction Wheel Stabilizer,Medium Reaction Wheel Stabilizer,Medium Reaction Wheel Stabilizer,Medium Reaction Wheel Stabilizer,,Localized
Parts/Subtitle/stabilizer_3v_reactionwheel,Text,,Large Reaction Wheel Stabilizer,Grand stabilisateur de roue de réaction,Stabilizzatore a ruota di reazione grande,Großer Schwungrad-Stabilisator,Estabilizador de rueda de reacción grande,大型リアクションホイールスタビライザー,대형 리액션 휠 스테빌라이저,Duży stabilizator żyroskopowy,Большой стабилизатор гиродина,大型动量轮稳定器,Estabilizador de Roda de Reação Grande,大型反作用輪穩定儀,Large Reaction Wheel Stabilizer,Large Reaction Wheel Stabilizer,Large Reaction Wheel Stabilizer,Large Reaction Wheel Stabilizer,,Localized
Parts/Title/airbrake_1v,Text,,A.I.R.B.R.A.K.E.S.,A.E.R.O.F.R.E.I.N.S,F.R.E.N.A.,A.I.R.B.R.A.K.E.S.,A.E.R.O.F.R.E.N.O,A.I.R.B.R.A.K.E.S.,에.어.브.레.이.크.,Hamulec aerodymaniczny,А.Э.Р.О.Т.О.Р.М.О.З.,A.I.R.B.R.A.K.E.S.,A.E.R.O.F.R.E.I.O.S.,A.I.R.B.R.A.K.E.S.,A.I.R.B.R.A.K.E.S.,A.I.R.B.R.A.K.E.S.,A.I.R.B.R.A.K.E.S.,A.I.R.B.R.A.K.E.S.,,Localized
Parts/Title/cabin_1v_m1_crew,Text,,"Mk1 ""Stowaway""",“Passager clandestin” Mk1,"""Clandestino"" Mk1",Mk1 „Stowaway“,"Mk1 ""Polizón""","Mk1 ""密航""","Mk1 ""스토와웨이""",Mk1 „Gapowicz”,«Безбилетник» Mk1,Mk1“偷渡者”,"Mk1 ""Clandestino""",Mk1「偷渡客」,"Mk1 ""Stowaway""","Mk1 ""Stowaway""","Mk1 ""Stowaway""","Mk1 ""Stowaway""",,Localized
Parts/Title/collector_0v_radial_science_general,Text,,"RGSCM-01 ""Science Jr. Jr.""","RGSCM-01 ""Science Junior Junior""","GSCM-01 ""Piccolissima Scienza""",RGSCM-01 „Science Jr. Jr.“,"RGSCM-01 ""Ciencia Jr. Jr.""","RGSCM-01 ""サイエンスJr.Jr.""","RGSCM-01 ""사이언스 주니어 주니어""",RGSCM-01 „Licencjat”,RGSCM-01 «Крошка-ученый»,RGSCM-01“小小科学家迷你版”,"RGSCM-01 ""Ciência Jr. Jr.""",RGSCM-01「科學小子」,"RGSCM-01 ""Science Jr. Jr.""","RGSCM-01 ""Science Jr. Jr.""","RGSCM-01 ""Science Jr. Jr.""","RGSCM-01 ""Science Jr. Jr.""",,Localized
Parts/Title/collector_1v_science_general,Text,,"GSCM-01 ""Science Jr.""","GSCM-01 ""Science Junior""","GSCM-01 ""Piccola Scienza""",GSCM-01 „Science Jr.“,"GSCM-01 ""Ciencia Jr.""","GSCM-01 ""サイエンスJr.""","GSCM-01 ""사이언스 주니어""",GSCM-01 „Magistrant”,GSCM-01 «Маленький ученый»,GSCM-01“小小科学家”,"GSCM-01 ""Ciência Jr.""",GSCM-01「科學小子」,"GSCM-01 ""Science Jr.""","GSCM-01 ""Science Jr.""","GSCM-01 ""Science Jr.""","GSCM-01 ""Science Jr.""",,Localized
Parts/Title/pod_1v_conical_crew,Text,,"Mk1 ""Tin Can""",“Conserve” Mk1,"""Lattina"" Mk1",Mk1 „Blechbüchse“,"Mk1 ""Lata""","Mk1 ""ブリキ缶""","Mk1 ""틴캔""",Mk1 „Puszka”,«Жестянка» Mk1,Mk1“锡罐”,"Mk1 ""Latinha""",Mk1「錫罐頭」,"Mk1 ""Tin Can""","Mk1 ""Tin Can""","Mk1 ""Tin Can""","Mk1 ""Tin Can""",,Localized
Parts/Title/pod_3v_conical_crew,Text,,Mk3-5 “Cockatoo”,“Cacatoès” Mk3-5,"""Cacatua"" Mk3-5",Mk3-5 „Cockatoo“,"Mk3-5 ""Cacatúa""","Mk3-5 ""コカトゥー""","Mk3-5 ""카커투""",Mk3-5 „Kakadu”,«Какаду» Mk3-5,Mk3-5“鹦鹉”,"Mk3-5 ""Cacatua""",Mk3-5「鸚鵡」,Mk3-5 “Cockatoo”,Mk3-5 “Cockatoo”,Mk3-5 “Cockatoo”,Mk3-5 “Cockatoo”,,Localized
Parts/Title/rcs_0v_linear_monoprop,Text,,Place-Anywhere 7,Place-Partout 7,Place-Anywhere 7,Place-Anywhere 7,Place-Anywhere 7,プレイスエニウェア7,자율부착 7,Przypnij-Gdzie-Chcesz 7,«Кудапопало-7»,“随便放”7型,Coloque-Onde-Quiser 7,無遠弗屆七代,Place-Anywhere 7,Place-Anywhere 7,Place-Anywhere 7,Place-Anywhere 7,,Localized
Parts/Manufacturer/converter_2v_inline,Text,,Mega Mining Supplies Co,Méga Matériel de Minage Co.,Forniture Minerarie Mega & Co,Mega Mining Supplies Co,Suministros Mega Minería S.L,Mega Mining Supplies Co,메가 마이닝 보급 회사,Mega Mining Supplies Co,Мега-Горнодобывающие Поставки и Ко,大型采矿物资公司,Mega Suprimentos de Mineração & Cia.,Mega Mining Supplies Co,Mega Mining Supplies Co,Mega Mining Supplies Co,Mega Mining Supplies Co,Mega Mining Supplies Co,,Localized
Parts/Title/converter_2v_inline,Text,,CV-TR04 Resource Converter,CV-TR04 Convertisseur de ressources,Convertitore di risorse CV-TR04,CV-TR04 Ressourcen Umwandler,CV-TR04 Convertidor de recursos,CV-TR04 Resource Converter,CV-TR04 자원 변환기,CV-TR04 Konwerter Surowcy,CV-TR04 РесурсоПреобразователь,CV-TR04资源转化器,Conversor de Recursos CV-TR04,CV-TR04 Resource Converter,CV-TR04 Resource Converter,CV-TR04 Resource Converter,CV-TR04 Resource Converter,CV-TR04 Resource Converter,,Localized
Parts/Manufacturer/drill_2v_radial,Text,,Mega Mining Supplies Co,Méga Matériel de Minage Co.,Forniture Minerarie Mega & Co,Mega Mining Supplies Co,Suministros Mega Minería S.L,Mega Mining Supplies Co,메가 마이닝 보급 회사,Mega Mining Supplies Co,Мега-Горнодобывающие Поставки и Ко,大型采矿物资公司,Mega Suprimentos de Mineração & Cia.,Mega Mining Supplies Co,Mega Mining Supplies Co,Mega Mining Supplies Co,Mega Mining Supplies Co,Mega Mining Supplies Co,,Localized
Parts/Title/drill_2v_radial,Text,,RD-03K Extendable Drill,Foreuse déployable RD-03K,Trivella estensibile RD-03K,RD-03K Ausfahrbarer Bohrer,RD-03K Taladro desplegable,RD-03K Extendable Drill,RD-03K 확장형 드릴,RD-03K Wysuwalne Wiertło,RD-03K Выдвижной бур,RD-03K可展开式钻机,Broca Extensível RD-03K,RD-03K Extendable Drill,RD-03K Extendable Drill,RD-03K Extendable Drill,RD-03K Extendable Drill,RD-03K Extendable Drill,,Localized
Parts/Title/radiator_2v_radial_1x8,Text,,TCS-400X,TCS-400X,TCS-400X,TCS-400X,TCS-400X,TCS-400X,TCS-400X,TCS-400X,TCS-400X,TCS-400X,Radiador TCS-400X,TCS-400X,TCS-400X,TCS-400X,TCS-400X,TCS-400X,,Localized
Parts/Subtitle/radiator_2v_radial_1x8,Text,,Extendable Radiator,Radiateur déployable,Radiatore Estendibile,Ausfahrbarer Kühler,Radiador desplegable,Extendable Radiator,확장형 방열판,Rozsuwany Radiator,Выдвижной Радиатор,可展开式散热器,Radiador Extensível,Extendable Radiator,Extendable Radiator,Extendable Radiator,Extendable Radiator,Extendable Radiator,,Localized
Parts/Subtitle/drill_2v_radial,Text,,Radial ISRU Mining Drill,Foreuse minière radiale IRIS,Trivella per ISRU radiale,Radialer ISRU Bohrer,Taladro de minería radial in-situ,Radial ISRU Mining Drill,방사형 ISRU 채굴 드릴,Obwodowe wiertło górnicze ISRU,Радиальный бур для добычи ресурсов,径向ISRU采矿钻机,Broca de mineração lateral ISRU,Radial ISRU Mining Drill,Radial ISRU Mining Drill,Radial ISRU Mining Drill,Radial ISRU Mining Drill,Radial ISRU Mining Drill,,Localized
Parts/Subtitle/container_2v_inline_solids,Text,,Medium Inline Solids Container,Conteneur de solides linéaire moyen,Contenitore per solidi in linea medio,Mittelgroßer Inlinien Feststoffbehälter,Contenedor de Sólidos en línea Mediano,Medium Inline Solids Container,중형 인라인 고체 컨테이너,Średni osiowy zbiornik na substancje stałe,Средний Встроенный контейнер для твёрдых материалов,中型轴向固体容器,Contêiner de Sólidos em Linha Médio,Medium Inline Solids Container,Medium Inline Solids Container,Medium Inline Solids Container,Medium Inline Solids Container,Medium Inline Solids Container,,Localized
Parts/Manufacturer/container_2v_inline_solids,Text,,Shallow Stone Interstellar Ltd.,Gravier Interstellaire & Co.,Shallow Stone Interstellar Ltd.,Shallow Stone Interstellar Ltd.,Shallow Stone Interstellar Ltd.,Shallow Stone Interstellar Ltd.,쉘로우 스톤 인터스텔라 유한회사,Shallow Stone Interstellar Ltd.,Галька Интерстеллар Ко.,浅石星际有限公司,Lapidação Rasa Interestelar Ltda.,Shallow Stone Interstellar Ltd.,Shallow Stone Interstellar Ltd.,Shallow Stone Interstellar Ltd.,Shallow Stone Interstellar Ltd.,Shallow Stone Interstellar Ltd.,,Localized
Parts/Description/container_2v_inline_solids,Text,,"You bore it, we store it! The C-S-9000 is an all-inclusive solution to all your solid resource transporting needs. This container allows you to store any solid material in a sleek, inline form factor that’s ideal for when aerodynamics are a consideration. Is it just 6 RSC-900R’s stuck together in a circle? Maybe.","Vous le creusez, nous le stockons ! Le C-S-9000 est une solution parfaite pour tous vos besoins de transport de ressources. Ce conteneur vous permet de stocker n'importe quels matériaux solides dans une élégante et droite forme idéale lorsque l'aérodynamisme est à considérer. Est-ce 6 RSC-900R attachés en cercle ? Peut-être.","Tu lo scavi, noi lo stocchiamo! Il C-S-9000 è una soluzione multiuso per tutte le tue necessità di trasporto solido. Questo stoccaggio ti permette di contenere qualsiasi materiale solido in una forma il linea e aerodinamicamente pulita, perfetta per quando l’aerodinamica è da prendere in considerazione. Sono solo 6 RCS-900R fissati insieme in cerchio? Forse.","Du bohrst es, wir lagern es! Der C-S-9000 ist die All-in-One-Lösung für all deine Transportbedürfnisse von festen Rohstoffen. Dieser Behälter ermöglicht es dir, jedes feste Material in einem schlanken Inline-Design zu lagern, das ideal ist, wenn Aerodynamik eine Rolle spielt. Sind das einfach nur sechs RSC-900R, die kreisförmig zusammengefügt wurden? Vielleicht.","¡Usted lo extrae, nosotros lo guardamos! El C-S-9000 es la solución integral para todas sus necesidades de transporte de recursos sólidos. Este contenedor permite almacenar cualquier material sólido en un elegante diseño en línea, ideal para cuando la aerodinámica es una prioridad. ¿Son solo 6 RSC-S-9000R pegados en círculo? Tal vez, pero a eso le llamamos innovación.","You bore it, we store it! The C-S-9000 is an all-inclusive solution to all your solid resource transporting needs. This container allows you to store any solid material in a sleek, inline form factor that’s ideal for when aerodynamics are a consideration. Is it just 6 RSC-900R’s stuck together in a circle? Maybe.","You bore it, we store it! The C-S-9000 is an all-inclusive solution to all your solid resource transporting needs. This container allows you to store any solid material in a sleek, inline form factor that’s ideal for when aerodynamics are a consideration. Is it just 6 RSC-900R’s stuck together in a circle? Maybe.","Ty go przewozisz, my go przechowujemy! C-S-9000 to kompleksowe rozwiązanie spełniające wszystkie Twoje potrzeby w zakresie transportu materiałów stałych. Ten kontener pozwala na przechowywanie dowolnego materiału stałego w eleganckiej, wydłużonej obudowie, która idealnie sprawdza się tam, gdzie liczy się aerodynamika. Czy to po prostu 6 kontenerów RSC-900R połączonych w okrąg? Być może.","Вам — бурить, нам — хранить! C-S-9000 — универсальное решение для транспортировки любых твердых ресурсов. Этот контейнер позволяет хранить твердые материалы в обтекаемом корпусе идеально подходящем для случаев, когда важна аэродинамика. Шесть RSC-900R, склеенных в кольцо? Возможно. Но мы называем это гениальной инновацией!",你挖掘，我储存！C-S-9000是满足您所有固体资源运输需求的全方位解决方案。这款容器采用造型流畅的轴向设计，可储存任何固体物质，非常适合需要考虑空气动力学的场景。它会不会只是6个RSC-900R圈在一起粘起来的？说不定哦。,"Você minera, a gente armazena! O C-S-9000 é uma solução generalista para todas as suas necessidades ligadas ao transporte de recursos sólidos. esse contêiner te permite armazenar qualquer material sólido de maneira elegante e em linha, ideal para quando a aerodinâmica não pode ser ignorada como nas suas provas do ensino médio! Agora a respeito dele ser apenas seis RSC-900R's grudados em um circulo? Não posso nem confirmar nem negar.","You bore it, we store it! The C-S-9000 is an all-inclusive solution to all your solid resource transporting needs. This container allows you to store any solid material in a sleek, inline form factor that’s ideal for when aerodynamics are a consideration. Is it just 6 RSC-900R’s stuck together in a circle? Maybe.","You bore it, we store it! The C-S-9000 is your all-in-one answer to haulin’ solid loot across the stars. This beauty stores any solid resource in a sleek, inline package—perfect when you need to keep things aerodynamic on reentry... or just look real cool.

Is it just six RSC-900Rs glued together in a circle?
Maybe.
But we call that innovation.","You bore it, we store it! The C-S-9000 is an all-inclusive solution to all your solid resource transporting needs. This container allows you to store any solid material in a sleek, inline form factor that’s ideal for when aerodynamics are a consideration. Is it just 6 RSC-900R’s stuck together in a circle? Maybe.","You bore it, we store it! The C-S-9000 is an all-inclusive solution to all your solid resource transporting needs. This container allows you to store any solid material in a sleek, inline form factor that’s ideal for when aerodynamics are a consideration. Is it just 6 RSC-900R’s stuck together in a circle? Maybe.","You bore it, we store it! The C-S-9000 is an all-inclusive solution to all your solid resource transporting needs. This container allows you to store any solid material in a sleek, inline form factor that’s ideal for when aerodynamics are a consideration. Is it just 6 RSC-900R’s stuck together in a circle? Maybe.",,Localized
Parts/Subtitle/converter_2v_inline,Text,,Inline ISRU Fuel Production Unit,Unité de production de carburant en série,Unita' di produzione carburante ISRU in linea,Inlinen ISRU Treibstoffproduktionseinheit,Unidad de producción de combustible in-situ en línea,Inline ISRU Fuel Production Unit,인라인 ISRU 연료 생산 유닛,Osiowa jednostka produkcji paliwa ISRU,Встроенный модуль топливного производства,轴向ISRU燃料生产单元,Unidade de Produção de Combustíveis em Linha ISRU,Inline ISRU Fuel Production Unit,Inline ISRU Fuel Production Unit,Inline ISRU Fuel Production Unit,Inline ISRU Fuel Production Unit,Inline ISRU Fuel Production Unit,,Localized
Parts/Description/drill_2v_radial,Text,,"The RD-03K® is a rugged, industrial mining drill that is ideal for in-situ resource utilization. It can reach up to 4 meters below the surface, and effortlessly pulverizes and collects rocks, ices and hydrates with its augmented rotary drill head. It even sorts the collected resources for your convenience!","Le RD-03K est une foreuse industrielle robuste idéale pour l'exploitation de ressources sur le terrain. Elle peut forer jusqu'à 4 m sous la surface, pulvériser et collecter des pierres, des glaces et des composés hydratés avec ses forets rotatifs améliorés. Elle trie même les ressources collectées pour votre confort !","L’ RD-03K® è una trivella industriale semplice, ideale per l’ISRU. Può arrivare sino a 4 metri sotto la superficie, e polverizza e raccoglie roccie, ghiacci e idrati senza sforzo con la sua punta di trivella aumentata. Può anche riordinare le risorse raccolte per la tua convenienza","Der RD-03K® ist ein robustes, industrielles Bergbau-Bohrgerät, das sich ideal für die In-situ-Ressourcennutzung eignet. Er kann bis zu 4 Meter unter die Oberfläche vordringen und zerkleinert mühelos Gestein, Eis und Hydrate mit seinem verstärkten rotierenden Bohrkopf. Die gesammelten Ressourcen werden sogar automatisch sortiert – ganz zu Ihrem Komfort!","El RD-03K® es un taladro de minería de grado industrial ideal para obtención de recursos in-situ. Puede penetrar hasta 4 metros bajo la superficie, y casi sin esfuerzo pulverizar y recolectar piedras, hielo e hidratos con su cabeza giratoria magnificada. ¡Hasta clasifica los recursos obtenidos para tu conveniencia!","The RD-03K® is a rugged, industrial mining drill that is ideal for in-situ resource utilization. It can reach up to 4 meters below the surface, and effortlessly pulverizes and collects rocks, ices and hydrates with its augmented rotary drill head. It even sorts the collected resources for your convenience!","The RD-03K® is a rugged, industrial mining drill that is ideal for in-situ resource utilization. It can reach up to 4 meters below the surface, and effortlessly pulverizes and collects rocks, ices and hydrates with its augmented rotary drill head. It even sorts the collected resources for your convenience!","RD-03K® to wytrzymała, przemysłowa wiertnica górnicza, idealna do pozyskiwania surowców na miejscu. Dzięki ulepszonej obrotowej głowicy wiertniczej może sięgać nawet 4 metrów pod powierzchnię i bez trudu rozdrabnia oraz zbiera skały, lód i hydraty. Dla Twojej wygody sortuje nawet zebrane surowce!","RD-03K — промышленный буровой комплекс для добычи ресурсов. Идеален для операций по добыче и перерабоке сырья на месте: заглубляется до 4 метров, дробит и собирает породы, лёд и гидраты усиленной роторной коронкой. Автоматическая сортировка материалов — для вашего удобства!",RD-03K®是一款坚固耐用的工业级采矿钻机，非常适合资源的就地采集利用（ISRU）。它可深入地表以下4米，凭借增强型旋转钻头，能轻松粉碎并收集岩石、冰和水合物。为方便起见，它甚至会对收集到的资源进行分类！,"A RD-03K® é uma perfuratriz de mineração industrial reforçada que é ideal para a utilização de recursos in situ. Ela consegue alcançar até 4 metros abaixo da superfície, pulverizar e coletar pedras, gelo e hidratos sem a menor dificuldade usando a sua cabeça de broca rotativa. Ela até separa automaticamente os recursos coletados pra te poupar a dor de cabeça!","The RD-03K® is a rugged, industrial mining drill that is ideal for in-situ resource utilization. It can reach up to 4 meters below the surface, and effortlessly pulverizes and collects rocks, ices and hydrates with its augmented rotary drill head. It even sorts the collected resources for your convenience!","The RD-03K® is a rugged, industrial mining drill that is ideal for in-situ resource utilization. It can reach up to 4 meters below the surface, and effortlessly pulverizes and collects rocks, ices and hydrates with its augmented rotary drill head. It even sorts the collected resources for your convenience!","The RD-03K® is a rugged, industrial mining drill that is ideal for in-situ resource utilization. It can reach up to 4 meters below the surface, and effortlessly pulverizes and collects rocks, ices and hydrates with its augmented rotary drill head. It even sorts the collected resources for your convenience!","The RD-03K® is a rugged, industrial mining drill that is ideal for in-situ resource utilization. It can reach up to 4 meters below the surface, and effortlessly pulverizes and collects rocks, ices and hydrates with its augmented rotary drill head. It even sorts the collected resources for your convenience!","The RD-03K® is a rugged, industrial mining drill that is ideal for in-situ resource utilization. It can reach up to 4 meters below the surface, and effortlessly pulverizes and collects rocks, ices and hydrates with its augmented rotary drill head. It even sorts the collected resources for your convenience!",,Localized
Parts/Description/converter_2v_inline,Text,,"The CV-TR04 Resource Converter came to be after an intern mistook the company’s high-tech pizza oven for a trash can and accidentally shoveled a load of garbage into it, somehow producing methane gas. When the oven was pulled from the crumbling remains of the company kitchen, the engineers got the idea of building a machine capable of producing rocket fuel on the fly, using nothing but stuff found in the ground. The concept of ISRU was born, and the intern was later promoted to Senior Production Manager.","Le convertisseur de ressources CV-TR04 apparu après qu'un interne a confondu le four à pizza high-tech de l'entreprise pour une poubelle et y a entassé une montagne de déchets, on ne sait comment cela a produit du méthane. Quand le four fut extrait des restes émiettés de la cuisine, les ingénieurs eurent l'idée de construire une machine capable de produire du carburant de fusée en plein vol, en utilisant seulement des trucs trouvés dans le sol. C'est alors que le concept de l'exploitation de ressources sur place était né, et plus tard l'interne fut promu gérant de la production.","Il Convertitore risorse CV-TR04 è nata dopo che uno stagista pensò che il forno per a pizza ad alta tecnologia della compagnia fosse un cestino e buttò un sacco di spazzatura dentro, in qualche modo producendo gas metano. Quando il forno fu estratto dai rimasugli collassanti della cucina della compagnia, gli ingegneri hanno avuto l’idea di costruire un macchinario che fosse capace di produrre carburante per razzi durante il viaggio, utilizzando solo cose trovate per terra. Così il concetto di ISRU è nato, e lo stagista fu poi promosso a Manager Senior della produzione.","Der CV-TR04-Ressourcenumwandler entstand, nachdem ein Praktikant den Hightech-Pizzaofen des Unternehmens fälschlicherweise für einen Mülleimer hielt und versehentlich eine Ladung Müll hineinschaufelte – und irgendwie Methangas produzierte. Als der Ofen aus den zerfallenden Überresten der Firmenküche geborgen wurde, kamen die Ingenieure auf die Idee, eine Maschine zu bauen, die in der Lage ist, Raketenbrennstoff direkt vor Ort herzustellen – nur mit dem, was man im Boden findet. Das Konzept der ISRU war geboren, und der Praktikant wurde später zum Senior Produktions Manager befördert.","El convertidor de recursos CV-TR04 surgió de una confusión de uno de los pasantes después de que pensara que el horno de pizza de alta tecnología de la compañía era un basurero y, accidentalmente, introdujera grandes cantidades de basura en su interior, produciendo de algún modo gas metano. Cuando el horno fue rescatado de los restos en ruinas de la cocina de la empresa, los ingenieros tuvieron la idea de construir una máquina capaz de producir combustible para cohetes sobre la marcha, usando solo cosas encontradas en el suelo. El concepto de in-situ nació, y el pasante fue ascendido a Gerente Sénior de Producción.","The CV-TR04 Resource Converter came to be after an intern mistook the company’s high-tech pizza oven for a trash can and accidentally shoveled a load of garbage into it, somehow producing methane gas. When the oven was pulled from the crumbling remains of the company kitchen, the engineers got the idea of building a machine capable of producing rocket fuel on the fly, using nothing but stuff found in the ground. The concept of ISRU was born, and the intern was later promoted to Senior Production Manager.","The CV-TR04 Resource Converter came to be after an intern mistook the company’s high-tech pizza oven for a trash can and accidentally shoveled a load of garbage into it, somehow producing methane gas. When the oven was pulled from the crumbling remains of the company kitchen, the engineers got the idea of building a machine capable of producing rocket fuel on the fly, using nothing but stuff found in the ground. The concept of ISRU was born, and the intern was later promoted to Senior Production Manager.","Konwerter surowców CV-TR04 powstał po tym, jak stażysta pomylił zaawansowany technologicznie piec do pizzy z koszem na śmieci i przypadkowo wrzucił do niego garść odpadków, co w jakiś sposób doprowadziło do powstania metanu. Kiedy piec wyciągnięto z rozpadających się ruin firmowej kuchni, inżynierowie wpadli na pomysł skonstruowania maszyny zdolnej do natychmiastowego wytwarzania paliwa rakietowego, wykorzystującej wyłącznie surowce znalezione w ziemi. Tak narodziła się koncepcja ISRU, a stażysta został później awansowany na stanowisko starszego kierownika produkcji.","CV-TR04 стал результатом прорывной научной ошибки, когда стажёр перепутал высокотехнологичную пицца-печь компании с мусорным баком и загрузил в неё кучу отходов. Каким-то образом это произвело метан. Когда печь извлекли из руин корпоративной кухни, инженеры осознали: можно создать устройство, которое будет делать ракетное топливо буквально из чего угодно, что валяется под ногами. Так родилась концепция добычи и переработки сырья на месте, а стажёра повысили до старшего менеджера по производству.",CV-TR04资源转化器的诞生源于一件趣事：一名实习生把公司的高科技披萨烤箱误当成了垃圾桶，不小心往里面铲了一堆垃圾，结果不知怎的竟产生了甲烷气体。当这个烤箱从公司厨房的破败残骸中被拖出来时，工程师们萌生了一个想法——建造一台能即时生产火箭燃料的机器，而且仅需利用从地下找到的资源。资源就地采集利用（ISRU）的概念由此诞生，而那位实习生后来还晋升为了高级生产经理。,"O Conversor de Recursos CV-TR04 surgiu depois que um estagiário confundiu o forno de pizza de alta tecnologia da empresa com uma lixeira e, acidentalmente, despejou nele uma carga de lixo, gerando — de alguma forma — gás metano. Quando o forno foi retirado dos escombros da cozinha da empresa, os engenheiros tiveram a ideia de construir uma máquina capaz de produzir combustível de foguete em tempo real, utilizando apenas materiais encontrados no solo. Assim nasceu o conceito de ISRU, e o estagiário acabou sendo promovido a Gerente de Produção Sênior.","The CV-TR04 Resource Converter came to be after an intern mistook the company’s high-tech pizza oven for a trash can and accidentally shoveled a load of garbage into it, somehow producing methane gas. When the oven was pulled from the crumbling remains of the company kitchen, the engineers got the idea of building a machine capable of producing rocket fuel on the fly, using nothing but stuff found in the ground. The concept of ISRU was born, and the intern was later promoted to Senior Production Manager.","The CV-TR04 Resource Converter came to be after an intern mistook the company’s high-tech pizza oven for a trash can and accidentally shoveled a load of garbage into it, somehow producing methane gas. When the oven was pulled from the crumbling remains of the company kitchen, the engineers got the idea of building a machine capable of producing rocket fuel on the fly, using nothing but stuff found in the ground. The concept of ISRU was born, and the intern was later promoted to Senior Production Manager.","The CV-TR04 Resource Converter came to be after an intern mistook the company’s high-tech pizza oven for a trash can and accidentally shoveled a load of garbage into it, somehow producing methane gas. When the oven was pulled from the crumbling remains of the company kitchen, the engineers got the idea of building a machine capable of producing rocket fuel on the fly, using nothing but stuff found in the ground. The concept of ISRU was born, and the intern was later promoted to Senior Production Manager.","The CV-TR04 Resource Converter came to be after an intern mistook the company’s high-tech pizza oven for a trash can and accidentally shoveled a load of garbage into it, somehow producing methane gas. When the oven was pulled from the crumbling remains of the company kitchen, the engineers got the idea of building a machine capable of producing rocket fuel on the fly, using nothing but stuff found in the ground. The concept of ISRU was born, and the intern was later promoted to Senior Production Manager.","The CV-TR04 Resource Converter came to be after an intern mistook the company’s high-tech pizza oven for a trash can and accidentally shoveled a load of garbage into it, somehow producing methane gas. When the oven was pulled from the crumbling remains of the company kitchen, the engineers got the idea of building a machine capable of producing rocket fuel on the fly, using nothing but stuff found in the ground. The concept of ISRU was born, and the intern was later promoted to Senior Production Manager.",,Localized
Parts/Subtitle/scanner_1v_orbital,Text,,Orbital Resource Scanner,Scanner orbital de ressource,Scanner orbitale di risorse,Orbitaler Ressourcen Scanner,Escáner Orbital de Recursos,Orbital Resource Scanner,궤도 자원 스케너,Orbitalny Skaner Surowców,Орбитальный Сканер Ресурсов,轨道资源扫描仪,Escâner de Recursos Orbitais,Orbital Resource Scanner,Orbital Resource Scanner,Orbital Resource Scanner,Orbital Resource Scanner,Orbital Resource Scanner,,Localized
Parts/Title/radiator_2v_radial_fixed,Text,,TCS-200F,TCS-200F,TCS-200F,TCS-200F,TCS-200F,TCS-200F,TCS-200F,TCS-200F,TCS-200F,TCS-200F,Radiador Fixo TCS-200F,TCS-200F,TCS-200F,TCS-200F,TCS-200F,TCS-200F,,Localized
Parts/Subtitle/radiator_2v_radial_fixed,Text,,Fixed Radiator Panel,Panneau radiateur fixe,Pannello radiatore fisso,Festes Kühlpanel,Panel Radiador Fijo,Fixed Radiator Panel,고정형 방열 판넬,Stały panel radiatora,Неподвижная радиаторная панель,固定式散热板,Radiador em Painel Fixo,Fixed Radiator Panel,Fixed Radiator Panel,Fixed Radiator Panel,Fixed Radiator Panel,Fixed Radiator Panel,,Localized
Parts/Description/radiator_2v_radial_fixed,Text,,The TCS-200F is a side-mounted radiator panel designed to keep your important spacecraft parts nice and cool. Ideal for small local mining and fuel production operations.,Le TCS-200F est un panneau radiateur radial fait pour garder les parties importantes de votre vaisseau jolies et fraiches. Idéal pour de petites opérations de minage et de production de carburant.,Il TCS-200F è un pannello radiatore montato lateralmente progettato per mantenere le parti importanti nella tua nave fresche. Ideale per estrazione mineraria locale su piccola scale e operazioni di produzione carburante.,"Der TCS-200F ist ein seitlich montiertes Kühlerpaneel, das wichtige Raumfahrtteile schön kühl hält. Ideal für kleine lokale Bergbau- und Treibstoffproduktionsoperationen.",El TCS-200F es un radiador montado radialmente diseñado para mantener las piezas de tu nave frescas. Ideal para pequeñas operaciones mineras y de producción de combustible.,The TCS-200F is a side-mounted radiator panel designed to keep your important spacecraft parts nice and cool. Ideal for small local mining and fuel production operations.,The TCS-200F is a side-mounted radiator panel designed to keep your important spacecraft parts nice and cool. Ideal for small local mining and fuel production operations.,TCS-200F jest bocznym panelem radiacyjnym zaprojektowanym do utrzymania ważnych części twojego statku kosmicznego w przyjemnym chłodzie. Doskonały do małych lokalnych operacji kopalnianych i produkcji paliwa.,"TCS-200F — это боковая радиаторная панель, созданная для поддержания оптимальной температуры ключевых компонентов вашего космического аппарата. Идеальное решение для локальных добывающих операций малого масштаба и производства топлива в ограниченных условиях",TCS-200F是一款侧装式散热板，旨在让航天器的重要部件保持良好的冷却状态。它非常适合小型采矿和燃料生产作业。,"O TCS-200F é um painel radiador lateral feito para manter as partes importantes da sua nave suave na... bem, nave. Ideal para pequenas operações de mineração e produção de combustível.",The TCS-200F is a side-mounted radiator panel designed to keep your important spacecraft parts nice and cool. Ideal for small local mining and fuel production operations.,The TCS-200F is a side-mounted radiator panel designed to keep your important spacecraft parts nice and cool. Ideal for small local mining and fuel production operations.,The TCS-200F is a side-mounted radiator panel designed to keep your important spacecraft parts nice and cool. Ideal for small local mining and fuel production operations.,The TCS-200F is a side-mounted radiator panel designed to keep your important spacecraft parts nice and cool. Ideal for small local mining and fuel production operations.,The TCS-200F is a side-mounted radiator panel designed to keep your important spacecraft parts nice and cool. Ideal for small local mining and fuel production operations.,,Localized
Parts/Subtitle/container_1v_radial_liquids,Text,,Small Radial Liquids Container,Petit réservoir à liquide radial,Contenitore per liquidi radiale piccola,Kleiner radialer Flüssigkeitstank,Contenedor de Líquidos Radial Pequeño,Small Radial Liquids Container,소형 방사형 액체 컨테이너,Mały obwodowy zbiornik na ciecze,Малый Радиальный Жидкостный Контейнер,小型径向液体容器,Contêiner Radial de Líquidos Pequeno,Small Radial Liquids Container,Small Radial Liquids Container,Small Radial Liquids Container,Small Radial Liquids Container,Small Radial Liquids Container,,Localized
Parts/Subtitle/container_2v_inline_liquids,Text,,Medium Inline Liquids Container,Réservoir linéaire à liquide de taille moyenne,Contenitore per liquidi media in linea,Mittlerer Inlinien-Flüssigkeitstank,Contenedor de Líquidos En Línea Mediano,Medium Inline Liquids Container,중형 인라인 액체 컨테이너,Średni osiowy zbiornik na ciecze,Средний Встроенный Жидкостный Контейнер,中型轴向液体容器,Contêiner Médio de Líquidos em Linha,Medium Inline Liquids Container,Medium Inline Liquids Container,Medium Inline Liquids Container,Medium Inline Liquids Container,Medium Inline Liquids Container,,Localized
Parts/Manufacturer/container_1v_radial_liquids,Text,,Shallow Stone Interstellar Ltd.,Gravier Interstellaire & Co.,Shallow Stone Interstellar Ltd.,Shallow Stone Interstellar Ltd.,Shallow Stone Interstellar Ltd.,Shallow Stone Interstellar Ltd.,쉘로우 스톤 인터스텔라 유한회사,Shallow Stone Interstellar Ltd.,Галька Интерстеллар Ко.,浅石星际有限公司,Lapidação Rasa Interestelar Ltda.,Shallow Stone Interstellar Ltd.,Shallow Stone Interstellar Ltd.,Shallow Stone Interstellar Ltd.,Shallow Stone Interstellar Ltd.,Shallow Stone Interstellar Ltd.,,Localized
Parts/Manufacturer/container_2v_inline_liquids,Text,,Shallow Stone Interstellar Ltd.,Gravier Interstellaire & Co.,Shallow Stone Interstellar Ltd.,Shallow Stone Interstellar Ltd.,Shallow Stone Interstellar Ltd.,Shallow Stone Interstellar Ltd.,쉘로우 스톤 인터스텔라 유한회사,Shallow Stone Interstellar Ltd.,Галька Интерстеллар Ко.,浅石星际有限公司,Lapidação Rasa Interestelar Ltda.,Shallow Stone Interstellar Ltd.,Shallow Stone Interstellar Ltd.,Shallow Stone Interstellar Ltd.,Shallow Stone Interstellar Ltd.,Shallow Stone Interstellar Ltd.,,Localized
Parts/Description/container_1v_radial_liquids,Text,,The C-L-700R isn’t like all the other tanks. It stores liquid resources instead of fuels!,Le C-L-700R n'est pas comme les autres réservoirs. Il stocke des ressources liquides au lieu de carburants !,Il C-L-700R non è come gli altri serbatoi. Stocca risorse liquide al posto del carburante!,Der C-L-700R ist nicht wie alle anderen Tanks. Er speichert flüssige Ressourcen statt Treibstoffe!,El C-L-700R no es como los demás tanques. ¡Almacena recursos líquidos en vez de combustible!,The C-L-700R isn’t like all the other tanks. It stores liquid resources instead of fuels!,The C-L-700R isn’t like all the other tanks. It stores liquid resources instead of fuels!,C-L-700R nie jest jak inne zbiorniki. Przechowuje płynne surowce zamiast paliw!,"C-L-700R — не просто очередной бак. Он предназначен для хранения жидких ресурсов, а не топлива!",C-L-700R不像其他所有的储罐，它储存的是液体资源，而不是燃料！,"O C-L-700R não é como todos os outros tanques. Ele armazena recursos líquidos ao invés de combustíveis, são usos muito diferentes tá!",The C-L-700R isn’t like all the other tanks. It stores liquid resources instead of fuels!,The C-L-700R isn’t like all the other tanks. It stores liquid resources instead of fuels!,The C-L-700R isn’t like all the other tanks. It stores liquid resources instead of fuels!,The C-L-700R isn’t like all the other tanks. It stores liquid resources instead of fuels!,The C-L-700R isn’t like all the other tanks. It stores liquid resources instead of fuels!,,Localized
Parts/Subtitle/container_1v_radial_solids,Text,,Small Radial Solids Container,Petit réservoir à solide radial,Contenitore per solidi radiale piccolo,Kleiner radialer Feststoffbehälter,Contenedor de Sólidos Radial Pequeño,Small Radial Solids Container,소형 방사형 고체 컨테이너,Mały obwodowy zbiornik na substancje stałe,Малый радиальный контейнер для твёрдых материалов,小型径向固体容器,Contêiner de Sólidos Radial Pequeno,Small Radial Solids Container,Small Radial Solids Container,Small Radial Solids Container,Small Radial Solids Container,Small Radial Solids Container,,Localized
Parts/Manufacturer/container_1v_radial_solids,Text,,Shallow Stone Interstellar Ltd.,Gravier Interstellaire & Co.,Shallow Stone Interstellar Ltd.,Shallow Stone Interstellar Ltd.,Shallow Stone Interstellar Ltd.,Shallow Stone Interstellar Ltd.,쉘로우 스톤 인터스텔라 유한회사,Shallow Stone Interstellar Ltd.,Галька Интерстеллар Ко.,浅石星际有限公司,Lapidação Rasa Interestelar Ltda.,Shallow Stone Interstellar Ltd.,Shallow Stone Interstellar Ltd.,Shallow Stone Interstellar Ltd.,Shallow Stone Interstellar Ltd.,Shallow Stone Interstellar Ltd.,,Localized
Parts/Description/radiator_2v_radial_1x8,Text,,"The TCS-400X removes twice as much heat as the TCS-200F, and is double the fun! This radiator can be stowed, making it a good pick for spacecrafts, small space stations and probes. With a few of these on your vessel, any ISRU operation you run should be smooth-sailing and explosion-free!","Le TCS-400X évacue deux fois plus de chaleur que le TCS-200F, et est deux fois plus fun ! Ce radiateur peut être replié, ce qui en fait un bon choix pour des vaisseaux, des petites stations spatiales ou des sondes. Avec quelques uns sur votre vaisseaux, n'importe quelle mission d'exploitation devrait se dérouler sans encombres et sans explosions !","Il TCS-400X rimuove il doppio del calore del TCS-200F, e anche il divertimento è doppio! Questo radiatore può essere ripiegato, rendendolo una buona scelta per le navette spaziali, piccole stazioni spaziali e sonde. Con un po’ di questi sul tuo veicolo, qualsiasi operazione di ISRU dovrebbe essere liscia come l’olio e senza esplosioni!","Der TCS-400X leitet doppelt so viel Wärme ab wie der TCS-200F und macht doppelt so viel Spaß! Dieser Kühler lässt sich verstauen, was ihn zur perfekten Wahl für Raumfahrzeuge, kleine Raumstationen und Sonden macht. Mit ein paar davon an Bord läuft jede ISRU-Operation glatt und explosionsfrei!","El TCS-400X disipa el doble de calor que el TCS-200F, ¡y es el doble de divertido! Este radiador es desplegable, convirtiéndolo en una gran opción para naves, estaciones espaciales pequeñas y sondas. Con unos pocos en tu vehículo, cualquier operación in-situ debería ir sobre ruedas y estar libre de explosiones.","The TCS-400X removes twice as much heat as the TCS-200F, and is double the fun! This radiator can be stowed, making it a good pick for spacecrafts, small space stations and probes. With a few of these on your vessel, any ISRU operation you run should be smooth-sailing and explosion-free!","The TCS-400X removes twice as much heat as the TCS-200F, and is double the fun! This radiator can be stowed, making it a good pick for spacecrafts, small space stations and probes. With a few of these on your vessel, any ISRU operation you run should be smooth-sailing and explosion-free!","TCS-400X odprowadza dwa razy więcej ciepła niż TCS-200F i zapewnia podwójną dawkę frajdy! Radiator ten można złożyć, co czyni go doskonałym wyborem dla statków kosmicznych, małych stacji kosmicznych i sond. Jeśli zamontujesz kilka takich urządzeń na swoim statku, każda operacja ISRU przebiegnie bez zakłóceń i bez ryzyka wybuchu!","TCS-400X отводит в два раза больше тепла, чем TCS-200F, и вдвое увеличивает удовольствие от процесса! Этот радиатор обладает складывающейся конструкцией, что делает его отличным выбором для космических аппаратов, малых орбитальных станций, исследовательских зондов. Установите несколько таких панелей на ваш корабль - и любые операции по добыче ресурсов (ISRU) будут проходить гладко, без перегревов и взрывов!",TCS-400X的散热能力是TCS-200F的两倍，乐趣也翻倍哦！这款散热器可折叠收纳，是航天器、小型空间站和探测器的理想之选。只要你的飞船上装几个这种散热器，你进行的任何ISRU任务都能一帆风顺，绝不会发生爆炸！,"O TCS-400X remove o dobro do calor do TCS-200F, e também é legal em dobro! Esse radiador pode ser retraído, fazendo com que seja uma excelente escolha para Naves, Pequenas Estações Espaciais e Sondas. Com apenas alguns desses no seu veiculo, qualquer operação U.R.I.S que você quiser realizar será tranquila e livre de explosões!","The TCS-400X removes twice as much heat as the TCS-200F, and is double the fun! This radiator can be stowed, making it a good pick for spacecrafts, small space stations and probes. With a few of these on your vessel, any ISRU operation you run should be smooth-sailing and explosion-free!","The TCS-400X removes twice as much heat as the TCS-200F, and is double the fun! This radiator can be stowed, making it a good pick for spacecrafts, small space stations and probes. With a few of these on your vessel, any ISRU operation you run should be smooth-sailing and explosion-free!","The TCS-400X removes twice as much heat as the TCS-200F, and is double the fun! This radiator can be stowed, making it a good pick for spacecrafts, small space stations and probes. With a few of these on your vessel, any ISRU operation you run should be smooth-sailing and explosion-free!","The TCS-400X removes twice as much heat as the TCS-200F, and is double the fun! This radiator can be stowed, making it a good pick for spacecrafts, small space stations and probes. With a few of these on your vessel, any ISRU operation you run should be smooth-sailing and explosion-free!","The TCS-400X removes twice as much heat as the TCS-200F, and is double the fun! This radiator can be stowed, making it a good pick for spacecrafts, small space stations and probes. With a few of these on your vessel, any ISRU operation you run should be smooth-sailing and explosion-free!",,Localized
Parts/Title/scanner_1v_orbital,Text,,GPR-10 Orbital Scanner,Scanner orbital GPR-10,Scanner Orbitale GPR-10,GPR-10 Orbitaler Scanner,GPR-10 Escáner Orbital,GPR-10 Orbital Scanner,GPR-10 궤도 스케너,GPR-10 Skaner Orbitalny,GPR-10 Орбитальный Сканер,GPR-10轨道扫描仪,Escâner Orbital GPR-10,GPR-10 Orbital Scanner,GPR-10 Orbital Scanner,GPR-10 Orbital Scanner,GPR-10 Orbital Scanner,GPR-10 Orbital Scanner,,Localized
Parts/Description/container_2v_inline_liquids,Text,,"The C-L-7000 is a sleek inline tank that lets you haul your liquids around in style. From your soda to your cryogenics, this specialized tank will keep all liquids cool and liquid-y until the end of time.","Le C-L-7000 est un élégant réservoir linéaire qui vous laisse transporter vos liquides avec style. De votre soda à vos carburants cryogéniques, ce réservoir spécialisé gardera n'importe quel liquide froid et liquide jusqu'à la fin des temps.","Il C-L-7000 è uno stiloso contenitore in linea che ti permette di trasportare i tuoi liquidi in giro con stile. Dalla soda ai criogenici, questo contenitore specializzato terrà tutti i liquidi freschi e liquefatti fino alla fine dei tempi.","Der C-L-7000 ist ein eleganter Inlinien-Tank, mit dem du deine Flüssigkeiten stilvoll transportieren kannst. Von deinem Soda bis zu deinen Kryogenika – dieser spezialisierte Tank hält alle Flüssigkeiten kühl und flüssig bis in alle Ewigkeit.","El C-L-7000 es un elegante depósito en línea que te permite transportar tus líquidos con estilo. Desde soda hasta combustibles criogénicos, este tanque especializado conservará tus líquidos frescos y bien licuados hasta el fin de los tiempos.","The C-L-7000 is a sleek inline tank that lets you haul your liquids around in style. From your soda to your cryogenics, this specialized tank will keep all liquids cool and liquid-y until the end of time.","The C-L-7000 is a sleek inline tank that lets you haul your liquids around in style. From your soda to your cryogenics, this specialized tank will keep all liquids cool and liquid-y until the end of time.","C-L-7000 to elegancki zbiornik szeregowy, który pozwala przewozić płyny w stylowy sposób. Niezależnie od tego, czy chodzi o napoje gazowane, czy substancje kriogeniczne, ten specjalistyczny zbiornik zapewni, że wszystkie płyny pozostaną chłodne i w płynnej postaci aż do końca świata.","C-L-7000 — это обтекаемый встроенный бак, позволяющий перевозить жидкости со стилем. От вашей газировки до криогенных составов — этот специализированный резервуар будет сохранять все жидкости охлаждёнными и жидкими до скончания веков.",C-L-7000是一款造型流畅的轴向储罐，能让你时尚地运输各种液体。从苏打水到低温液化气体，这款专用储罐能让所有液体始终保持凉爽并维持液态，直至永远！,"O C-L-7000 é um tanque em linha elegante que te possibilita levar seus líquidos favoritos com estilo. Desde a sua Coquinha gelada até os criogênicos dignos do voo espacial de ponta, esse tanque especializado garante manter todos eles gélidos e... bem, líquidos, até o fim dos tempos.","The C-L-7000 is a sleek inline tank that lets you haul your liquids around in style. From your soda to your cryogenics, this specialized tank will keep all liquids cool and liquid-y until the end of time.","The C-L-7000 is a sleek inline tank that lets you haul your liquids around in style. From your soda to your cryogenics, this specialized tank will keep all liquids cool and liquid-y until the end of time.","The C-L-7000 is a sleek inline tank that lets you haul your liquids around in style. From your soda to your cryogenics, this specialized tank will keep all liquids cool and liquid-y until the end of time.","The C-L-7000 is a sleek inline tank that lets you haul your liquids around in style. From your soda to your cryogenics, this specialized tank will keep all liquids cool and liquid-y until the end of time.","The C-L-7000 is a sleek inline tank that lets you haul your liquids around in style. From your soda to your cryogenics, this specialized tank will keep all liquids cool and liquid-y until the end of time.",,Localized
Parts/Title/engine_1.5v_methalox_bobcat,Text,,LV-TX87 “Bobcat”,"LV-TX87 ""Lynx""",LV-TX87 “Bobcat”,"LV-TX87 ""Bobcat""",LV-TX87 “Bobcat”,LV-TX87 “Bobcat”,LV-TX87 “밥캣”,LV-TX87 “Ryś”,LV-TX87 “Рысь”,LV-TX87“山猫”,LV-TX87 “Lince”,LV-TX87 “Bobcat”,LV-TX87 “Bobcat”,LV-TX87 “Bobcat”,LV-TX87 “Bobcat”,LV-TX87 “Bobcat”,,Localized
Parts/Subtitle/adapter_1.5v_methalox_1v-1.5v,Text,,Small to Small+ Methalox Fueled Adapter,Réservoir adaptateur petit à petit+,Adattatore methalox da S a S+,Klein-auf-Klein+-Adapter (mit Methalox getankt),Pequeño a Pequeño+ Adaptador de combustible Metalox,Small to Small+ Methalox Fueled Adapter,소형-소형+ 메탈록스 연료 어댑터,"Adapter do paliwa Metaloksowego, rozmiar od małego do małego+",Металоксовый переходник Малый — Малый+,小对中小氧基燃料转接器,Tanque Adaptador de Sm para Sm+,Small to Small+ Methalox Fueled Adapter,Small to Small+ Methalox Fueled Adapter,Small to Small+ Methalox Fueled Adapter,Small to Small+ Methalox Fueled Adapter,Small to Small+ Methalox Fueled Adapter,,Localized
Parts/Subtitle/fueltank_1.5v_inline_methalox_s2,Text,,Methalox Fuel Tank,Réservoir de méthalox,Serbatoio di carburante methalox,Methalox-Treibstofftank,Depósito de combustible de Metalox,Methalox Fuel Tank,메탈록스 연료탱크,Zbiornik metaloksu,Металоксовый топливный бак,液氧甲烷燃料箱,Tanque de Combustível Methalox,Methalox Fuel Tank,Methalox Fuel Tank,Methalox Fuel Tank,Methalox Fuel Tank,Methalox Fuel Tank,,Localized
Parts/Title/engine_1.5v_methalox_cheetah,Text,,LV-TX91 “Cheetah”,"LV-TX91 ""Guépard""",LV-TX91 “Ghepardo”,LV-TX91 “Cheetah”,LV-TX91 “Cheetah”,LV-TX91 “Cheetah”,LV-TX91 “치타”,LV-TX91 “Gepard”,LV-TX91 “Гепард”,LV-TX91“猎豹”,LV-TX91 “Guepardo”,LV-TX91 “Cheetah”,LV-TX91 “Cheetah”,LV-TX91 “Cheetah”,LV-TX91 “Cheetah”,LV-TX91 “Cheetah”,,Localized
Parts/Subtitle/adapter_2v_methalox_1.5v-2v,Text,,Small+ to Medium Methalox Fueled Adapter,Adaptateur petit+ à moyen rempli de méthalox,Adattatore methalox da S+ a M,Klein+-auf-Mittel-Adapter (mit Methalox aufgetankt),Pequeño+ a Mediano Adaptador de combustible Metalox,Small+ to Medium Methalox Fueled Adapter,소형+-중형 메탈록스 연료 어댑터,Adapter do paliwa Metaloksowego dla małych+ i średnich urządzeń,Металоксовый переходник Малый+ — Средний,中小对中甲氧基燃料转接器,Tanque Adaptador de Sm+ para M,Small+ to Medium Methalox Fueled Adapter,Small+ to Medium Methalox Fueled Adapter,Small+ to Medium Methalox Fueled Adapter,Small+ to Medium Methalox Fueled Adapter,Small+ to Medium Methalox Fueled Adapter,,Localized
Parts/Subtitle/engine_1.5v_methalox_cheetah,Text,,Orbital Methalox Engine,Moteur orbital au méthalox,Motore methalox orbitale,Methalox-Orbitaltriebwerk,Motor Orbital de Metalox,Orbital Methalox Engine,궤도 메탈록스 로켓엔진,Metaloksowy Silnik Orbitalny,Орбитальный металоксовый двигатель,液氧甲烷轨道引擎,Motor Orbital a Methalox,Orbital Methalox Engine,Orbital Methalox Engine,Orbital Methalox Engine,Orbital Methalox Engine,Orbital Methalox Engine,,Localized
Parts/Subtitle/engine_1.5v_methalox_bobcat,Text,,Sustainer Methalox Engine,Moteur de croisière au méthalox,Motore methalox di sostenimento,Methalox-Marschtriebwerk,Motor de Lanzamiento/Sustentador Metalox,Sustainer Methalox Engine,런처/서스테이너 메탈록스 엔진,Silnik Metaloksowy typu starterowo-podtrzymującego,Двигатель Поддержки на Металоксе,液氧甲烷续航引擎,Motor de Sustentação a Methalox,Sustainer Methalox Engine,Sustainer Methalox Engine,Sustainer Methalox Engine,Sustainer Methalox Engine,Sustainer Methalox Engine,,Localized
Parts/Title/adapter_1.5v_methalox_1v-1.5v,Text,,FL-A300,FL-A300,FL-A300,FL-A300,FL-A300,FL-A300,FL-A300,FL-A300,FL-A300,FL-A300,Adaptador FL-A300,FL-A300,FL-A300,FL-A300,FL-A300,FL-A300,,Localized
Parts/Subtitle/fueltank_1.5v_inline_methalox_s4,Text,,Methalox Fuel Tank,Réservoir de méthalox,Serbatoio di carburante methalox,Methalox-Treibstofftank,Depósito de combustible de Metalox,Methalox Fuel Tank,메탈록스 연료탱크,Zbiornik metaloksu,Металоксовый топливный бак,液氧甲烷燃料箱,Tanque de Combustível Methalox,Methalox Fuel Tank,Methalox Fuel Tank,Methalox Fuel Tank,Methalox Fuel Tank,Methalox Fuel Tank,,Localized
Parts/Subtitle/fueltank_1.5v_inline_methalox_s1,Text,,Methalox Fuel Tank,Réservoir de méthalox,Serbatoio di carburante methalox,Methalox-Treibstofftank,Depósito de combustible de Metalox,Methalox Fuel Tank,메탈록스 연료탱크,Zbiornik metaloksu,Металоксовый топливный бак,液氧甲烷燃料箱,Tanque de Combustível Methalox,Methalox Fuel Tank,Methalox Fuel Tank,Methalox Fuel Tank,Methalox Fuel Tank,Methalox Fuel Tank,,Localized
Parts/Subtitle/fueltank_1.5v_inline_methalox_s3,Text,,Methalox Fuel Tank,Réservoir de méthalox,Serbatoio di carburante methalox,Methalox-Treibstofftank,Depósito de combustible de Metalox,Methalox Fuel Tank,메탈록스 연료탱크,Zbiornik metaloksu,Металоксовый топливный бак,液氧甲烷燃料箱,Tanque de Combustível Methalox,Methalox Fuel Tank,Methalox Fuel Tank,Methalox Fuel Tank,Methalox Fuel Tank,Methalox Fuel Tank,,Localized
Parts/Title/adapter_2v_methalox_1.5v-2v,Text,,ADTP-1.5-2,"ADTP-1,5-2",ADPT-1.5-2,ADTP-1.5-2,ADTP-1.5-2,ADTP-1.5-2,ADTP-1.5-2,ADTP-1.5-2,ADTP-1.5-2,ADTP-1.5-2,Tanque Adaptador ADTP-1.5-2,ADTP-1.5-2,ADTP-1.5-2,ADTP-1.5-2,ADTP-1.5-2,ADTP-1.5-2,,Localized
Parts/Subtitle/adapter_2v_methalox_1.5v-2v_long,Text,,Small+ to Medium Methalox Fueled Long Adapter,Adaptateur long petit+ à moyen rempli de méthalox,Adattatore lungo Metalox da S+ a M,"Klein+-auf-Medium-Adapter (lang, mit Methalox aufgetankt)",Pequeño+ a Mediano Adaptador de combustible largo Metalox,Small+ to Medium Methalox Fueled Long Adapter,소형+-중형 메탈록 연료 연장 어댑터,"Długi adapter do paliwa Metaloksowego, rozmiar mały+ i średni",Длинный металоксовый адаптер с Малого+ на Средний,中小对中甲氧基燃料加长转接器,Tanque Adaptador Longo de Sm+ para M,Small+ to Medium Methalox Fueled Long Adapter,Small+ to Medium Methalox Fueled Long Adapter,Small+ to Medium Methalox Fueled Long Adapter,Small+ to Medium Methalox Fueled Long Adapter,Small+ to Medium Methalox Fueled Long Adapter,,Localized
Parts/Subtitle/engine_1.5v_methalox_descant,Text,,Deep Space Methalox Engine,Moteur à méthalox pour espace profond,Motore Methalox per lo Spazio Profondo,Tiefenraum-Methalox-Triebwerk,Motor Metalox de espacio profundo,Deep Space Methalox Engine,심우주 메탈록스 엔진,Silnik Methalox do lotów w przestrzeni kosmicznej,Металоксовый двигатель для дальнего космоса,液氧甲烷深空引擎,Motor Methalox de Espaço Profundo,Deep Space Methalox Engine,Deep Space Methalox Engine,Deep Space Methalox Engine,Deep Space Methalox Engine,Deep Space Methalox Engine,,Localized
Parts/Description/engine_1.5v_methalox_descant,Text,,"The LV-1500 ""Descant"" is the result of a bored engineer at Jeb's Junkyard wondering, 'what if Cornet, but bigger?' This relatively small but efficient engine is perfect for pushing space crafts into deep space. Warranty void if used outside of Low Kerbin Orbit.","Le LV-1500 ""Déchant"" est le résultat du travail d'un ingénieur qui s'ennuyait à la Décharge Jeb et qui se demandait ""Et pourquoi pas un Cornet, mais en plus gros ?"". Ce moteur relativement petit mais efficient est parfait pour pousser des vaisseaux spatiaux dans l'espace profond. Garantie annulée en cas d'utilisation en orbite basse de Kerbin.","L'LV-1500 'Controcanto' è il risultato delle elucubrazioni di un ingegnere annoiato della Discarica di Jeb, che si è chiesto: 'E se facessimo un Cornetta, ma più grande?'. Questo motore, relativamente piccolo ma efficiente, è perfetto per spingere i veicoli spaziali nello spazio profondo. La garanzia decade se utilizzato al di fuori dell'orbita bassa di Kerbin.","Der LV-1500 „Descant“ ist das Werk eines gelangweilten Technikers bei Jeb's Junkyard, der sich wunderte: ""Was wenn Cornet, aber größer?"". Dieses relativ kleine, aber effiziente Triebwerk ist perfekt dafür gedacht, Raumschiffe in den interplanetaren Raum zu fliegen. Garantie erlischt, sobald es außerhalb der niedrigen Kerbin-Umlaufbahn benutzt wird.","El LV-1500 ""Descant"" es el resultado de un ingeniero aburrido de Jeb's Junkyard preguntándose, ""¿y si hacemos el corneta, pero más grande?"" Este relativamente pequeño pero eficiente motor es perfecto para empujar naves a lo profundo del espacio. La garantía queda anulada si se usa fuera de la órbita baja de Kerbin.","The LV-1500 ""Descant"" is the result of a bored engineer at Jeb's Junkyard wondering, 'what if Cornet, but bigger?' This relatively small but efficient engine is perfect for pushing space crafts into deep space. Warranty void if used outside of Low Kerbin Orbit.","The LV-1500 ""Descant"" is the result of a bored engineer at Jeb's Junkyard wondering, 'what if Cornet, but bigger?' This relatively small but efficient engine is perfect for pushing space crafts into deep space. Warranty void if used outside of Low Kerbin Orbit.","Model LV-1500 „Descant” powstał, gdy znudzony inżynier ze złomowiska Jeb's Junkyard zadał sobie pytanie: „A co by było, gdyby Cornet był większy?”. Ten stosunkowo niewielki, ale wydajny silnik idealnie nadaje się do wysyłania statków kosmicznych w głęboki kosmos. Gwarancja traci ważność w przypadku użytkowania poza niską orbitą Kerbina.","LV-1500 «Дескант» появился после того, как заскучавший инженер из «СвалКО» задался вопросом: «А что если сделать «Корнет», но побольше?» Этот компактный, но эффективный двигатель идеально подходит для отправки аппаратов в дальний космос. Гарантия аннулируется при использовании за пределами низкой орбиты Кербина.",LV-1500“高音”是jeb的废品回收公司一位百无聊赖的工程师突发奇想的产物：“要是把短号做大一点会怎样？”这台相对小巧但高效的引擎非常适合将航天器推向深空。如果不在Kerbin低轨道使用，则保修失效。,"O LV-1500 ""Descant"" é o resultado de um engenheiro entediado do Ferro Velho do Jeb se perguntando, 'e se a gente pegar o Corneta, e fazer ele maior?' esse motor relativamente pequeno, mas eficiente , é perfeito para empurrar espaçonaves até o espaço profundo. Garantia anulada se ele for usado fora da orbita baixa de Kerbin.","The LV-1500 ""Descant"" is the result of a bored engineer at Jeb's Junkyard wondering, 'what if Cornet, but bigger?' This relatively small but efficient engine is perfect for pushing space crafts into deep space. Warranty void if used outside of Low Kerbin Orbit.","The LV-1500 ""Descant"" is the result of a bored engineer at Jeb's Junkyard wondering, 'what if Cornet, but bigger?' This relatively small but efficient engine is perfect for pushing space crafts into deep space. Warranty void if used outside of Low Kerbin Orbit.","The LV-1500 ""Descant"" is the result of a bored engineer at Jeb's Junkyard wondering, 'what if Cornet, but bigger?' This relatively small but efficient engine is perfect for pushing space crafts into deep space. Warranty void if used outside of Low Kerbin Orbit.","The LV-1500 ""Descant"" is the result of a bored engineer at Jeb's Junkyard wondering, 'what if Cornet, but bigger?' This relatively small but efficient engine is perfect for pushing space crafts into deep space. Warranty void if used outside of Low Kerbin Orbit.","The LV-1500 ""Descant"" is the result of a bored engineer at Jeb's Junkyard wondering, 'what if Cornet, but bigger?' This relatively small but efficient engine is perfect for pushing space crafts into deep space. Warranty void if used outside of Low Kerbin Orbit.",,Localized
Parts/Subtitle/decoupler_1.5v_inline,Text,,Stack Decoupler,Découpleur vertical,Disaccoppiatore in Linea,Stapel-Entkoppler,Desacoplador de etapa,Stack Decoupler,직렬 디커플러,Rozdzielacz członów,Поперечный отделитель,分级分离器,Desacoplador de Estágios,Stack Decoupler,Stack Decoupler,Stack Decoupler,Stack Decoupler,Stack Decoupler,,Localized
Parts/Manufacturer/decoupler_1.5v_inline,Text,,O.M.B. Demolition Enterprises,Société de Démolition O.M.B,Gruppo Demolizioni O.M.B.,O.M.B. Demolition Enterprises,O.M.B. Demolition Enterprises,O.M.B. Demolition Enterprises,O.M.B. 철거 엔터프라이즈,O.M.B. Przedsiębiorstwo Rozbiórkowe,Бомб Демонтаж Корп.,O.M.B.爆破企业,O.M.B. Empresa de Demolição,O.M.B. Demolition Enterprises,O.M.B. Demolition Enterprises,O.M.B. Demolition Enterprises,O.M.B. Demolition Enterprises,O.M.B. Demolition Enterprises,,Localized
Parts/Description/decoupler_1.5v_inline,Text,,"The TD-18 decoupler is the perfect in-between for the TD-12 and TD-25 decouplers! We were going to name it the TD-18.5 at first, because it's the exact middle of 12 and 25; but we realized TD-18.5 doesn't look very good.","Le découpleur TD-18 est le compromis idéal entre les découpleurs TD-12 et TD-25 ! Nous avions d'abord pensé l'appeler TD-18,5, parce que c'est la moitié de 12 et 25, mais nous avons réalisé que TD-18,5 n'était pas très esthétique.","Il disaccoppiatore TD-18 è la via di mezzo perfetta tra i modelli TD-12 e TD-25! All'inizio volevamo chiamarlo TD-18.5, dato che si trova esattamente nel mezzo tra 12 e 25; ma poi ci siamo resi conto che TD-18.5 non suonava molto bene.","Der TD-18-Entkoppler ist das perfekte Mittelmaß zwischen den TD-12 und TD-25 Entkopplern! Eigentlich wollten wir ihn zunächst TD-18.5 nennen, weil er genau in der Mitte von 12 und 25 ist, aber dann haben wir realisiert, dass TD-18.5 nicht besonders schön klingt.","¡El desacoplador TD-18 es el punto medio entre los desacopladores TD-12 y TD-25! Se iba a llamar TD-18.5, porque es justo la mitad de 12 y 25; pero nos dimos cuenta que TD-18.5 no suena muy bien.","The TD-18 decoupler is the perfect in-between for the TD-12 and TD-25 decouplers! We were going to name it the TD-18.5 at first, because it's the exact middle of 12 and 25; but we realized TD-18.5 doesn't look very good.","The TD-18 decoupler is the perfect in-between for the TD-12 and TD-25 decouplers! We were going to name it the TD-18.5 at first, because it's the exact middle of 12 and 25; but we realized TD-18.5 doesn't look very good.","Oddzielacz TD-18 to idealny kompromis między modelami TD-12 i TD-25! Początkowo chcieliśmy nazwać go TD-18.5, bo to dokładnie połowa odległości między 12 a 25, ale doszliśmy do wniosku, że nazwa TD-18.5 nie brzmi zbyt dobrze.","Разделитель TD-18 — это идеальный промежуточный вариант между моделями TD-12 и TD-25! Изначально мы хотели назвать его TD-18.5, поскольку это ровно середина между 12 и 25, но затем поняли, что название TD-18.5 выглядит не слишком удачно.",TD-18分离器是介于TD-12和TD-25分离器之间的完美中间产品！我们一开始想把它命名为TD-18.5，因为它恰好在12和25的正中间。但我们发现TD-18.5看起来不太顺眼。,O desacoplador TD-18 é o meio termo perfeito entre o TD-12 e o TD-25! Nós íamos chamá-lo de TD-18.5 porque seria o ponto médio perfeito entre 12 e 25; mas a gente percebeu que TD-18.5 destoava de todos os outros nomes da linha TD e mudamos de ideia.,"The TD-18 decoupler is the perfect in-between for the TD-12 and TD-25 decouplers! We were going to name it the TD-18.5 at first, because it's the exact middle of 12 and 25; but we realized TD-18.5 doesn't look very good.","The TD-18 decoupler is the perfect in-between for the TD-12 and TD-25 decouplers! We were going to name it the TD-18.5 at first, because it's the exact middle of 12 and 25; but we realized TD-18.5 doesn't look very good.","The TD-18 decoupler is the perfect in-between for the TD-12 and TD-25 decouplers! We were going to name it the TD-18.5 at first, because it's the exact middle of 12 and 25; but we realized TD-18.5 doesn't look very good.","The TD-18 decoupler is the perfect in-between for the TD-12 and TD-25 decouplers! We were going to name it the TD-18.5 at first, because it's the exact middle of 12 and 25; but we realized TD-18.5 doesn't look very good.","The TD-18 decoupler is the perfect in-between for the TD-12 and TD-25 decouplers! We were going to name it the TD-18.5 at first, because it's the exact middle of 12 and 25; but we realized TD-18.5 doesn't look very good.",,Localized
Parts/Subtitle/separator_1.5v_inline,Text,,Stack Separator,Séparateur vertical,Separatore in Linea,Stapel-Seperator,Separador de etapa,Stack Separator,직렬 세퍼레이터,Separator członów,Пирокольцо,分级切分器,Separador de Estágios,Stack Separator,Stack Separator,Stack Separator,Stack Separator,Stack Separator,,Localized
Parts/Manufacturer/separator_1.5v_inline,Text,,O.M.B. Demolition Enterprises,Société de Démolition O.M.B,Gruppo Demolizioni O.M.B.,O.M.B. Demolition Enterprises,O.M.B. Demolition Enterprises,O.M.B. Demolition Enterprises,O.M.B. 철거 엔터프라이즈,O.M.B. Przedsiębiorstwo Rozbiórkowe,Бомб Демонтаж Корп.,O.M.B.爆破企业,O.M.B. Empresa de Demolição,O.M.B. Demolition Enterprises,O.M.B. Demolition Enterprises,O.M.B. Demolition Enterprises,O.M.B. Demolition Enterprises,O.M.B. Demolition Enterprises,,Localized
Parts/Subtitle/probe_1.5v_inline,Text,,Remote Guidance Unit,Unité de guidage à distance,Unita' di Guida Remota,Fernsteuerungseinheit,Unidad de guiado remoto,Remote Guidance Unit,원격 유도 유닛,Zdalny moduł sterujący,Блок удалённого управления,远程控制单元,Unidade de Controle Remoto,Remote Guidance Unit,Remote Guidance Unit,Remote Guidance Unit,Remote Guidance Unit,Remote Guidance Unit,,Localized
Parts/Manufacturer/probe_1.5v_inline,Text,,STEADLER Engineering Corps,Ingénierie STEADLER,Società Ingegneristica STEADLER,STEADLER Engineering Corps,STEADLER Engineering Corps,STEADLER Engineering Corps,스테들러 공병대,Korpus Inżynieryjny STEADLER,«БАЛАНС Инжиниринг»,STEADLER工程公司,Quadro de Engenharia STEADLER,STEADLER Engineering Corps,STEADLER Engineering Corps,STEADLER Engineering Corps,STEADLER Engineering Corps,STEADLER Engineering Corps,,Localized
Parts/Title/booster_0v_srb_mantis,Text,,"RT-1 ""Mantis""","RT-1 ""Mante""","RT-1 ""Mantide""",RT-1 „Mantis“,"RT-1 ""Mantis""","RT-1 ""Mantis""","RT-1 ""맨티스""",RT-1 „Modliszka”,RT-1 «Богомол»,RT-1“螳螂”,"RT-1 ""Louva-a-Deus""","RT-1 ""Mantis""","RT-1 ""Mantis""","RT-1 ""Mantis""","RT-1 ""Mantis""","RT-1 ""Mantis""",,Localized
Parts/Subtitle/booster_0v_srb_mantis,Text,,Solid Fuel Booster,Propulseur à ergol solide,Booster a Propellente Solido,Festtreibstoff-Booster,Acelerador de combustible sólido,Solid Fuel Booster,고체로켓부스터,Silnik pomocniczy na paliwo stałe,Твердотопливный ускоритель,固体燃料助推器,Booster de Combustível Sólido,Solid Fuel Booster,Solid Fuel Booster,Solid Fuel Booster,Solid Fuel Booster,Solid Fuel Booster,,Localized
Parts/Manufacturer/booster_0v_srb_mantis,Text,,Found Lying by the Side of the Road,Trouvé sur le bord de la route,Trovato sul ciglio della strada,Neben der Straße liegend gefunden,Encontrado tirado al lado de la carretera,Found Lying by the Side of the Road,길에서 줍줍한 보물,Znaleziony leżący na poboczu drogi,Нашли на обочине,从路边捡来的,Encontrado Atrás de uma Igreja Próxima ao CEK,Found Lying by the Side of the Road,Found Lying by the Side of the Road,Found Lying by the Side of the Road,Found Lying by the Side of the Road,Found Lying by the Side of the Road,,Localized
Parts/Title/booster_0v_srb_shrimp,Text,,"RT-2 ""Shrimp""","RT-2 ""Crevette""","RT-2 ""Gamberetto""",RT-2 „Shrimp“,"RT-2 ""Camarón""","RT-2 ""Shrimp""","RT-2 ""슈림프""",RT-2 „Krewetka”,RT-2 «Креветка»,RT-2“虾米”,"RT-2 ""Camarão""","RT-2 ""Shrimp""","RT-2 ""Shrimp""","RT-2 ""Shrimp""","RT-2 ""Shrimp""","RT-2 ""Shrimp""",,Localized
Parts/Subtitle/booster_0v_srb_shrimp,Text,,Solid Fuel Booster,Propulseur à ergol solide,Booster a Propellente Solido,Festtreibstoff-Booster,Acelerador de combustible sólido,Solid Fuel Booster,고체로켓부스터,Silnik pomocniczy na paliwo stałe,Твердотопливный ускоритель,固体燃料助推器,Booster de Combustível Sólido,Solid Fuel Booster,Solid Fuel Booster,Solid Fuel Booster,Solid Fuel Booster,Solid Fuel Booster,,Localized
Parts/Manufacturer/booster_0v_srb_shrimp,Text,,Found Lying by the Side of the Road,Trouvé sur le bord de la route,Trovato sul ciglio della strada,Neben der Straße liegend gefunden,Encontrado tirado al lado de la carretera,Found Lying by the Side of the Road,길에서 줍줍한 보물,Znaleziony leżący na poboczu drogi,Нашли на обочине,从路边捡来的,Encontrado Atrás de uma Igreja Próxima ao CEK,Found Lying by the Side of the Road,Found Lying by the Side of the Road,Found Lying by the Side of the Road,Found Lying by the Side of the Road,Found Lying by the Side of the Road,,Localized
Parts/Manufacturer/pod_1.5v_lander_crew,Text,,Sean's Cannery,Sean's Cannery,Conservificio Sean,Sean's Cannery,Sean's Cannery,Sean's Cannery,숀의 통조림 공장,Fabryka konserw Seana,АгроСпейс Инк.,Sean罐头厂,Enlatados do Sena,Sean's Cannery,Sean's Cannery,Sean's Cannery,Sean's Cannery,Sean's Cannery,,Localized
Parts/Subtitle/probe_1.5v_octogonal,Text,,Remote Guidance Unit,Module de guidage à distance,Unita' di Controllo Remoto,Fernsteuerungseinheit,Unidad de guiado remoto,Remote Guidance Unit,원격 유도 유닛,Moduł zdalnego sterowania,Блок удаленного управления,远程控制单元,Remote Guidance Unit,Remote Guidance Unit,Remote Guidance Unit,Remote Guidance Unit,Remote Guidance Unit,Remote Guidance Unit,,Localized
Parts/Subtitle/pod_1.5v_lander_crew,Text,,Two Seat Lander Can,Conserve d'atterrissage biplace,Modulo di Atterraggio a Due Posti,Zweisitz-Landebüchse,Módulo de aterrizaje de dos plazas,Two Seat Lander Can,2인승 착륙선,2-miejscowa kabina lądownik,Двухместный посадочный модуль,双座着陆舱,Capsula de Pouso com Dois Acentos,Two Seat Lander Can,Two Seat Lander Can,Two Seat Lander Can,Two Seat Lander Can,Two Seat Lander Can,,Localized
Parts/Title/sticker_0v,Text,,Sticker,Autocollant,Adesivo,Sticker,Pegatina,Sticker,스티커,Naklejka,Наклейка,贴花,Adesivo,Sticker,Sticker,Sticker,Sticker,Sticker,,Localized
Parts/Title/booster_1.5v_srb,Text,,"S1500 ""Quarterhorse""","S1500 ""Quarter Horse""","S1500 ""Quarterhorse""",S1500 „Quarterhorse“,"S1500 ""Quarterhorse""","S1500 ""Quarterhorse""","S1500 ""쿼터호스""",S1500 „Quarterhorse”,S1500 «Квотерхорс»,S1500“夸特马”,"S1500 ""Cavalo de Corrida""","S1500 ""Quarterhorse""","S1500 ""Quarterhorse""","S1500 ""Quarterhorse""","S1500 ""Quarterhorse""","S1500 ""Quarterhorse""",,Localized
Parts/Subtitle/sticker_0v,Text,,Decal Sticker,Décalcomanie,Decalcomania,Sticker,Pegatina decorativa,Decal Sticker,데칼 스티커,Naklejka,Наклейка-декаль,贴花贴纸,É um Adesivo,Decal Sticker,Decal Sticker,Decal Sticker,Decal Sticker,Decal Sticker,,Localized
Parts/Manufacturer/sticker_0v,Text,,Blunder Kifflin Paper Company,Compagnie de papier Blunder Kifflin,Cartiera Blunder Mifflin,Blunder Kifflin Paper Company,Compañía de papel Blunder Kifflin,Blunder Kifflin Paper Company,블런더 미플린 종이 회사,Przedsiębiorstwo papiernicze Blunder Kifflin,Бумажная компания «Бландер Киффлин»,Blunder Kifflin纸业公司,Gafe-Kaplin Companhias de Papel SA,Blunder Kifflin Paper Company,Blunder Kifflin Paper Company,Blunder Kifflin Paper Company,Blunder Kifflin Paper Company,Blunder Kifflin Paper Company,,Localized
Parts/Description/adapter_1.5v_methalox_1v-1.5v,Text,,"After the successes of Kerbodyne's adapters, Jeb's Junkyard has decided to throw their hat into the ring, and released the FL-A300. Warranty void if used to connect different sizes of parts.","Après les succès des adaptateurs Kerbodyne, la Décharge Jeb a décidé de se lancer aussi et a sortie le FL-A300. La garantie sera annulée si vous l'utilisez pour connecter des pièces de différentes tailles.","Dopo i successi degli adattatori della Kerbodyne, la Discarica di Jeb ha deciso di scendere in campo e ha lanciato l'FL-A300. La garanzia decade se utilizzato per collegare parti di dimensioni diverse.","Nach dem Erfolg der Adapter von Kerbodyne hat sich Jeb's Junkyard dazu enschieden, den eigenen Hut in den Ring zu werfen und hat den FL-A300 herausgebracht. Garantie erlischt wenn an verschiedene Bauteilgrößen angebracht.","Después del éxito de los adaptadores de Kerbodyne, Jeb's Junkyard ha decidido no quedarse atrás y sacar el FL-A300. La garantía queda anulada si se utiliza para unir piezas de distintos tamaños.","After the successes of Kerbodyne's adapters, Jeb's Junkyard has decided to throw their hat into the ring, and released the FL-A300. Warranty void if used to connect different sizes of parts.","After the successes of Kerbodyne's adapters, Jeb's Junkyard has decided to throw their hat into the ring, and released the FL-A300. Warranty void if used to connect different sizes of parts.",Po sukcesie adapterów firmy Kerbodyne firma Jeb's Junkyard postanowiła dołączyć do rywalizacji i wprowadziła na rynek model FL-A300. Gwarancja traci ważność w przypadku użycia do łączenia elementów o różnych rozmiarach.,"Поразившись успехам переходников «Кербодайн», компания «СвалКО» решила вступить в игру и выпустила свой FL-A300. Гарантия аннулируется при попытке стыковать детали разных размеров.",在坎巴拉动力的转接器大获成功之后，Jeb的废品回收公司也决定入局，推出了FL-A300。如果用于连接不同尺寸的部件，则保修失效。,"Após o sucesso dos adaptadores da Kerbodyne, o Ferro Velho do Jeb decidiu entrar no mercado com estilo, lançando assim o FL-A300. Garantia invalida se for utilizado para conectar peças de tamanhos diferentes.","After the successes of Kerbodyne's adapters, Jeb's Junkyard has decided to throw their hat into the ring, and released the FL-A300. Warranty void if used to connect different sizes of parts.","After the successes of Kerbodyne's adapters, Jeb's Junkyard has decided to throw their hat into the ring, and released the FL-A300. Warranty void if used to connect different sizes of parts.","After the successes of Kerbodyne's adapters, Jeb's Junkyard has decided to throw their hat into the ring, and released the FL-A300. Warranty void if used to connect different sizes of parts.","After the successes of Kerbodyne's adapters, Jeb's Junkyard has decided to throw their hat into the ring, and released the FL-A300. Warranty void if used to connect different sizes of parts.","After the successes of Kerbodyne's adapters, Jeb's Junkyard has decided to throw their hat into the ring, and released the FL-A300. Warranty void if used to connect different sizes of parts.",,Localized
Parts/Description/adapter_2v_methalox_1.5v-2v,Text,,"Kerbals have long since wondered if a part could connect two different sizes of fuel tanks. Kerbodyne has a solution. The ADTP-1.5-2 connects Small+ sized parts to Medium ones, and even comes with some fuel inside. Recommended for use in space, or as a skatepark ramp.","Les kerbals se sont toujours demandé si une pièce pouvait connecter deux tailles de réservoir différentes. Kerbodyne a la solution. Le ADTP-1,5-2 connecte les pièces petit+ aux pièces moyenne, et il a même du carburant à l'intérieur. Recommandé pour l'utilisation dans l'espace, ou comme rampe de skate.","I Kerbal si sono chiesti a lungo se un componente potesse collegare serbatoi di carburante di due dimensioni diverse. Kerbodyne ha la soluzione. L'ADTP-1.5-2 collega i componenti di dimensione Small+ a quelli Medium, e include persino un po' di carburante all'interno. Consigliato per l'uso nello spazio, o come rampa da skatepark.",Die Kerbals haben sich lange gefragt ob ein Bauteil zwei verschiedene Größen von Treibstofftanks kombinieren kann. Kerbodyne hat eine Lösung. Der ADTP-1.5-2 verbindet Klein+ Bauteile mit Medium Bauteilen und bringt sogar Raum für Treibstoff mit. Empfohlen für die Benutzung im Weltraum oder als Skateparkrampe.,"Desde hace mucho tiempo, los Kerbals se han preguntado si existiría una pieza capaz de unir dos tamaños de tanques de combustible. Kerbodyne llegó a una solución. El ADTP-1.5-2 conecta piezas tamaño Pequeño+ a Mediano, e incluso viene con algo de combustible en su interior. Recomendado para su uso en el espacio, o como rampa de skatepark.","Kerbals have long since wondered if a part could connect two different sizes of fuel tanks. Kerbodyne has a solution. The ADTP-1.5-2 connects Small+ sized parts to Medium ones, and even comes with some fuel inside. Recommended for use in space, or as a skatepark ramp.","Kerbals have long since wondered if a part could connect two different sizes of fuel tanks. Kerbodyne has a solution. The ADTP-1.5-2 connects Small+ sized parts to Medium ones, and even comes with some fuel inside. Recommended for use in space, or as a skatepark ramp.","Kerbale od dawna zastanawiali się, czy istnieje element łączący zbiorniki paliwa o dwóch różnych rozmiarach. Firma Kerbodyne ma na to rozwiązanie. Element ADTP-1.5-2 łączy części rozmiaru Small+ z częściami rozmiaru Medium, a do tego jest już częściowo napełniony paliwem. Zalecany do użytku w kosmosie lub jako rampa w skateparku.","Кербалы давно задавались вопросом, можно ли одной деталью стыковать баки разных размеров. И «Кербодайн» нашёл решение. ADTP-1.5-2 соединяет малые детали со средними и даже содержит внутри немного топлива. Рекомендуется к использованию в космосе или в качестве рампы для скейтпарка.",坎巴拉人早就想知道，有没有一种部件能够连接两种不同尺寸的燃料箱。坎巴拉动力给出了解决方案。ADTP-1.5-2 转接器可将中小尺寸部件连接到中尺寸部件，甚至内部还自带一些燃料。推荐在太空中使用，或者当作滑板公园的坡道。,"Os Kerbals, desde o principio, se perguntavam se uma parte jamais poderia realizar o feito de conectar dois tanques de combustível de tamanhos diferentes. A Kerbodyne tem a solução. O ADTP-1.5-2 conecta partes de tamanho Sm+ para outras de tamanho M, e ele até tem um pouco de combustível dentro pra não desperdiçar o espaço interno! Recomendado para uso aeroespacial, ou como pista de Skate.","Kerbals have long since wondered if a part could connect two different sizes of fuel tanks. Kerbodyne has a solution. The ADTP-1.5-2 connects Small+ sized parts to Medium ones, and even comes with some fuel inside. Recommended for use in space, or as a skatepark ramp.","Kerbals have long since wondered if a part could connect two different sizes of fuel tanks. Kerbodyne has a solution. The ADTP-1.5-2 connects Small+ sized parts to Medium ones, and even comes with some fuel inside. Recommended for use in space, or as a skatepark ramp.","Kerbals have long since wondered if a part could connect two different sizes of fuel tanks. Kerbodyne has a solution. The ADTP-1.5-2 connects Small+ sized parts to Medium ones, and even comes with some fuel inside. Recommended for use in space, or as a skatepark ramp.","Kerbals have long since wondered if a part could connect two different sizes of fuel tanks. Kerbodyne has a solution. The ADTP-1.5-2 connects Small+ sized parts to Medium ones, and even comes with some fuel inside. Recommended for use in space, or as a skatepark ramp.","Kerbals have long since wondered if a part could connect two different sizes of fuel tanks. Kerbodyne has a solution. The ADTP-1.5-2 connects Small+ sized parts to Medium ones, and even comes with some fuel inside. Recommended for use in space, or as a skatepark ramp.",,Localized
Parts/Description/adapter_2v_methalox_1.5v-2v_long,Text,,"The ADTP-1.5-2-L is filled to the brim with Methalox, and serves as a bridge between the Small+ and Medium parts. Developed by Kerbodyne, it is the result of the question: ""What if we made the ADTP-1.5-2 twice as long?""","Le ADTP-1,5-2-L et rempli à ras bord de méthalox et sert de pont entre le pièces petit+ et moyennes. Développé par Kerbodyne, il est le résultat de la question : ""Et si on rendait le ADTP-1,5-2 deux fois plus long ?"".","L'ADTP-1.5-2-L è pieno fino all'orlo di Metalox e funge da ponte tra i componenti Small+ e Medium. Sviluppato da Kerbodyne, è il risultato della domanda: ""E se facessimo l'ADTP-1.5-2 due volte più lungo?""","Der ADTP-1.5-2-L ist bis nach ganz oben mit Methalox vollgestopft und dient als Brücke zwischen Klein+ und Medium Bauteilen. Von Kerbodyne entwickelt ist des das Resultat der Frage: ""Was wären, wenn wir den ADTP-1.5-2 doppelt so lang machen?""","El ADTP-1.5-2-L está lleno hasta las trancas con combustible metalox, y sirve como puente entre piezas tamaño Pequeño+ y Mediano. Desarrollada por Kerbodyne es el resultado de preguntarse: ""¿Qué pasaría si hacemos el ADTP-1.5-2 el doble de largo?""","The ADTP-1.5-2-L is filled to the brim with Methalox, and serves as a bridge between the Small+ and Medium parts. Developed by Kerbodyne, it is the result of the question: ""What if we made the ADTP-1.5-2 twice as long?""","The ADTP-1.5-2-L is filled to the brim with Methalox, and serves as a bridge between the Small+ and Medium parts. Developed by Kerbodyne, it is the result of the question: ""What if we made the ADTP-1.5-2 twice as long?""","Model ADTP-1.5-2-L jest wypełniony po brzegi materiałem Methalox i stanowi pomost między częściami Small+ a Medium. Opracowany przez firmę Kerbodyne, jest odpowiedzią na pytanie: „A co by było, gdybyśmy wydłużyli model ADTP-1.5-2 dwukrotnie?”.","ADTP-1.5-2-L доверху забит металоксом и служит мостом между малыми и средними деталями. Разработанный «Кербодайн», он появился на свет как ответ на вопрос: «А что если сделать ADTP-1.5-2 вдвое длиннее?»",ADTP-1.5-2-L中注满了液氧甲烷，作为中小尺寸与中尺寸部件之间的桥梁。它由坎巴拉动力开发，最早源于这样一个问题：“要是我们把ADTP-1.5-2加长一倍会怎样？”,"O ADTP-1.5-2-L foi cheio até a tampa com combustível, e serve como uma ponte entre as partes PQN+ e M. Desenvolvido pela Kerbodyne, ele é o resultado da pergunta: ""E se a gente esticasse o ADTP-1.5-2 até dobrar o tamanho?","The ADTP-1.5-2-L is filled to the brim with Methalox, and serves as a bridge between the Small+ and Medium parts. Developed by Kerbodyne, it is the result of the question: ""What if we made the ADTP-1.5-2 twice as long?""","The ADTP-1.5-2-L is filled to the brim with Methalox, and serves as a bridge between the Small+ and Medium parts. Developed by Kerbodyne, it is the result of the question: ""What if we made the ADTP-1.5-2 twice as long?""","The ADTP-1.5-2-L is filled to the brim with Methalox, and serves as a bridge between the Small+ and Medium parts. Developed by Kerbodyne, it is the result of the question: ""What if we made the ADTP-1.5-2 twice as long?""","The ADTP-1.5-2-L is filled to the brim with Methalox, and serves as a bridge between the Small+ and Medium parts. Developed by Kerbodyne, it is the result of the question: ""What if we made the ADTP-1.5-2 twice as long?""","The ADTP-1.5-2-L is filled to the brim with Methalox, and serves as a bridge between the Small+ and Medium parts. Developed by Kerbodyne, it is the result of the question: ""What if we made the ADTP-1.5-2 twice as long?""",,Localized
Parts/Description/engine_1.5v_methalox_bobcat,Text,,"With the LV-TX87 ""Bobcat"", Jeb's Junkyard is offering an engine larger than the small engines, but smaller than the large engines! With high thrust for its mass, 5 degrees of thrust vectoring, and good ISP in Kerbin's atmosphere, it's the perfect engine for Kerbals that want to touch the Mun for the first time!","Avec le LV-TX87 ""Lynx"" la Décharge Jeb offre un moteur plus gros que les petits moteurs, mais plus petit que les gros moteurs ! Avec une grande poussée pour son poids, 5 degrés de poussée vectorielle, et une bonne ISP dans l'atmosphère de Kerbin, c'est le moteur parfait pour les Kerbals qui veulent aller sur la Mune pour la première fois !","Con l'LV-TX87 ""Bobcat"", la Discarica di Jeb offre un motore più grande dei motori piccoli, ma più piccolo dei motori grandi! Con una spinta elevata rispetto alla sua massa, 5 gradi di orientamento della spinta e un buon ISP nell'atmosfera di Kerbin, è il motore perfetto per i Kerbal che vogliono toccare Mun per la prima volta!","Mit dem LV-TX87 ""Bobcat"" bietet Jeb's Junkyard ein Triebwerk an, welches größer als die kleinen Triebwerke ist, aber kleiner als die großen Triebwerke! Mit hohem Schub im Vergleich zur Masse, 5 Grad Schubvektor und ein guter ISP in Kerbin's Atmosphäre ist es das perfekte Starttriebwerk für Kerbals, die zum ersten Mal zum Mun fliegen wollen!","Con el LV-TX87 ""Bobcat"", Jeb's Junkyard ofrece un motor más grande que los motores pequeños, ¡pero más pequeño que los motores grandes! Con un empuje elevado para su masa, 5 grados de empuje vectorial, y buen ISP en la atmósfera de Kerbin, ¡es el motor de lanzamiento perfecto para los Kerbals que quieran pisar la Muna por primera vez!","With the LV-TX87 ""Bobcat"", Jeb's Junkyard is offering an engine larger than the small engines, but smaller than the large engines! With high thrust for its mass, 5 degrees of thrust vectoring, and good ISP in Kerbin's atmosphere, it's the perfect engine for Kerbals that want to touch the Mun for the first time!","With the LV-TX87 ""Bobcat"", Jeb's Junkyard is offering an engine larger than the small engines, but smaller than the large engines! With high thrust for its mass, 5 degrees of thrust vectoring, and good ISP in Kerbin's atmosphere, it's the perfect engine for Kerbals that want to touch the Mun for the first time!","Wraz z silnikiem LV-TX87 „Bobcat” firma Jeb's Junkyard oferuje silnik większy od silników małych, ale mniejszy od silników dużych! Dzięki wysokiemu ciągowi w stosunku do masy, 5-stopniowemu sterowaniu wektorem ciągu oraz dobremu współczynnikowi ISP w atmosferze Kerbina jest to idealny silnik nośny dla Kerbalów, którzy chcą po raz pierwszy dotrzeć na Mun!","LV-TX87 «Рысь» от «СвалКО» — двигатель, что крупнее малых, но скромнее больших! Высокая тяга для своей массы, 5 градусов управления вектором тяги и приличный удельный импульс в атмосфере Кербина делают его идеальным двигателем для кербалов, желающих впервые коснуться Муны!",凭借LV-TX87“山猫”，jeb的废品回收公司推出了一款比小型引擎大、但比大型引擎小的引擎！它拥有相当高的推重比、5度推力矢量，以及在Kerbin大气层中良好的比冲，是那些想要第一次触摸Mun的坎巴拉人完美的引擎！,"Com o LV-TX87 ""Lince"", o Ferro Velho do Jeb passa a oferecer um motor maior do que os pequenos, e menor do que os grandes! Com um empuxo considerável se comparado ao seu peso, 5 graus de vetorização, e um bom ISP na atmosfera de Kerbin, ele é o motor perfeito para Kerbals que querem chegar em Mun pela primeira vez!","With the LV-TX87 ""Bobcat"", Jeb's Junkyard is offering an engine larger than the small engines, but smaller than the large engines! With high thrust for its mass, 5 degrees of thrust vectoring, and good ISP in Kerbin's atmosphere, it's the perfect engine for Kerbals that want to touch the Mun for the first time!","With the LV-TX87 ""Bobcat"", Jeb's Junkyard is offering an engine larger than the small engines, but smaller than the large engines! With high thrust for its mass, 5 degrees of thrust vectoring, and good ISP in Kerbin's atmosphere, it's the perfect engine for Kerbals that want to touch the Mun for the first time!","With the LV-TX87 ""Bobcat"", Jeb's Junkyard is offering an engine larger than the small engines, but smaller than the large engines! With high thrust for its mass, 5 degrees of thrust vectoring, and good ISP in Kerbin's atmosphere, it's the perfect engine for Kerbals that want to touch the Mun for the first time!","With the LV-TX87 ""Bobcat"", Jeb's Junkyard is offering an engine larger than the small engines, but smaller than the large engines! With high thrust for its mass, 5 degrees of thrust vectoring, and good ISP in Kerbin's atmosphere, it's the perfect engine for Kerbals that want to touch the Mun for the first time!","With the LV-TX87 ""Bobcat"", Jeb's Junkyard is offering an engine larger than the small engines, but smaller than the large engines! With high thrust for its mass, 5 degrees of thrust vectoring, and good ISP in Kerbin's atmosphere, it's the perfect engine for Kerbals that want to touch the Mun for the first time!",,Localized
Parts/Description/engine_1.5v_methalox_cheetah,Text,,"Ironically not as fast as its 1.875 diameter cousin, the LV-TX91 ""Cheetah"" Liquid Fuel Engine has a larger bell that is perfect for getting long trips started… slowly. Warning- warranty does not cover expired snacks.","Ironiquement pas aussi rapide que son cousin de diamètre 1,875, le moteur à ergol liquide LV-TX91 ""Guépard"" a une plus grande tuyère qui est parfaite pour démarrer un long voyage... doucement. Attention - la garantie ne couvre pas les biscuits périmés.","Ironia della sorte, non è veloce come il suo cugino da 1,875 metri di diametro: il Motore a Carburante Solido LV-TX91 ""Ghepardo"" ha un ugello più grande, perfetto per iniziare i lunghi viaggi... lentamente. Attenzione: la garanzia non copre gli snack scaduti.","Ironischerweise nicht so schnell wie sein 1.875m Durchmesser Cousin, das LV-TX91 „Cheetah“ Flüssigtreibstofftriebwerk hat eine größere Glockendüse, welche perfekt ist, um lange Reisen... langsam zu starten. Warnung- Garantie deckt keine abgelaufenen Snacks.","Irónicamente no tan rápido como su primo de 1.875 m de diámetro, El motor de combustible líquido LV-TX91 ""Cheetah"" tiene una tobera grande que es perfecta para iniciar viajes largos... a su ritmo. Advertencia: la garantía no cubre snacks caducos.","Ironically not as fast as its 1.875 diameter cousin, the LV-TX91 ""Cheetah"" Liquid Fuel Engine has a larger bell that is perfect for getting long trips started… slowly. Warning- warranty does not cover expired snacks.","Ironically not as fast as its 1.875 diameter cousin, the LV-TX91 ""Cheetah"" Liquid Fuel Engine has a larger bell that is perfect for getting long trips started… slowly. Warning- warranty does not cover expired snacks.","Ironią losu, silnik na paliwo płynne LV-TX91 „Gepard” nie jest tak szybki jak jego kuzyn o średnicy 1,875, ale ma większą dyszę, która idealnie nadaje się do rozpoczynania długich podróży… powoli. Uwaga – gwarancja nie obejmuje przeterminowanych przekąsek.","По иронии судьбы не такой быстрый, как его родственник диаметром 1,875 м, жидкостный ракетный двигатель LV-T91 «Гепард» обзавёлся увеличенным соплом, отлично подходящим для начала дальних путешествий… пусть и медленно. Предупреждение: гарантия не распространяется на просроченные закуски.",讽刺的是，它并不比它那小兄弟“山猫”跑得快。LV-TX91“猎豹”液体燃料引擎拥有更大的喷管，非常适合慢悠悠地启动长途旅行……警告：保修不包括过期的零食,"Ironicamente mais lento que o seu primo de mesmo diâmetro, o motor de combustível líquido LV-TX91 ""Guepardo"" tem um bocal maior perfeito para dar o pontapé em viagens de longa distancia... mesmo ele sendo um pouco lento pra fazer isso. Só um aviso, a garantia não cobre o custo extra dos lanchinhos.","Ironically not as fast as its 1.875 diameter cousin, the LV-TX91 ""Cheetah"" Liquid Fuel Engine has a larger bell that is perfect for getting long trips started… slowly. Warning- warranty does not cover expired snacks.","Ironically not as fast as its 1.875 diameter cousin, the LV-TX91 ""Cheetah"" Liquid Fuel Engine has a larger bell that is perfect for getting long trips started… slowly. Warning- warranty does not cover expired snacks.","Ironically not as fast as its 1.875 diameter cousin, the LV-TX91 ""Cheetah"" Liquid Fuel Engine has a larger bell that is perfect for getting long trips started… slowly. Warning- warranty does not cover expired snacks.","Ironically not as fast as its 1.875 diameter cousin, the LV-TX91 ""Cheetah"" Liquid Fuel Engine has a larger bell that is perfect for getting long trips started… slowly. Warning- warranty does not cover expired snacks.","Ironically not as fast as its 1.875 diameter cousin, the LV-TX91 ""Cheetah"" Liquid Fuel Engine has a larger bell that is perfect for getting long trips started… slowly. Warning- warranty does not cover expired snacks.",,Localized
Parts/Description/fueltank_1.5v_inline_methalox_s1,Text,,"The FL-TX300 is a Small+ sized inline Methalox tank, developed by Jeb’s Junkyard from the modified shell of an inline reaction wheel. We have been assured it is structurally sound.",Le FL-TX300 est un réservoir à méthalox linéaire de taille petit+ développé par la Décharge Jeb depuis la coque d'une roue de réaction linéaire. Nous avons été assuré qu'il est sûr structurellement.,"L'FL-TX300 è un serbatoio di carburante methalox in linea di dimensioni Small+, sviluppato dalla Discarica di Jeb partendo dal guscio modificato di una ruota di reazione in linea. Ci hanno assicurato che è strutturalmente solido.","Der FL-TX300 ist ein Reihenmethaloxtank der Größe Klein+, entwickelt vonJeb's Junkyard von der modifizierten Hülle eines Reihenreaktionsrades. Wir wurden versichert, dass es strukturell intakt ist.","El FL-TX300 es un tanque de metalox en línea tamaño Pequeño+, desarrollado por Jeb’s Junkyard partiendo del cascarón modificado de una rueda de reacción en línea. Nos han asegurado que es estructuralmente sólido.","The FL-TX300 is a Small+ sized inline Methalox tank, developed by Jeb’s Junkyard from the modified shell of an inline reaction wheel. We have been assured it is structurally sound.","The FL-TX300 is a Small+ sized inline Methalox tank, developed by Jeb’s Junkyard from the modified shell of an inline reaction wheel. We have been assured it is structurally sound.","FL-0300 to zbiornik typu inline o rozmiarze Small+, opracowany przez firmę Jeb’s Junkyard na bazie zmodyfikowanej obudowy koła reakcyjnego typu inline. Otrzymaliśmy zapewnienie, że jest on solidny pod względem konstrukcyjnym.","FL-TX300 — малый+ встроенный бак металокса от «СвалКО», собранный из переделанной оболочки встроенного гиродина. Нам дали слово, что он конструктивно прочен.",FL-TX300是一款中小尺寸串联式液氧甲烷燃料箱，由jeb的废品回收公司利用改装过的串联式动量轮外壳开发而成。我们已得到保证，其结构安全可靠。,"O FL-TX300 é um tanque de Methalox PQN+ em linha, desenvolvido pelo Ferro Velho do Jeb a partir da estrutura externa de uma roda de reação modificada que estava dando sopa no estoque. Nos te garantimos que a estrutura é solida™.","The FL-TX300 is a Small+ sized inline Methalox tank, developed by Jeb’s Junkyard from the modified shell of an inline reaction wheel. We have been assured it is structurally sound.","The FL-TX300 is a Small+ sized inline Methalox tank, developed by Jeb’s Junkyard from the modified shell of an inline reaction wheel. We have been assured it is structurally sound.","The FL-TX300 is a Small+ sized inline Methalox tank, developed by Jeb’s Junkyard from the modified shell of an inline reaction wheel. We have been assured it is structurally sound.","The FL-TX300 is a Small+ sized inline Methalox tank, developed by Jeb’s Junkyard from the modified shell of an inline reaction wheel. We have been assured it is structurally sound.","The FL-TX300 is a Small+ sized inline Methalox tank, developed by Jeb’s Junkyard from the modified shell of an inline reaction wheel. We have been assured it is structurally sound.",,Localized
Parts/Description/fueltank_1.5v_inline_methalox_s2,Text,,The FL-TX600 is a higher volume version of the FL-TX300 inline Methalox tank. It was created after Jeb's Junkyard received complaints about the size of the previous model.,Le FL-TX600 est une version du réservoir à méthalox linéaire FL-TX300 avec un volume plus élevé. Il a été créé après que la Décharge Jeb a reçu des plaintes concernant la taille du modèle précédent.,L'FL-TX600 è una versione ad alto volume del serbatoio di carburante methalox in linea FL-TX300. È stato creato dopo che la Discarica di Jeb ha ricevuto lamentele riguardo alle dimensioni del modello precedente.,"Der FL-TX600 ist eine Version des FL-TX300 Reihenmethaloxtanks mit mehr Volumen. Es wurde entworfen, nachdem Jeb's Junkyard Beschwerden über die Größe des letzten Modells bekommen hat.",El FL-TX600 es una versión de mayor capacidad del tanque de combustible Metalox en línea FL-TX300. Fue creado después de las innumerables quejas recibidas por Jeb's Junkyard sobre el tamaño del modelo anterior.,The FL-TX600 is a higher volume version of the FL-TX300 inline Methalox tank. It was created after Jeb's Junkyard received complaints about the size of the previous model.,The FL-TX600 is a higher volume version of the FL-TX300 inline Methalox tank. It was created after Jeb's Junkyard received complaints about the size of the previous model.,"Model FL-TX600 stanowi wersję zbiornika Methalox typu inline o większej pojemności w porównaniu z modelem FL-TX300. Został on opracowany w odpowiedzi na skargi dotyczące rozmiarów poprzedniego modelu, które napłynęły do firmy Jeb's Junkyard.","FL-TX600 — тот же FL-TX300, только побольше. «СвалКО» создала его после вороха жалоб на размеры прежней модели.",FL-TX600是FL-TX300串联式液氧甲烷燃料箱的大容量版本。它是在jeb的废品回收公司收到关于前代产品尺寸的投诉后推出的。,O FL-TX600 é uma versão de volume maior do tanque de Methalox FL-TX300. Ele foi criado depois que o Ferro Velho do Jeb recebeu reclamações a respeito do tamanho não ser impressionante o suficiente no modelo anterior.,The FL-TX600 is a higher volume version of the FL-TX300 inline Methalox tank. It was created after Jeb's Junkyard received complaints about the size of the previous model.,The FL-TX600 is a higher volume version of the FL-TX300 inline Methalox tank. It was created after Jeb's Junkyard received complaints about the size of the previous model.,The FL-TX600 is a higher volume version of the FL-TX300 inline Methalox tank. It was created after Jeb's Junkyard received complaints about the size of the previous model.,The FL-TX600 is a higher volume version of the FL-TX300 inline Methalox tank. It was created after Jeb's Junkyard received complaints about the size of the previous model.,The FL-TX600 is a higher volume version of the FL-TX300 inline Methalox tank. It was created after Jeb's Junkyard received complaints about the size of the previous model.,,Localized
Parts/Description/fueltank_1.5v_inline_methalox_s3,Text,,"The FL-TX1200 is a high volume inline Methalox tank, deemed by Jeb’s Junkyard to be their crowning achievement. For some reason, they refused to offer a warranty. Be careful with it.",Le FL-TX1200 est réservoir à méthalox linéaire de grand volume décrit par la Décharge Jeb comme leur plus grande réussite. Pour quelque raison ils ont refusé d'offrir une garantie. Soyez prudent avec lui.,"L'FL-TX1200 è un serbatoio di Methalox in linea ad alto volume, considerato dalla Discarica di Jeb come il coronamento della loro opera. Per qualche motivo, si sono rifiutati di offrire una garanzia. Maneggiare con cura.","Der FL-TX1200 ist ein Reihenmethaloxtank mit hohem Volumen, welches von Jeb's Junkyard als ihre krönende Errungenschaft gilt. Aus einem unbestimmten Grund lehnen sie jegliche Art von Garantie ab. Sei vorsichtig damit.","El FL-TX1200 es un tanque Metalox en línea de alta capacidad, la joya de la corona de Jeb's Junkyard. Por alguna razón, se negaron a darnos una garantía. Sé cuidadoso.","The FL-TX1200 is a high volume inline Methalox tank, deemed by Jeb’s Junkyard to be their crowning achievement. For some reason, they refused to offer a warranty. Be careful with it.","The FL-TX1200 is a high volume inline Methalox tank, deemed by Jeb’s Junkyard to be their crowning achievement. For some reason, they refused to offer a warranty. Be careful with it.","Model FL-TX1200 to zbiornik Methalox o dużej pojemności, montowany w linii produkcyjnej, który firma Jeb’s Junkyard uznaje za swoje największe osiągnięcie. Z jakiegoś powodu odmówili udzielenia na niego gwarancji. Należy obchodzić się z nim ostrożnie.","FL-TX1200 — встроенный бак металокса большого объёма, который компания «СвалКО» считает венцом своего творения. Но по какой-то причине они отказались предоставлять на него гарантию. Будьте с ним осторожны.",FL-TX1200是一款大容量串联式液氧甲烷燃料箱，被jeb的废品回收公司视为他们的巅峰成就。出于某种原因，他们拒绝提供保修，请小心使用。,"O FL-TX1200 é um tanque de Methalox em linha, considerado pelo Ferro Velho do Jeb como a sua maior conquista. Por algum motivo eles se recusaram a oferecer uma garantia. Tenha cautela com ele.","The FL-TX1200 is a high volume inline Methalox tank, deemed by Jeb’s Junkyard to be their crowning achievement. For some reason, they refused to offer a warranty. Be careful with it.","The FL-TX1200 is a high volume inline Methalox tank, deemed by Jeb’s Junkyard to be their crowning achievement. For some reason, they refused to offer a warranty. Be careful with it.","The FL-TX1200 is a high volume inline Methalox tank, deemed by Jeb’s Junkyard to be their crowning achievement. For some reason, they refused to offer a warranty. Be careful with it.","The FL-TX1200 is a high volume inline Methalox tank, deemed by Jeb’s Junkyard to be their crowning achievement. For some reason, they refused to offer a warranty. Be careful with it.","The FL-TX1200 is a high volume inline Methalox tank, deemed by Jeb’s Junkyard to be their crowning achievement. For some reason, they refused to offer a warranty. Be careful with it.",,Localized
Parts/Description/fueltank_1.5v_inline_methalox_s4,Text,,"By taking two FL-TX1200s and stacking them, Jeb’s Junkyard has successfully created the FL-TX2400 inline Methalox tank. If one tank was good, two must be better!",En prenant deux FL-TX1200 pour les superposé la Décharge Jeb a créé le réservoir à méthalox linéaire FL-TX2400. Si un réservoir était bien alors deux doit être mieux !,"Prendendo due FL-TX1200 e impilandoli, la Discarica di Jeb ha creato con successo il serbatoio in linea Metalox FL-TX2400. Se un serbatoio funzionava bene, due devono essere per forza meglio!","Indem sie zwei FL-TX1200s genommen und übereinandergestapelt haben, hat Jeb's Junkyard erfolgreich den FL-TX2400 Reihenmethaloxtank entworfen. Wenn ein Tank gut war sind zwei besser!","Tomando dos FL-TX1200s y apilándolos, Jeb’s Junkyard creó exitosamente el tanque de combustible Metalox en línea FL-TX2400. Si uno ya era bueno, ¡dos son doblemente mejores!","By taking two FL-TX1200s and stacking them, Jeb’s Junkyard has successfully created the FL-TX2400 inline Methalox tank. If one tank was good, two must be better!","By taking two FL-TX1200s and stacking them, Jeb’s Junkyard has successfully created the FL-TX2400 inline Methalox tank. If one tank was good, two must be better!","Łącząc dwa zbiorniki FL-TX1200 i ustawiając je jeden na drugim, firma Jeb’s Junkyard stworzyła zbiornik Methalox typu inline o nazwie FL-TX2400. Skoro jeden zbiornik był dobry, to dwa muszą być jeszcze lepsze!","Взяв два FL-TX1200 и соединив их, компания «СвалКО» успешно создала FL-TX2400. Если один бак был хорош, то два — ещё лучше!",把两个FL-TX1200叠放在一起，jeb的废品回收公司成功制造出了FL-TX2400串联式液氧甲烷燃料箱。一个燃料箱很好，两个肯定更好！,"Pegando dois FL-TX1200 e os empilhando, o Ferro Velho do Jeb criou com sucesso o tanque de Methalox em linha FL-TX2400. Se um só já era bom, imagine dois!","By taking two FL-TX1200s and stacking them, Jeb’s Junkyard has successfully created the FL-TX2400 inline Methalox tank. If one tank was good, two must be better!","By taking two FL-TX1200s and stacking them, Jeb’s Junkyard has successfully created the FL-TX2400 inline Methalox tank. If one tank was good, two must be better!","By taking two FL-TX1200s and stacking them, Jeb’s Junkyard has successfully created the FL-TX2400 inline Methalox tank. If one tank was good, two must be better!","By taking two FL-TX1200s and stacking them, Jeb’s Junkyard has successfully created the FL-TX2400 inline Methalox tank. If one tank was good, two must be better!","By taking two FL-TX1200s and stacking them, Jeb’s Junkyard has successfully created the FL-TX2400 inline Methalox tank. If one tank was good, two must be better!",,Localized
Parts/Description/separator_1.5v_inline,Text,,"The TS-18 is the separator for you if your craft isn't too big or too small! The manufacturer told us that it was NOT two TD-18 decouplers super-glued back to back, but they didn't provide any proof of that statement; so we can't exactly trust them.","Le TS-18 est le séparateur qu'il vous faut si votre vaisseau n'est ni trop grand ni trop petit ! Le fabricant nous a assuré qu'il ne s'agissait PAS de deux séparateurs TD-18 collés dos à dos, mais sans fournir la moindre preuve. On ne peut donc pas vraiment leur faire confiance.","Il TS-18 è il separatore che fa per te se il tuo veicolo non è né troppo grande né troppo piccolo! Il produttore ci ha assicurato che NON si tratta di due disaccoppiatori TD-18 incollati dorso a dorso con la supercolla, ma non ha fornito alcuna prova a sostegno di questa affermazione; quindi non è che possiamo fidarci ciecamente.","Der TS-18 ist der Seperator für dich wenn dein Fahrzeug nicht zu groß oder zu klein ist! Der Hersteller hat uns erzählt, dass es NICHT zwei TD-18 Entkoppler sind die mit Sekundenkleber rückseitig verbunden sind, jedoch haben sie keine Nachweise für diese Behauptung erbracht; also können wir ihnen nicht exakt vertrauen.","¡El TS-18 es el separador ideal si tu cohete no es muy grande ni muy pequeño! El fabricante nos aseguró que NO eran dos desacopladores TD-18 pegados juntos, pero no nos proporcionaron pruebas que sustenten tal afirmación; así que no podemos confiar del todo en ellos.","The TS-18 is the separator for you if your craft isn't too big or too small! The manufacturer told us that it was NOT two TD-18 decouplers super-glued back to back, but they didn't provide any proof of that statement; so we can't exactly trust them.","The TS-18 is the separator for you if your craft isn't too big or too small! The manufacturer told us that it was NOT two TD-18 decouplers super-glued back to back, but they didn't provide any proof of that statement; so we can't exactly trust them.","Model TS-18 to idealny separator dla Ciebie, jeśli Twój statek nie jest ani za duży, ani za mały! Producent zapewnił nas, że to NIE są po prostu dwa rozdzielacze TD-18 sklejone klejem kropelką tyłem do siebie, ale nie przedstawił żadnych dowodów na poparcie tego twierdzenia, więc nie możemy mu do końca uwierzyć.","Пирокольцо TS-18 — это как раз то, что нужно, если ваш аппарат не слишком большой, но и не слишком мал! Производитель уверял, что внутри не два отделителя TD-18, склеенных спиной к спине, однако никаких доказательств так и не предоставил. Полностью ему доверять не стоит.",如果您的航天器不算太大也不算太小，那么TS-18切分器正适合您！制造商告诉我们，这绝不是两个TD-18分离器用强力胶背对背粘起来的，但他们并没有提供任何证据来证明这一说法，所以我们不太敢相信他们。,"O TS-18 é o separador correto pra você se as suas naves não são nem grandes nem pequenas! O fabricante nos disse que ele NÃO era só dois TD-18 colados com cola super bonder, mas eles não mostraram nenhuma evidencia do contrario; então fica difícil confiar 100% neles.","The TS-18 is the separator for you if your craft isn't too big or too small! The manufacturer told us that it was NOT two TD-18 decouplers super-glued back to back, but they didn't provide any proof of that statement; so we can't exactly trust them.","The TS-18 is the separator for you if your craft isn't too big or too small! The manufacturer told us that it was NOT two TD-18 decouplers super-glued back to back, but they didn't provide any proof of that statement; so we can't exactly trust them.","The TS-18 is the separator for you if your craft isn't too big or too small! The manufacturer told us that it was NOT two TD-18 decouplers super-glued back to back, but they didn't provide any proof of that statement; so we can't exactly trust them.","The TS-18 is the separator for you if your craft isn't too big or too small! The manufacturer told us that it was NOT two TD-18 decouplers super-glued back to back, but they didn't provide any proof of that statement; so we can't exactly trust them.","The TS-18 is the separator for you if your craft isn't too big or too small! The manufacturer told us that it was NOT two TD-18 decouplers super-glued back to back, but they didn't provide any proof of that statement; so we can't exactly trust them.",,Localized
Parts/Title/pod_1.5v_lander_crew,Text,,"Mk15 ""Crushed Can""","Mk15 ""Cannette écrasée""","Mk15 ""Lattina Schiacciata""","Mk15 ""Crushed Can""","Mk15 ""Lata aplastada""","Mk15 ""Crushed Can""","Mk15 ""크러시드 캔""",Mk15 „Zgnieciona puszka”,«Смятка» Mk15,Mk15“瘪罐”,"Mk15 ""Lata Amassada""","Mk15 ""Crushed Can""","Mk15 ""Crushed Can""","Mk15 ""Crushed Can""","Mk15 ""Crushed Can""","Mk15 ""Crushed Can""",,Localized
Parts/Description/pod_1.5v_lander_crew,Text,,"The Mk15 ""Crushed Can"" is what happens when you accidentally leave the Mk2 ""Tuna Can"" out by the dumpster on trash day. Lucky for us it still works somehow and is perfect for non-atmospheric bodies like small moons, even if it is a little cramped.","Le Mk15 « Cannette écrasée » c'est ce qui arrive quand vous laissez par mégarde le Mk2 « Boîte de thon » près des poubelles le jour de la collecte. Heureusement pour nous, il arrive encore à marcher et est parfait pour les corps célestes sans atmosphère comme les petites lunes, même s'il est un peu exigu.","Il modulo Mk15 ""Lattina Schiacciata"" è il risultato di ciò che accade quando dimentichi accidentalmente l'Mk2 ""Scatoletta di Tonno"" accanto al cassonetto nel giorno della raccolta rifiuti. Per nostra fortuna, in qualche modo funziona ancora ed è perfetto per corpi celesti privi di atmosfera come le piccole lune, anche se lo spazio a bordo è un tantino ridotto.","Die Mk15 ""Crushed Can"" ist was passiert wenn du ausversehen die Mk2 ""Tuna Can"" draußen beim Mülleimer am Abholtag lässt. Glücklicherweise funktioniert sie immernoch irgendwie und ist perfekt für Himmelskörper ohne Atmosphäre wie kleine Monde, auch wenn es ein weing eng im inneren ist.","El Mk15 ""Lata aplastada"" es lo que pasa cuando accidentalmente dejas el Mk2 ""Lata de atún"" junto al contenedor el día de recogida. Por suerte para nosotros sigue funcionando de alguna manera y es perfecto para cuerpos sin atmósfera como lunas pequeñas, aunque sea un poco estrecho.","The Mk15 ""Crushed Can"" is what happens when you accidentally leave the Mk2 ""Tuna Can"" out by the dumpster on trash day. Lucky for us it still works somehow and is perfect for non-atmospheric bodies like small moons, even if it is a little cramped.","The Mk15 ""Crushed Can"" is what happens when you accidentally leave the Mk2 ""Tuna Can"" out by the dumpster on trash day. Lucky for us it still works somehow and is perfect for non-atmospheric bodies like small moons, even if it is a little cramped.","Mk15 „Crushed Can” to efekt tego, co się dzieje, gdy przypadkowo zostawi się Mk2 „Tuna Can” przy śmietniku w dniu wywozu śmieci. Na szczęście dla nas nadal jakoś działa i idealnie nadaje się do ciał niebieskich pozbawionych atmosfery, takich jak małe księżyce, nawet jeśli jest w nim trochę ciasno.","Посадочный модуль «Смятка» Mk15 — вот что получается, если случайно оставить «Рыбные консервы» Mk2 у мусорного бака в день вывоза мусора. К счастью, он всё ещё функционирует и отлично подходит для планет без атмосферы, вроде мелких лун, хоть в нём и тесновато.",Mk15“瘪罐”基本上就是不小心把Mk2“鲔鱼罐”扔到垃圾箱旁边的结果。幸运的是它还能用，并且非常适合小型卫星等无大气天体，就是里面有点挤。,"A Mk15 ""Lata Amassada"" é o que acontece quando você sem querer joga fora a Mk2 ""Lata de Atum"" e o operador do caminhão de lixo esqueceu os óculos em casa. Por sorte ela de algum jeito ainda funciona e é perfeita para corpos celestes sem atmosfera como luas, mesmo ela sendo um pouco apertada.","The Mk15 ""Crushed Can"" is what happens when you accidentally leave the Mk2 ""Tuna Can"" out by the dumpster on trash day. Lucky for us it still works somehow and is perfect for non-atmospheric bodies like small moons, even if it is a little cramped.","The Mk15 ""Crushed Can"" is what happens when you accidentally leave the Mk2 ""Tuna Can"" out by the dumpster on trash day. Lucky for us it still works somehow and is perfect for non-atmospheric bodies like small moons, even if it is a little cramped.","The Mk15 ""Crushed Can"" is what happens when you accidentally leave the Mk2 ""Tuna Can"" out by the dumpster on trash day. Lucky for us it still works somehow and is perfect for non-atmospheric bodies like small moons, even if it is a little cramped.","The Mk15 ""Crushed Can"" is what happens when you accidentally leave the Mk2 ""Tuna Can"" out by the dumpster on trash day. Lucky for us it still works somehow and is perfect for non-atmospheric bodies like small moons, even if it is a little cramped.","The Mk15 ""Crushed Can"" is what happens when you accidentally leave the Mk2 ""Tuna Can"" out by the dumpster on trash day. Lucky for us it still works somehow and is perfect for non-atmospheric bodies like small moons, even if it is a little cramped.",,Localized
Parts/Description/probe_1.5v_inline,Text,,"The RC-01SP is a remote guidance, navigation, and control unit that is designed with a thin profile to enable inline integration with other vessel components. Complete with its own battery, STEADLER Engineering Corps has assured us that any noise from the unit is just reaction wheels and not a pilot.","Le RC-01SP est une unité de guidage, navigation et contrôle à distance pensée avec un profil fin pour permettre une intégration linéaire avec les autres pièces du vaisseau. Complet avec sa propre batterie, l'Ingénierie STEADLER nous a assuré que n'importe quel bruit qui viendrait de l'unité viendrait des roues de réaction et pas d'un pilote.","L'unità RC-01SP è un sistema di guida, navigazione e controllo remoto, progettato con un profilo sottile per consentire l'integrazione in linea con gli altri componenti del veicolo. Dotato di una propria batteria integrata, la Società Ingegneristica STEADLER ci ha assicurato che qualsiasi rumore proveniente dall'unità è dovuto esclusivamente alle ruote di reazione e non a un pilota.","Die RC-01SP ist eine Fernsteuerungs-, Navigations- und Kontrolleinheit, welchem mit einem dünnen Profil entworfen wurde, sodass sie direkt in Reihe mit anderen Schiffsbauteilen gepackt werden kann. Mit eingebauter Batterie, STEADLER Engineering Corps hat uns versichert, das jegliche Geräusche aus der Einheit nur die Reaktionsräder sind und kein Pilot.","El RC-01SP es un sistema de guiado remoto, navegación, y unidad de control que está diseñado en un perfil delgado para permitir su integración en línea con otros componentes. Equipada con su propia batería, STEADLER Engineering Corps aseguró que cualquier ruido proveniente de la unidad se debe únicamente a las ruedas de reacción y no a un piloto.","The RC-01SP is a remote guidance, navigation, and control unit that is designed with a thin profile to enable inline integration with other vessel components. Complete with its own battery, STEADLER Engineering Corps has assured us that any noise from the unit is just reaction wheels and not a pilot.","The RC-01SP is a remote guidance, navigation, and control unit that is designed with a thin profile to enable inline integration with other vessel components. Complete with its own battery, STEADLER Engineering Corps has assured us that any noise from the unit is just reaction wheels and not a pilot.","RC-01SP to zdalny moduł naprowadzania, nawigacji i sterowania, który dzięki smukłej konstrukcji można wbudować w inne elementy statku. Urządzenie jest wyposażone we własny akumulator, a firma STEADLER Engineering Corps zapewniła nas, że wszelkie odgłosy dochodzące z modułu pochodzą wyłącznie od kół reakcyjnych, a nie od pilota.","Блок удалённого управления RC-01SP имеет тонкий корпус, позволяющий встраивать его непосредственно в корпус корабля, а также у него есть собственная батарея! «БАЛАНС Инжиниринг» уверяет, что посторонние звуки издаёт встроенный гиродин, а вовсе не пилот.",RC-01SP是一款外形纤薄的远程制导、导航与控制单元，可与其他航天器部件串联集成。它自带电池，STEADLER工程公司向我们保证：该部件发出的任何噪音都来自动量轮，绝对不是里面藏了个飞行员。,"O RC-01SP é uma unidade de guia, navegação e controle que foi feita para ter um perfil fino para permitir a sua fácil integração com os outros componentes do seu veiculo. Ele vem com a sua própria bateria, e o Quadro de Engenharia STEADLER nos garantiu que qualquer barulho vem das rodas de reação, não da rodinha de um roedor atuando como piloto.","The RC-01SP is a remote guidance, navigation, and control unit that is designed with a thin profile to enable inline integration with other vessel components. Complete with its own battery, STEADLER Engineering Corps has assured us that any noise from the unit is just reaction wheels and not a pilot.","The RC-01SP is a remote guidance, navigation, and control unit that is designed with a thin profile to enable inline integration with other vessel components. Complete with its own battery, STEADLER Engineering Corps has assured us that any noise from the unit is just reaction wheels and not a pilot.","The RC-01SP is a remote guidance, navigation, and control unit that is designed with a thin profile to enable inline integration with other vessel components. Complete with its own battery, STEADLER Engineering Corps has assured us that any noise from the unit is just reaction wheels and not a pilot.","The RC-01SP is a remote guidance, navigation, and control unit that is designed with a thin profile to enable inline integration with other vessel components. Complete with its own battery, STEADLER Engineering Corps has assured us that any noise from the unit is just reaction wheels and not a pilot.","The RC-01SP is a remote guidance, navigation, and control unit that is designed with a thin profile to enable inline integration with other vessel components. Complete with its own battery, STEADLER Engineering Corps has assured us that any noise from the unit is just reaction wheels and not a pilot.",,Localized
Parts/Description/booster_0v_srb_mantis,Text,,"The RT-1 ""Mantis"" can be described as ""twice as powerful as a soda bottle mixed with famous mintmus candies"". Derived from a middle school physics project that went too far, the KSC engineers found it in a trash pile nearby and used it as extra small-size SRB because it was, well you know, ""good enough"".","Le RT-1 ""Mante"" peut être décrit comme étant ""deux fois plus puissant qu'une bouteille de soda mélangée avec les fameuses pastilles Minmos"". Issu d'un projet de physique de collège qui a mal tourné, les ingénieurs du CSK l'ont trouvé dans une décharge voisine et l'ont utilisé comme un mini propulseur à ergol solide parce que ça faisait, comme on dit, ""le taf"".","L'RT-1 ""Mantide"" può essere descritto come ""due volte più potente di una bottiglia di Coca-Cola riempita con le famose caramelle Mintmus"". Derivato da un progetto di fisica delle scuole medie decisamente sfuggito di mano, gli ingegneri del KSC lo hanno trovato in un cumulo di spazzatura lì vicino e lo hanno riutilizzato come SRB molto piccolo perché, beh si sa, ""va bene così"".","Der RT-1 ""Mantis"" kann beschrieben werden als ""doppelt so stark wie eine Limoflasche gemixt mit berühmten Mintmus Bonbons"". Abstammend von einem Mittelstufen-Physikprojekt, welches zu weit gegangen ist, fanden es die Ingeneure des KWZ in einem Müllhaufen in der Nähe und benutzten es als extrakleinen Festtreibstoffbooster, weil es, na du weißt schon, ""gut genug"" war.","El RT-1 ""Mantis"" puede ser descrito como ""el doble de potente que una botella de soda mezclada con unos famosos dulces de menta"". Derivado de un proyecto de secundaria que llegó demasiado lejos, los ingenieros del CEK lo encontraron en un basurero cercano y lo usaron como un SRB tamaño diminuto porque, bueno, ya sabes, era ""suficientemente bueno"".","The RT-1 ""Mantis"" can be described as ""twice as powerful as a soda bottle mixed with famous mintmus candies"". Derived from a middle school physics project that went too far, the KSC engineers found it in a trash pile nearby and used it as extra small-size SRB because it was, well you know, ""good enough"".","The RT-1 ""Mantis"" can be described as ""twice as powerful as a soda bottle mixed with famous mintmus candies"". Derived from a middle school physics project that went too far, the KSC engineers found it in a trash pile nearby and used it as extra small-size SRB because it was, well you know, ""good enough"".","RT-1 „Mantis” można opisać jako „dwukrotnie silniejszy niż połączenie butelki napoju gazowanego ze słynnymi cukierkami miętowymi”. Urządzenie to powstało w wyniku zbyt daleko posuniętego projektu fizycznego z gimnazjum; inżynierowie z KSC znaleźli je na pobliskim wysypisku śmieci i wykorzystali jako dodatkowy silnik rakietowy SRB o niewielkich rozmiarach, ponieważ, cóż, było po prostu „wystarczająco dobre”.","«Богомола» описывают как «вдвое мощнее бутылки газировки с леденцами». Возник из школьного проекта по физике, зашедшего слишком далеко. Инженеры подобрали его на помойке и использовали как дополнительный мини-ускоритель — ну, потому что «и так сойдёт».",RT-1“螳螂”被描述为“比混合了Mintmus糖的汽水瓶还要强两倍”。它源自一个中学物理实验，实验太猛飞走了，KSC的工程师们在附近的垃圾堆里发现了它，并将其用作超小型固体助推器。至于这么做的理由……额，你懂的，“够用就行”。,"O RT-1 ""Louva-a-Deus"" pode ser descrito como ""duas vezes mais potente do que uma garrafa de refrigerante misturado com o doce Kentos"". Resultado de uma atividade dinâmica em um convento que foi longe de mais, os engenheiros do CEK o encontraram escondido dentro de um confessionário e decidiram usá-lo como um SRB de pequeno porte porque, bem, por que não?","The RT-1 ""Mantis"" can be described as ""twice as powerful as a soda bottle mixed with famous mintmus candies"". Derived from a middle school physics project that went too far, the KSC engineers found it in a trash pile nearby and used it as extra small-size SRB because it was, well you know, ""good enough"".","The RT-1 ""Mantis"" can be described as ""twice as powerful as a soda bottle mixed with famous mintmus candies"". Derived from a middle school physics project that went too far, the KSC engineers found it in a trash pile nearby and used it as extra small-size SRB because it was, well you know, ""good enough"".","The RT-1 ""Mantis"" can be described as ""twice as powerful as a soda bottle mixed with famous mintmus candies"". Derived from a middle school physics project that went too far, the KSC engineers found it in a trash pile nearby and used it as extra small-size SRB because it was, well you know, ""good enough"".","The RT-1 ""Mantis"" can be described as ""twice as powerful as a soda bottle mixed with famous mintmus candies"". Derived from a middle school physics project that went too far, the KSC engineers found it in a trash pile nearby and used it as extra small-size SRB because it was, well you know, ""good enough"".","The RT-1 ""Mantis"" can be described as ""twice as powerful as a soda bottle mixed with famous mintmus candies"". Derived from a middle school physics project that went too far, the KSC engineers found it in a trash pile nearby and used it as extra small-size SRB because it was, well you know, ""good enough"".",,Localized
Parts/Description/booster_0v_srb_shrimp,Text,,"The RT-2 ""Shrimp"" is directly derived from the RT-1 ""Mantis"". After testing the ""Mantis"", the lead engineer realized that he needed the SRB to provide a longer thrust. And for an SRB that was literally found by the side of the road, simply doubling its propellant capacity can be seen as a very simple idea, but if it works, who cares?","Le RT-2 ""Crevette"" est directement dérivé du RT-1 ""Mante"". Après les essais du ""Mante"", l'ingénieur en chef s'est rendu compte qu'il avait besoin que la poussée de l'ÉAP dure plus longtemps. Et pour un ÉAP littéralement trouvé sur le bord d'une route, carrément doubler sa capacité de propergol peut paraître simpliste, mais si ça marche, qui s'en souciera ?","L'RT-2 ""Gamberetto"" deriva direttamente dall'RT-1 ""Mantide"". Dopo aver testato il ""Mantide"", il capo ingegnere si rese conto che aveva bisogno che il booster a propellente solido fornisse spinta per più tempo. E per un booster che era stato letteralmente trovato sul ciglio della strada, raddoppiare semplicemente la capacità del propellente può sembrare un'idea fin troppo banale, ma se funziona... a chi importa?","Der RT-2 ""Shrimp"" stammt direkt vom RT-1 ""Mantis"" ab. Nach dem testen des ""Mantis"" hat der leitende Ingeneur realisiert, dass der Festtreibstoffbooster länger Schub produzieren muss. Und für einen Festtreibstoffbooster, welcher wirklich am Straßenrand gefunden wurde, nur die Treibstoffkapazität zu verdoppeln kann als eine sehr einfache Idee angesehen werden, aber wenn es funktioniert, wen kümmert es dann?","El RT-2 ""Camarón"" deriva directamente del RT-1 ""Mantis"". Tras probar el ""Mantis"", el ingeniero en jefe se dio cuenta que necesitaba que el acelerador proporcionara un empuje más prolongado. Y para un SRB que fue literalmente encontrado al lado de la carretera, duplicar simplemente su capacidad de propelente puede ser una solución muy simple, pero si funciona, ¿a quién le importa?","The RT-2 ""Shrimp"" is directly derived from the RT-1 ""Mantis"". After testing the ""Mantis"", the lead engineer realized that he needed the SRB to provide a longer thrust. And for an SRB that was literally found by the side of the road, simply doubling its propellant capacity can be seen as a very simple idea, but if it works, who cares?","The RT-2 ""Shrimp"" is directly derived from the RT-1 ""Mantis"". After testing the ""Mantis"", the lead engineer realized that he needed the SRB to provide a longer thrust. And for an SRB that was literally found by the side of the road, simply doubling its propellant capacity can be seen as a very simple idea, but if it works, who cares?","Model RT-2 „Krewetka” jest bezpośrednią pochodną modelu RT-1 „Modliszka”. Po przetestowaniu „Modliszki” główny inżynier zdał sobie sprawę, że potrzebuje rakiety pomocniczej w celu zapewnienia dłuższego czasu ciągu. A w przypadku rakiety pomocniczej, którą dosłownie znaleziono na poboczu drogi, samo podwojenie jej pojemności paliwowej może wydawać się bardzo prostym pomysłem, ale jeśli działa, to co z tego?","После испытаний «Богомола» один ведущий инженер понял, что ускорителю нужна более длительная тяга. А для ускорителя, который буквально лежал у обочины, просто удвоить ёмкость топлива — идея до безумия простая. Но если работает — кого волнует?",RT-2“虾米”直接改进自RT-1“螳螂”。在测试完“螳螂”之后，首席工程师意识到他需要固体助推器提供更持久的推力。而对于一个从路边捡来的固体助推器来说，多带一倍推进剂似乎过于简单粗暴，但只要管用，谁还管它呢？,"O RT-2 ""Camarão"" é derivado diretamente a partir do RT-1 ""Louva-a-Deus"". Após testes iniciais, a Freira que liderava a dinâmica decidiu que o SRB precisava durar mais tempo queimando. E pra um SRB feito em um convento, simplesmente dobrar a sua capacidade de propelentes parecia uma ideia apropriada, mesmo que nada inventiva. Mas ei, quem liga? Só de funcionar já tá bom.","The RT-2 ""Shrimp"" is directly derived from the RT-1 ""Mantis"". After testing the ""Mantis"", the lead engineer realized that he needed the SRB to provide a longer thrust. And for an SRB that was literally found by the side of the road, simply doubling its propellant capacity can be seen as a very simple idea, but if it works, who cares?","The RT-2 ""Shrimp"" is directly derived from the RT-1 ""Mantis"". After testing the ""Mantis"", the lead engineer realized that he needed the SRB to provide a longer thrust. And for an SRB that was literally found by the side of the road, simply doubling its propellant capacity can be seen as a very simple idea, but if it works, who cares?","The RT-2 ""Shrimp"" is directly derived from the RT-1 ""Mantis"". After testing the ""Mantis"", the lead engineer realized that he needed the SRB to provide a longer thrust. And for an SRB that was literally found by the side of the road, simply doubling its propellant capacity can be seen as a very simple idea, but if it works, who cares?","The RT-2 ""Shrimp"" is directly derived from the RT-1 ""Mantis"". After testing the ""Mantis"", the lead engineer realized that he needed the SRB to provide a longer thrust. And for an SRB that was literally found by the side of the road, simply doubling its propellant capacity can be seen as a very simple idea, but if it works, who cares?","The RT-2 ""Shrimp"" is directly derived from the RT-1 ""Mantis"". After testing the ""Mantis"", the lead engineer realized that he needed the SRB to provide a longer thrust. And for an SRB that was literally found by the side of the road, simply doubling its propellant capacity can be seen as a very simple idea, but if it works, who cares?",,Localized
Parts/Description/sticker_0v,Text,,"Originally intended for labeling tax folders, personal lunch boxes, and passive-aggressive interdepartmental notices, the engineers at Blunder Kifflin realized their adhesive paper also sticks to rockets. Mostly.","Originellement pensé pour étiqueter les dossiers d'impôt, les gamelles personnelles, et pour les notes interdépartementales passive-agressives, les ingénieurs de Blunder Kifflin ont réalisé que leur papier collait aussi aux fusées. Plus ou moins.","Inizialmente pensata per etichettare cartelle delle tasse, cestini del pranzo personali e avvisi passivo-aggressivi tra i reparti, gli ingegneri della Blunder Kifflin si sono resi conto che la loro carta adesiva si attacca anche ai razzi. Più o meno.","Eigentlich für das etikettieren von Steuerheften, persönlichen Brotdosen und passiv-aggressiven Interabteilungsnotizen vorgesehen, haben die Ingeneure bei Blunder Kifflin realisiert, dass ihr Klebepapier auch an Raketen klebt. Meistens.","Originalmente creada para etiquetar carpetas de impuestos, loncheras personales y avisos interdepartamentales pasivo-agresivos, los ingenieros de Blunder Kifflin se dieron cuenta de que su papel adhesivo también se pega a los cohetes. Por lo general.","Originally intended for labeling tax folders, personal lunch boxes, and passive-aggressive interdepartmental notices, the engineers at Blunder Kifflin realized their adhesive paper also sticks to rockets. Mostly.","Originally intended for labeling tax folders, personal lunch boxes, and passive-aggressive interdepartmental notices, the engineers at Blunder Kifflin realized their adhesive paper also sticks to rockets. Mostly.","Chociaż papier samoprzylepny firmy Blunder Kifflin miał pierwotnie służyć do oznaczania teczek podatkowych, osobistych pudełek na lunch oraz pasywno-agresywnych ogłoszeń międzywydziałowych, inżynierowie z tej firmy zorientowali się, że przykleja się on również do rakiet. Przynajmniej w większości przypadków.","Инженеры компании «Бландер Киффлин» осознали, что их самоклеящаяся бумага, изначально предназначавшаяся для маркировки налоговых папок, личных ланч-боксов и пассивно-агрессивных межотдельских записок, отлично липнет и к ракетам. Ну, в большинстве случаев.",Blunder Kifflin的工程师们原本打算把他们的贴纸用在税务文件夹、个人午餐盒以及带刺的跨部门通知上，结果他们发现这玩意儿居然能粘在火箭上……大部分时候能。,"Estes adesivos eram originalmente feitos para organizar papeladas de imposto de renda, decorar lancheiras e realizar seções de depilação não autorizadas entre amigos próximos. Porém, os engenheiros da Gafe-Kaplin perceberam que o papel adesivo deles também grudava em foguetes. Bem, ao menos temporariamente.","Originally intended for labeling tax folders, personal lunch boxes, and passive-aggressive interdepartmental notices, the engineers at Blunder Kifflin realized their adhesive paper also sticks to rockets. Mostly.","Originally intended for labeling tax folders, personal lunch boxes, and passive-aggressive interdepartmental notices, the engineers at Blunder Kifflin realized their adhesive paper also sticks to rockets. Mostly.","Originally intended for labeling tax folders, personal lunch boxes, and passive-aggressive interdepartmental notices, the engineers at Blunder Kifflin realized their adhesive paper also sticks to rockets. Mostly.","Originally intended for labeling tax folders, personal lunch boxes, and passive-aggressive interdepartmental notices, the engineers at Blunder Kifflin realized their adhesive paper also sticks to rockets. Mostly.","Originally intended for labeling tax folders, personal lunch boxes, and passive-aggressive interdepartmental notices, the engineers at Blunder Kifflin realized their adhesive paper also sticks to rockets. Mostly.",,Localized
Parts/Title/pod_1.5v_conical_crew,Text,,"Mk1-2 ""Dunce Cap""","Mk1-2 ""Bonnet d'âne""","Mk1-2 ""Cappello da Asino""","Mk1-2 ""Dunce Cap""","Mk1-2 ""Dunce Cap""","Mk1-2 ""Dunce Cap""","Mk1-2 ""던스 캡""",Mk1-2 „Ośla Czapka”,«Колпак» Mk1-2,Mk1-2“傻帽”,"Mk1-2 ""Dose Dupla""","Mk1-2 ""Dunce Cap""","Mk1-2 ""Dunce Cap""","Mk1-2 ""Dunce Cap""","Mk1-2 ""Dunce Cap""","Mk1-2 ""Dunce Cap""",,Localized
Parts/Title/camera_0v_down,Text,,"Ionic Optics ""Nadir"" Landing Camera",Caméra d'atterrissage « Nadir » à optique ionique,"Telecamera di Atterraggio Ionic Optics ""Nadir""","Ionic Optics ""Nadir"" Landekamera","Cámara de aterrizaje ""Nadir"" de óptica iónica","Ionic Optics ""Nadir"" Landing Camera","아이오닉 옵틱스 ""나디르"" 착륙 카메라",Kamera do lądowania Ionic Optics „Nadir”,Посадочная камера «Надир» от «Ионик Оптикс»,离子光学“天底”着陆相机,"Câmera de Pouso ""Nadir"" da Ópticas Ionic Inc","Ionic Optics ""Nadir"" Landing Camera","Ionic Optics ""Nadir"" Landing Camera","Ionic Optics ""Nadir"" Landing Camera","Ionic Optics ""Nadir"" Landing Camera","Ionic Optics ""Nadir"" Landing Camera",,Localized
Parts/Subtitle/bodyflap_1v_procedural_light,Text,,Light Surface-Parallel Control Surface,Gouverne légère parallèle à la surface,Superficie di Controllo Piana Leggera,Leichte Oberflächen-Parallele Steuerungsfläche,Superficie de control ligera paralela a la superficie,Light Surface-Parallel Control Surface,Light Surface-Parallel Control Surface,Lekka klapa sterowa równoległa do kadłuba,Лёгкая управляющая поверхность параллельная корпусу,轻型机身平行舵面,Light Surface-Parallel Control Surface,Light Surface-Parallel Control Surface,Light Surface-Parallel Control Surface,Light Surface-Parallel Control Surface,Light Surface-Parallel Control Surface,Light Surface-Parallel Control Surface,,Localized
Parts/Description/bodyflap_1v_procedural_light,Text,,A light procedural control surface with a hinge that runs along the mounted surface for body flap layouts and broad atmospheric control.,"Une gouverne aérodynamique procédurale légère, dotée d'une charnière le long de sa surface de fixation, conçue pour les configurations de volets de fuselage et le contrôle atmosphérique global.",Superficie di controllo procedurale leggera con cerniera disposta lungo la superficie di attacco. Progettata per layout stile flap di scafo e per un controllo atmosferico ad ampio raggio.,"Eine leichte prozeduale Steuerungsfläche mit einem Scharnier, welches entlang der Steuerungfläche verläuft und für Körperklappenlayouts und generelle atmosphärische Kontrolle geeignet ist.","Una superficie de control procedimental ligera con una bisagra que discurre a lo largo de la superficie de montaje, para la disposición de los alerones del fuselaje y un amplio control atmosférico.",A light procedural control surface with a hinge that runs along the mounted surface for body flap layouts and broad atmospheric control.,A light procedural control surface with a hinge that runs along the mounted surface for body flap layouts and broad atmospheric control.,"Lekka, proceduralna powierzchnia sterowa z zawiasem biegnącym wzdłuż powierzchni montażowej. Zaprojektowana z myślą o układach klap kadłubowych i wszechstronnej kontroli w atmosferze.","Легкая управляющая поверхность с шарниром, проходящим вдоль установленной поверхности, предназначенная для компоновки закрылков фюзеляжа и широкого управления в атмосферных условиях.",一种轻型的程序生成控制舵面，其铰链沿安装表面延伸，适用于机身襟翼布局及广泛的大气层控制。,A light procedural control surface with a hinge that runs along the mounted surface for body flap layouts and broad atmospheric control.,A light procedural control surface with a hinge that runs along the mounted surface for body flap layouts and broad atmospheric control.,A light procedural control surface with a hinge that runs along the mounted surface for body flap layouts and broad atmospheric control.,A light procedural control surface with a hinge that runs along the mounted surface for body flap layouts and broad atmospheric control.,A light procedural control surface with a hinge that runs along the mounted surface for body flap layouts and broad atmospheric control.,A light procedural control surface with a hinge that runs along the mounted surface for body flap layouts and broad atmospheric control.,,Localized
Parts/Subtitle/bodyflap_2v_procedural_heavy,Text,,Medium Surface-Parallel Control Surface,Gouverne moyenne parallèle à la surface,Superficie di Controllo Piana Media,Medium Oberflächen-Parallele Steuerungsfläche,Superficie de control de superficie paralela media,Medium Surface-Parallel Control Surface,Medium Surface-Parallel Control Surface,Średnia powierzchnia sterowa równoległa do kadłuba,Средняя управляющая поверхность параллельная корпусу,中型机身平行舵面,Medium Surface-Parallel Control Surface,Medium Surface-Parallel Control Surface,Medium Surface-Parallel Control Surface,Medium Surface-Parallel Control Surface,Medium Surface-Parallel Control Surface,Medium Surface-Parallel Control Surface,,Localized
Parts/Subtitle/bodyflap_3v_procedural_spaceplane,Text,,Heavy Surface-Parallel Control Surface,Gouverne lourde parallèle à la surface,Superficie di Controllo Piana Pesante,Schwere Oberflächen-Parallele Steuerungsfläche,Superficie de control pesada y paralela a la superficie,Heavy Surface-Parallel Control Surface,Heavy Surface-Parallel Control Surface,Ciężka powierzchnia sterowa równoległa do kadłuba,Тяжелая управляющая поверхность параллельная корпусу,重型机身平行舵面,Heavy Surface-Parallel Control Surface,Heavy Surface-Parallel Control Surface,Heavy Surface-Parallel Control Surface,Heavy Surface-Parallel Control Surface,Heavy Surface-Parallel Control Surface,Heavy Surface-Parallel Control Surface,,Localized
Parts/Description/bodyflap_2v_procedural_heavy,Text,,A medium procedural control surface with a hinge that runs along the mounted surface for body flap layouts and broad atmospheric control.,"Une gouverne aérodynamique procédurale moyenne, dotée d'une charnière le long de sa surface de fixation, conçue pour les configurations de volets de fuselage et le contrôle atmosphérique global.",Superficie di controllo procedurale media con cerniera disposta lungo la superficie di attacco. Progettata per layout stile flap di scafo e per un controllo atmosferico ad ampio raggio.,"Eine mittelschwere prozeduale Steuerungsfläche mit einem Scharnier, welches entlang der Steuerungfläche verläuft und für Körperklappenlayouts und generelle atmosphärische Kontrolle geeignet ist.","Una superficie de control procedural de tamaño medio con una bisagra que discurre a lo largo de la superficie de montaje, destinada a configuraciones de alerones en el fuselaje y a un control atmosférico amplio.",A medium procedural control surface with a hinge that runs along the mounted surface for body flap layouts and broad atmospheric control.,A medium procedural control surface with a hinge that runs along the mounted surface for body flap layouts and broad atmospheric control.,"Średnia, proceduralna powierzchnia sterowa z zawiasem biegnącym wzdłuż powierzchni montażowej. Zaprojektowana z myślą o układach klap kadłubowych i wszechstronnej kontroli w atmosferze.","Средняя управляющая поверхность с шарниром, проходящим вдоль установленной поверхности, предназначенная для компоновки закрылков фюзеляжа и широкого диапазона управления в атмосферных условиях.",一种中型的程序生成控制舵面，其铰链沿安装表面延伸，适用于机身襟翼布局及广泛的大气层控制。,A medium procedural control surface with a hinge that runs along the mounted surface for body flap layouts and broad atmospheric control.,A medium procedural control surface with a hinge that runs along the mounted surface for body flap layouts and broad atmospheric control.,A medium procedural control surface with a hinge that runs along the mounted surface for body flap layouts and broad atmospheric control.,A medium procedural control surface with a hinge that runs along the mounted surface for body flap layouts and broad atmospheric control.,A medium procedural control surface with a hinge that runs along the mounted surface for body flap layouts and broad atmospheric control.,A medium procedural control surface with a hinge that runs along the mounted surface for body flap layouts and broad atmospheric control.,,Localized
Parts/Description/bodyflap_3v_procedural_spaceplane,Text,,A heavy procedural control surface with a hinge that runs along the mounted surface for body flap layouts and broad atmospheric control.,"Une gouverne aérodynamique procédurale lourde, dotée d'une charnière le long de sa surface de fixation, conçue pour les configurations de volets de fuselage et le contrôle atmosphérique global.",Superficie di controllo procedurale pesante con cerniera disposta lungo la superficie di attacco. Progettata per layout stile flap di scafo e per un controllo atmosferico ad ampio raggio.,"Eine schwere prozeduale Steuerungsfläche mit einem Scharnier, welches entlang der Steuerungfläche verläuft und für Körperklappenlayouts und generelle atmosphärische Kontrolle geeignet ist.","Una superficie de control de gran envergadura con una bisagra que recorre toda la superficie de montaje, destinada a la disposición de los alerones del fuselaje y a un amplio control atmosférico.",A heavy procedural control surface with a hinge that runs along the mounted surface for body flap layouts and broad atmospheric control.,A heavy procedural control surface with a hinge that runs along the mounted surface for body flap layouts and broad atmospheric control.,"Ciężka, proceduralna powierzchnia sterowa z zawiasem biegnącym wzdłuż powierzchni montażowej. Zaprojektowana z myślą o układach klap kadłubowych i wszechstronnej kontroli w atmosferze.","Тяжелая управляющая поверхность с шарниром, проходящим вдоль установленной поверхности, предназначенная для компоновки закрылков фюзеляжа и широкого диапазона управления в атмосферных условиях.",一种重型的程序生成控制舵面，其铰链沿安装表面延伸，适用于机身襟翼布局及广泛的大气层控制。,A heavy procedural control surface with a hinge that runs along the mounted surface for body flap layouts and broad atmospheric control.,A heavy procedural control surface with a hinge that runs along the mounted surface for body flap layouts and broad atmospheric control.,A heavy procedural control surface with a hinge that runs along the mounted surface for body flap layouts and broad atmospheric control.,A heavy procedural control surface with a hinge that runs along the mounted surface for body flap layouts and broad atmospheric control.,A heavy procedural control surface with a hinge that runs along the mounted surface for body flap layouts and broad atmospheric control.,A heavy procedural control surface with a hinge that runs along the mounted surface for body flap layouts and broad atmospheric control.,,Localized
Parts/Subtitle/heat_shield_1.5v,Text,,Heat Shield,Bouclier thermique,Scudo termico,Heat Shield,Escudo térmico,Heat Shield,Heat Shield,Osłona ciepłochronna,Теплозащитный экран,热防护罩,Heat Shield,Heat Shield,Heat Shield,Heat Shield,Heat Shield,Heat Shield,,Localized
Parts/Manufacturer/heat_shield_1.5v,Text,,O.M.B. Demolition Enterprises,Société de Démolition O.M.B,O.M.B. Demolizioni,O.M.B. Demolition Enterprises,O.M.B. Demolition Enterprises,O.M.B. Demolition Enterprises,O.M.B. Demolition Enterprises,Firma Rozbiórkowa „Gruch”,«Бомб Демонтаж Корп.»,O.M.B.爆破企业,O.M.B. Demolition Enterprises,O.M.B. Demolition Enterprises,O.M.B. Demolition Enterprises,O.M.B. Demolition Enterprises,O.M.B. Demolition Enterprises,O.M.B. Demolition Enterprises,,Localized
Parts/Description/heat_shield_1.5v,Text,,"After several customers objected to gluing the HS-125 onto SM+ capsules and calling it character building, O.M.B. Demolition produced the HS-187. It fits the gap, absorbs the heat, and only looks like a serving tray from certain angles.","Après que plusieurs clients se soient plaints de devoir coller le HS-125 sur les capsules SM+ en prétextant que « ça forge le caractère », la Société de Démolition O.M.B a produit le HS-187. Il comble l'espace, absorbe la chaleur et ne ressemble à un plateau de service que sous certains angles.","Dopo che diversi clienti si sono opposti all'idea di incollare l'HS-125 sulle capsule S+ definendola un'esperienza per ""temprare il carattere"", la O.M.B. Demolizioni ha prodotto l'HS-187. Chiude il divario, assorbe il calore e sembra un vassoio da portata... solo da certe angolazioni.","After several customers objected to gluing the HS-125 onto SM+ capsules and calling it character building, O.M.B. Demolition produced the HS-187. It fits the gap, absorbs the heat, and only looks like a serving tray from certain angles.","Después de que varios clientes se opusieran a pegar el HS-125 a las cápsulas SM+ y a que se denominara «formación del carácter», O.M.B. Demolition fabricó el HS-187. Se adapta al hueco, absorbe el calor y solo parece una bandeja de servicio desde ciertos ángulos.","After several customers objected to gluing the HS-125 onto SM+ capsules and calling it character building, O.M.B. Demolition produced the HS-187. It fits the gap, absorbs the heat, and only looks like a serving tray from certain angles.","After several customers objected to gluing the HS-125 onto SM+ capsules and calling it character building, O.M.B. Demolition produced the HS-187. It fits the gap, absorbs the heat, and only looks like a serving tray from certain angles.","Po tym, jak kilku klientów zaprotestowało przeciwko przyklejaniu osłony HS-125 do kapsuł SM+ i nazywaniu tego budowaniem charakteru, Firma Rozbiórkowa „Gruch” wyprodukowała model HS-187. Wypełnia on lukę, pochłania ciepło i tylko pod pewnymi kątami przypomina tacę kelnerską.","После того, как несколько клиентов возразили против приклеивания HS-125 к капсулам SM+ и назвали это «приданием характера», «Бомб Демонтаж Корп.» выпустила HS-187. Он идеально подходит по размеру, поглощает тепло и лишь под определенными углами выглядит как поднос.",由于一些客户坚决抵制将1.25米热防护罩粘到1.875米尺寸的指令舱上并将之称为磨练性格的行为，O.M.B.爆破企业推出了HS-187。它能填补空隙、吸收热量，而且从某些角度看，它看起来不过是个托盘。,"After several customers objected to gluing the HS-125 onto SM+ capsules and calling it character building, O.M.B. Demolition produced the HS-187. It fits the gap, absorbs the heat, and only looks like a serving tray from certain angles.","After several customers objected to gluing the HS-125 onto SM+ capsules and calling it character building, O.M.B. Demolition produced the HS-187. It fits the gap, absorbs the heat, and only looks like a serving tray from certain angles.","After several customers objected to gluing the HS-125 onto SM+ capsules and calling it character building, O.M.B. Demolition produced the HS-187. It fits the gap, absorbs the heat, and only looks like a serving tray from certain angles.","After several customers objected to gluing the HS-125 onto SM+ capsules and calling it character building, O.M.B. Demolition produced the HS-187. It fits the gap, absorbs the heat, and only looks like a serving tray from certain angles.","After several customers objected to gluing the HS-125 onto SM+ capsules and calling it character building, O.M.B. Demolition produced the HS-187. It fits the gap, absorbs the heat, and only looks like a serving tray from certain angles.","After several customers objected to gluing the HS-125 onto SM+ capsules and calling it character building, O.M.B. Demolition produced the HS-187. It fits the gap, absorbs the heat, and only looks like a serving tray from certain angles.",,Localized
PartModules/ResourceScanner/ToggleResourceWindow,Text,,Toggle Resource Window,Ouvrir/Fermer la fenêtre des ressources,Mostra/nascondi pannello risorse,Toggle Resource Window,Toggle Resource Window,Toggle Resource Window,Toggle Resource Window,Toggle Resource Window,Переключить Окно ресурсов,切换资源窗口,Toggle Resource Window,Toggle Resource Window,Toggle Resource Window,Toggle Resource Window,Toggle Resource Window,Toggle Resource Window,,Localized
Parts/Title/truss_1.5v_circular_1x1,Text,,CT-SP-1,CT-SP-1,CT-SP-1,CT-SP-1,CT-SP-1,CT-SP-1,CT-SP-1,CT-SP-1,CT-SP-1,CT-SP-1,CT-SP-1,CT-SP-1,CT-SP-1,CT-SP-1,CT-SP-1,CT-SP-1,,Localized
Parts/Subtitle/truss_1.5v_circular_1x1,Text,,1.875m Small+ Circular Truss,"Structure de maintien circulaire petit+ 1,875m",Traliccio Circolare S+ da 1.875 m,1.875m Small+ Circular Truss,1.875m Small+ Circular Truss,1.875m Small+ Circular Truss,1.875m Small+ Circular Truss,1.875m Small+ Circular Truss,"Круговая ферма 1.875м, Малый+",1.875m中小型圆桁架,1.875m Small+ Circular Truss,1.875m Small+ Circular Truss,1.875m Small+ Circular Truss,1.875m Small+ Circular Truss,1.875m Small+ Circular Truss,1.875m Small+ Circular Truss,,Localized
Parts/Description/truss_1.5v_circular_1x1,Text,,"The CT-SP-1 is a small+ circular truss measuring 1.875 meters in length. It’s taller than a kerbal, but not as tall as several kerbals stacked on top of each other.","Le CT-SP-1 est une structure de maintien circulaire petit+ qui mesure 1,875 mètres de long. C'est plus grand qu'un kerbal, mais pas plus que plusieurs empillés.","Il CT-SP-1 è un traliccio circolare di taglia S+ lungo 1,875 metri. La sua altezza supera quella di un Kerbal, ma non quella di diversi Kerbal messi uno sull'altro.","The CT-SP-1 is a small+ circular truss measuring 1.875 meters in length. It’s taller than a kerbal, but not as tall as several kerbals stacked on top of each other.","The CT-SP-1 is a small+ circular truss measuring 1.875 meters in length. It’s taller than a kerbal, but not as tall as several kerbals stacked on top of each other.","The CT-SP-1 is a small+ circular truss measuring 1.875 meters in length. It’s taller than a kerbal, but not as tall as several kerbals stacked on top of each other.","The CT-SP-1 is a small+ circular truss measuring 1.875 meters in length. It’s taller than a kerbal, but not as tall as several kerbals stacked on top of each other.","The CT-SP-1 is a small+ circular truss measuring 1.875 meters in length. It’s taller than a kerbal, but not as tall as several kerbals stacked on top of each other.","CT-SP-1 — это небольшая круговая ферма длиной 1,875 метра. Она выше кербала, но не выше нескольких кербалов, поставленных друг на друга.",CT-SP-1是一款长1.875米的中小型圆形桁架。它比一个坎巴拉人还高，但不如几个坎巴拉人叠起来那么高。,"The CT-SP-1 is a small+ circular truss measuring 1.875 meters in length. It’s taller than a kerbal, but not as tall as several kerbals stacked on top of each other.","The CT-SP-1 is a small+ circular truss measuring 1.875 meters in length. It’s taller than a kerbal, but not as tall as several kerbals stacked on top of each other.","The CT-SP-1 is a small+ circular truss measuring 1.875 meters in length. It’s taller than a kerbal, but not as tall as several kerbals stacked on top of each other.","The CT-SP-1 is a small+ circular truss measuring 1.875 meters in length. It’s taller than a kerbal, but not as tall as several kerbals stacked on top of each other.","The CT-SP-1 is a small+ circular truss measuring 1.875 meters in length. It’s taller than a kerbal, but not as tall as several kerbals stacked on top of each other.","The CT-SP-1 is a small+ circular truss measuring 1.875 meters in length. It’s taller than a kerbal, but not as tall as several kerbals stacked on top of each other.",,Localized
Parts/Manufacturer/truss_1.5v_circular_1x1,Text,,Bob’s Girders,Les Poutrelles de Bob,Le travi di Bob,Bob’s Girders,Bob’s Girders,Bob’s Girders,Bob’s Girders,Bob’s Girders,Балки Боба,Bob大梁公司,Bob’s Girders,Bob’s Girders,Bob’s Girders,Bob’s Girders,Bob’s Girders,Bob’s Girders,,Localized
Parts/Title/truss_1.5v_circular_1x4,Text,,CT-SP-4,CT-SP-4,CT-SP-4,CT-SP-4,CT-SP-4,CT-SP-4,CT-SP-4,CT-SP-4,CT-SP-4,CT-SP-4,CT-SP-4,CT-SP-4,CT-SP-4,CT-SP-4,CT-SP-4,CT-SP-4,,Localized
Parts/Subtitle/truss_1.5v_circular_1x4,Text,,7.5m Small+ Circular Truss,"Structure de maintien circulaire petit+ 7,5m",Traliccio circolare S+ da 7.5 m,7.5m Small+ Circular Truss,7.5m Small+ Circular Truss,7.5m Small+ Circular Truss,7.5m Small+ Circular Truss,7.5m Small+ Circular Truss,"Круговая ферма 7.5м, Малый+",7.5m中小型圆桁架,7.5m Small+ Circular Truss,7.5m Small+ Circular Truss,7.5m Small+ Circular Truss,7.5m Small+ Circular Truss,7.5m Small+ Circular Truss,7.5m Small+ Circular Truss,,Localized
Parts/Description/truss_1.5v_circular_1x4,Text,,"The CT-SP-4 is a small+ circular truss measuring 7.5 meters in length. It seems like it would be pretty fun to climb on, if it weren’t a workplace safety violation.","Le CT-SP-4 est une structure de maintien circulaire petit+ de 7,5 mètres de long. Ça pourrait être amusant de l'escalader si cela n'était pas une infraction aux règles de sécurité.","Il CT-SP-4 è un traliccio circolare di taglia S+ lungo 7,5 metri. Sarebbe divertente scalarlo se non fosse una violazione della sicurezza sul lavoro","The CT-SP-4 is a small+ circular truss measuring 7.5 meters in length. It seems like it would be pretty fun to climb on, if it weren’t a workplace safety violation.","The CT-SP-4 is a small+ circular truss measuring 7.5 meters in length. It seems like it would be pretty fun to climb on, if it weren’t a workplace safety violation.","The CT-SP-4 is a small+ circular truss measuring 7.5 meters in length. It seems like it would be pretty fun to climb on, if it weren’t a workplace safety violation.","The CT-SP-4 is a small+ circular truss measuring 7.5 meters in length. It seems like it would be pretty fun to climb on, if it weren’t a workplace safety violation.","The CT-SP-4 is a small+ circular truss measuring 7.5 meters in length. It seems like it would be pretty fun to climb on, if it weren’t a workplace safety violation.","CT-SP-4 — это небольшая круговая ферма длиной 7,5 метров. Кажется, на неё было бы довольно весело забраться, если бы это не было нарушением правил техники безопасности на рабочем месте.",CT-SP-4是一款长度为7.5米的中小型环形桁架。要不是违反了工作场所安全规定，爬上去应该挺好玩的。,"The CT-SP-4 is a small+ circular truss measuring 7.5 meters in length. It seems like it would be pretty fun to climb on, if it weren’t a workplace safety violation.","The CT-SP-4 is a small+ circular truss measuring 7.5 meters in length. It seems like it would be pretty fun to climb on, if it weren’t a workplace safety violation.","The CT-SP-4 is a small+ circular truss measuring 7.5 meters in length. It seems like it would be pretty fun to climb on, if it weren’t a workplace safety violation.","The CT-SP-4 is a small+ circular truss measuring 7.5 meters in length. It seems like it would be pretty fun to climb on, if it weren’t a workplace safety violation.","The CT-SP-4 is a small+ circular truss measuring 7.5 meters in length. It seems like it would be pretty fun to climb on, if it weren’t a workplace safety violation.","The CT-SP-4 is a small+ circular truss measuring 7.5 meters in length. It seems like it would be pretty fun to climb on, if it weren’t a workplace safety violation.",,Localized
Parts/Manufacturer/truss_1.5v_circular_1x4,Text,,Bob’s Girders,Les Poutrelles de Bob,Le travi di Bob,Bob’s Girders,Bob’s Girders,Bob’s Girders,Bob’s Girders,Bob’s Girders,Балки Боба,Bob大梁公司,Bob’s Girders,Bob’s Girders,Bob’s Girders,Bob’s Girders,Bob’s Girders,Bob’s Girders,,Localized
Parts/Title/stabilizer_1.5v_reactionwheel,Text,,SPRW-187,SPRW-187,SPRW-187,SPRW-187,SPRW-187,SPRW-187,SPRW-187,SPRW-187,SPRW-187,SPRW-187,SPRW-187,SPRW-187,SPRW-187,SPRW-187,SPRW-187,SPRW-187,,Localized
Parts/Subtitle/stabilizer_1.5v_reactionwheel,Text,,Small+ Reaction Wheel Stabilizer,Roue de réaction Petit+,Ruota di reazione S+,Small+ Reaction Wheel Stabilizer,Small+ Reaction Wheel Stabilizer,Small+ Reaction Wheel Stabilizer,Small+ Reaction Wheel Stabilizer,Small+ Reaction Wheel Stabilizer,Small+ Reaction Wheel Stabilizer,中小型动量轮稳定器,Small+ Reaction Wheel Stabilizer,Small+ Reaction Wheel Stabilizer,Small+ Reaction Wheel Stabilizer,Small+ Reaction Wheel Stabilizer,Small+ Reaction Wheel Stabilizer,Small+ Reaction Wheel Stabilizer,,Localized
Parts/Manufacturer/stabilizer_1.5v_reactionwheel,Text,,STEADLER Engineering Corps.,Ingénierie STEADLER,Corpo d'ingegneria STEADLER,STEADLER Engineering Corps.,STEADLER Engineering Corps.,STEADLER Engineering Corps.,STEADLER Engineering Corps.,STEADLER Engineering Corps.,STEADLER Engineering Corps.,STEADLER工程公司,STEADLER Engineering Corps.,STEADLER Engineering Corps.,STEADLER Engineering Corps.,STEADLER Engineering Corps.,STEADLER Engineering Corps.,STEADLER Engineering Corps.,,Localized
Parts/Description/stabilizer_1.5v_reactionwheel,Text,,"The four gyroscopes of the SPRW-187 work in sync to provide surprisingly high rotational strength. This can either ensure the stability of a decently sized craft, or be used as an orbital merry-go-round.","Les quatres gyroscopes du SPRW-187 travaillent ensemble pour fournir une force de rotation étonnamment grande. Ce qui peut soit assurer la stabilité d'un vaisseau de plutôt bonne taille, soit être utilisé comme un carrousel de l'espace.","I quattro giroscopi dell'SPRW-187 lavorano in sinergia per fornire una forza di rotazione sorprendentemente elevata. Può essere utilizzata sia per garantire la stabilità di un veicolo di discrete dimensioni, sia per trasformarlo in una giostra orbitale","The four gyroscopes of the SPRW-187 work in sync to provide surprisingly high rotational strength. This can either ensure the stability of a decently sized craft, or be used as an orbital merry-go-round.","The four gyroscopes of the SPRW-187 work in sync to provide surprisingly high rotational strength. This can either ensure the stability of a decently sized craft, or be used as an orbital merry-go-round.","The four gyroscopes of the SPRW-187 work in sync to provide surprisingly high rotational strength. This can either ensure the stability of a decently sized craft, or be used as an orbital merry-go-round.","The four gyroscopes of the SPRW-187 work in sync to provide surprisingly high rotational strength. This can either ensure the stability of a decently sized craft, or be used as an orbital merry-go-round.","The four gyroscopes of the SPRW-187 work in sync to provide surprisingly high rotational strength. This can either ensure the stability of a decently sized craft, or be used as an orbital merry-go-round.","The four gyroscopes of the SPRW-187 work in sync to provide surprisingly high rotational strength. This can either ensure the stability of a decently sized craft, or be used as an orbital merry-go-round.",SPRW-187的四个陀螺仪协同工作，提供惊人的旋转力矩。这既能确保中型飞行器的稳定性，也能当作轨道上的旋转木马使用。,"The four gyroscopes of the SPRW-187 work in sync to provide surprisingly high rotational strength. This can either ensure the stability of a decently sized craft, or be used as an orbital merry-go-round.","The four gyroscopes of the SPRW-187 work in sync to provide surprisingly high rotational strength. This can either ensure the stability of a decently sized craft, or be used as an orbital merry-go-round.","The four gyroscopes of the SPRW-187 work in sync to provide surprisingly high rotational strength. This can either ensure the stability of a decently sized craft, or be used as an orbital merry-go-round.","The four gyroscopes of the SPRW-187 work in sync to provide surprisingly high rotational strength. This can either ensure the stability of a decently sized craft, or be used as an orbital merry-go-round.","The four gyroscopes of the SPRW-187 work in sync to provide surprisingly high rotational strength. This can either ensure the stability of a decently sized craft, or be used as an orbital merry-go-round.","The four gyroscopes of the SPRW-187 work in sync to provide surprisingly high rotational strength. This can either ensure the stability of a decently sized craft, or be used as an orbital merry-go-round.",,Localized
Parts/Title/nosecone_1.5v_straight,Text,,Mk4A Nose Cone,Coiffe oblique Mk4A,Ogiva Mk4A,Mk4A Nose Cone,Mk4A Nose Cone,Mk4A Nose Cone,Mk4A Nose Cone,Mk4A Nose Cone,Mk4A Nose Cone,Mk4A头锥,Mk4A Nose Cone,Mk4A Nose Cone,Mk4A Nose Cone,Mk4A Nose Cone,Mk4A Nose Cone,Mk4A Nose Cone,,Localized
Parts/Subtitle/nosecone_1.5v_straight,Text,,Advanced Nose Cone,Coiffe avancée,Ogiva avanzata,Advanced Nose Cone,Advanced Nose Cone,Advanced Nose Cone,Advanced Nose Cone,Advanced Nose Cone,Advanced Nose Cone,高级头锥,Advanced Nose Cone,Advanced Nose Cone,Advanced Nose Cone,Advanced Nose Cone,Advanced Nose Cone,Advanced Nose Cone,,Localized
Parts/Manufacturer/nosecone_1.5v_straight,Text,,Goliath National Products,Produits Nationaux Goliath,Prodotti Nazionali Goliath,Goliath National Products,Goliath National Products,Goliath National Products,Goliath National Products,Goliath National Products,Goliath National Products,歌利亚国家制造厂,Goliath National Products,Goliath National Products,Goliath National Products,Goliath National Products,Goliath National Products,Goliath National Products,,Localized
Parts/Description/nosecone_1.5v_straight,Text,,"When the KSC started using SM+ parts, they ran into an issue: the previous nose cones were too small! After a very hasty and panicked letter sent to our partners at Goliath National Products, the Mk4A Nose Cone was designed to prevent all that pesky air getting in the way!","Quand la CSK a commencé à utiliser des pièces Petit+, ils ont rencontré un problème : les coiffes précédentes étaient trop petites ! Après qu'une lettre faite à la va vite fut envoyée à nos partenaire chez Produits Nationaux Goliath, la coiffe oblique Mk4A fut créée pour éviter que tout ce vilain air nous barre la route !","Quando il KSC ha iniziato a utilizzare le parti S+, si è imbattuto in un problema: le vecchie ogive erano troppo piccole! Dopo una lettera inviata in preda al panico ai nostri partner della Prodotti Nazionali Goliath, è stata progettata l'ogiva Mk4A per impedire a tutta quella fastidiosa aria di intralciarci la via!","When the KSC started using SM+ parts, they ran into an issue: the previous nose cones were too small! After a very hasty and panicked letter sent to our partners at Goliath National Products, the Mk4A Nose Cone was designed to prevent all that pesky air getting in the way!","When the KSC started using SM+ parts, they ran into an issue: the previous nose cones were too small! After a very hasty and panicked letter sent to our partners at Goliath National Products, the Mk4A Nose Cone was designed to prevent all that pesky air getting in the way!","When the KSC started using SM+ parts, they ran into an issue: the previous nose cones were too small! After a very hasty and panicked letter sent to our partners at Goliath National Products, the Mk4A Nose Cone was designed to prevent all that pesky air getting in the way!","When the KSC started using SM+ parts, they ran into an issue: the previous nose cones were too small! After a very hasty and panicked letter sent to our partners at Goliath National Products, the Mk4A Nose Cone was designed to prevent all that pesky air getting in the way!","When the KSC started using SM+ parts, they ran into an issue: the previous nose cones were too small! After a very hasty and panicked letter sent to our partners at Goliath National Products, the Mk4A Nose Cone was designed to prevent all that pesky air getting in the way!","When the KSC started using SM+ parts, they ran into an issue: the previous nose cones were too small! After a very hasty and panicked letter sent to our partners at Goliath National Products, the Mk4A Nose Cone was designed to prevent all that pesky air getting in the way!",当坎巴拉航天中心开始使用中小型部件时，他们遇到了一个问题：之前的头锥太小了！在匆匆忙忙、惊慌失措地给我们的合作伙伴歌利亚国家产品公司发了一封信后，Mk4A头锥被设计出来，以防那些讨厌的空气挡道！,"When the KSC started using SM+ parts, they ran into an issue: the previous nose cones were too small! After a very hasty and panicked letter sent to our partners at Goliath National Products, the Mk4A Nose Cone was designed to prevent all that pesky air getting in the way!","When the KSC started using SM+ parts, they ran into an issue: the previous nose cones were too small! After a very hasty and panicked letter sent to our partners at Goliath National Products, the Mk4A Nose Cone was designed to prevent all that pesky air getting in the way!","When the KSC started using SM+ parts, they ran into an issue: the previous nose cones were too small! After a very hasty and panicked letter sent to our partners at Goliath National Products, the Mk4A Nose Cone was designed to prevent all that pesky air getting in the way!","When the KSC started using SM+ parts, they ran into an issue: the previous nose cones were too small! After a very hasty and panicked letter sent to our partners at Goliath National Products, the Mk4A Nose Cone was designed to prevent all that pesky air getting in the way!","When the KSC started using SM+ parts, they ran into an issue: the previous nose cones were too small! After a very hasty and panicked letter sent to our partners at Goliath National Products, the Mk4A Nose Cone was designed to prevent all that pesky air getting in the way!","When the KSC started using SM+ parts, they ran into an issue: the previous nose cones were too small! After a very hasty and panicked letter sent to our partners at Goliath National Products, the Mk4A Nose Cone was designed to prevent all that pesky air getting in the way!",,Localized
Parts/Title/nosecone_1.5v_slanted,Text,,Mk4B Nose Cone,Coiffe oblique Mk4B,Ogiva Mk4B,Mk4B Nose Cone,Mk4B Nose Cone,Mk4B Nose Cone,Mk4B Nose Cone,Mk4B Nose Cone,Mk4B Nose Cone,Mk4B头锥,Mk4B Nose Cone,Mk4B Nose Cone,Mk4B Nose Cone,Mk4B Nose Cone,Mk4B Nose Cone,Mk4B Nose Cone,,Localized
Parts/Subtitle/nosecone_1.5v_slanted,Text,,Advanced Nose Cone,Coiffe oblique avancée,Ogiva avanzata,Advanced Nose Cone,Advanced Nose Cone,Advanced Nose Cone,Advanced Nose Cone,Advanced Nose Cone,Advanced Nose Cone,高级头锥,Advanced Nose Cone,Advanced Nose Cone,Advanced Nose Cone,Advanced Nose Cone,Advanced Nose Cone,Advanced Nose Cone,,Localized
Parts/Manufacturer/nosecone_1.5v_slanted,Text,,Goliath National Products,Produits Nationaux Goliath,Prodotti Nazionali Goliath,Goliath National Products,Goliath National Products,Goliath National Products,Goliath National Products,Goliath National Products,Goliath National Products,歌利亚国家制造厂,Goliath National Products,Goliath National Products,Goliath National Products,Goliath National Products,Goliath National Products,Goliath National Products,,Localized
Parts/Description/nosecone_1.5v_slanted,Text,,"After the Mk4A Nose Cone was made, the R&D department decided that the rocket looked lonely with how far away the tip of the nose cone was, so they bashed it with a hammer until the prototype of the Mk4B was created.","Après que le Mk4A fut créé, le département R&D décida que la fusée avait l'air seule vu la longueur de la pointe de la coiffe, alors ils le frappèrent avec un marteau jusqu'à ce que le prototype du Mk4B soit créé.","Dopo aver creato l'ogiva Mk4A, il dipartimento R&S ha deciso che il razzo sembrava troppo solitario vista la distanza della sua punta. Così l'hanno presa a martellate finché non è nato il prototipo della Mk4B","After the Mk4A Nose Cone was made, the R&D department decided that the rocket looked lonely with how far away the tip of the nose cone was, so they bashed it with a hammer until the prototype of the Mk4B was created.","After the Mk4A Nose Cone was made, the R&D department decided that the rocket looked lonely with how far away the tip of the nose cone was, so they bashed it with a hammer until the prototype of the Mk4B was created.","After the Mk4A Nose Cone was made, the R&D department decided that the rocket looked lonely with how far away the tip of the nose cone was, so they bashed it with a hammer until the prototype of the Mk4B was created.","After the Mk4A Nose Cone was made, the R&D department decided that the rocket looked lonely with how far away the tip of the nose cone was, so they bashed it with a hammer until the prototype of the Mk4B was created.","After the Mk4A Nose Cone was made, the R&D department decided that the rocket looked lonely with how far away the tip of the nose cone was, so they bashed it with a hammer until the prototype of the Mk4B was created.","After the Mk4A Nose Cone was made, the R&D department decided that the rocket looked lonely with how far away the tip of the nose cone was, so they bashed it with a hammer until the prototype of the Mk4B was created.",在Mk4A头锥制成之后，研发部门觉得火箭因为锥尖儿伸得太远而显得有点孤单，于是他们抡起锤子一顿敲，最后敲出了Mk4B的原型。,"After the Mk4A Nose Cone was made, the R&D department decided that the rocket looked lonely with how far away the tip of the nose cone was, so they bashed it with a hammer until the prototype of the Mk4B was created.","After the Mk4A Nose Cone was made, the R&D department decided that the rocket looked lonely with how far away the tip of the nose cone was, so they bashed it with a hammer until the prototype of the Mk4B was created.","After the Mk4A Nose Cone was made, the R&D department decided that the rocket looked lonely with how far away the tip of the nose cone was, so they bashed it with a hammer until the prototype of the Mk4B was created.","After the Mk4A Nose Cone was made, the R&D department decided that the rocket looked lonely with how far away the tip of the nose cone was, so they bashed it with a hammer until the prototype of the Mk4B was created.","After the Mk4A Nose Cone was made, the R&D department decided that the rocket looked lonely with how far away the tip of the nose cone was, so they bashed it with a hammer until the prototype of the Mk4B was created.","After the Mk4A Nose Cone was made, the R&D department decided that the rocket looked lonely with how far away the tip of the nose cone was, so they bashed it with a hammer until the prototype of the Mk4B was created.",,Localized
PartModules/UniversalContainer/Name,Text,,Universal Container,Conteneur universel,Contenitore universale,Universal Container,Universal Container,Universal Container,Universal Container,Universal Container,Universal Container,通用容器,Universal Container,Universal Container,Universal Container,Universal Container,Universal Container,Universal Container,,Localized
PartModules/UniversalContainer/StorableResources,Text,,Storable Resources,Ressources entreposables,Risorse stoccabili,Storable Resources,Storable Resources,Storable Resources,Storable Resources,Storable Resources,Storable Resources,可存储资源,Storable Resources,Storable Resources,Storable Resources,Storable Resources,Storable Resources,Storable Resources,,Localized
