Key,Type,Desc,English,French,Italian,German,Spanish,Japanese,Korean,Polish,Russian,Chinese-Simplified [zh-CN],Portuguese-Brazil [pt-BR],Chinese-Traditional [zh-TW],Pirate English [en-PI],Serbian,Swedish,Romanian,$Context,$Status
Tutorials/tutorial_3.1.6_msg_1,Text,,"Experiments are performed by special <b><color=#FFA114><cspace=-.1>experiment parts</cspace></color></b>. Each experiment will detail what Research Locations they work in, so read your part details in the VAB!

<b><color=#FFA114><cspace=-.1>Kerbals on Extravehicular Activity (EVA) are also able to perform experiments</cspace></color></b>, but make sure they don’t lock the door behind them so they can re-enter the vehicle!","Les expériences sont réalisées par des <b><color=#FFA114><cspace=-.1>pièces de recherche</cspace></color></b> spéciales. Chaque expérience va détailler dans sa description sur quel emplacement de recherche elle va pouvoir fonctionner, donc lisez bien les descriptions des pièces dans le BAV !

<b><color=#FFA114><cspace=-.1>Les Kerbonautes en Activité Extra-Véhiculaire (AEV) sont également capables de réaliser des expériences</cspace></color></b>, mais faites attention ce qu'ils ne ferment pas la porte derrière eux et ne puissent donc plus rentrer dans le vaisseau !","Le ispezioni visive saranno sicuramente preziose per il nostro reparto R&S! Scopriamo cos'hanno visto.
  
  Apri il Registro Ricerche.","Experimente werden mit speziellen <b><color=#FFA114><cspace=-.1>Experimentteilen</cspace></color></b> durchgeführt. Bei jeden Experiment wird angegeben, an welchen Forschungsorten es arbeitet. Ließ daher die Teildetails in der FZF.

<b><color=#FFA114><cspace=-.1>Kerbals auf EVA können auch Experimente durchführen</cspace></color></b>, aber stelle sicher, dass sie nicht die Tür hinter sich verschließen, damit sie wieder züruckkehren können!","¡No cabe duda de que la perspectiva de la tripulación será muy valiosa para nuestro equipo de I+D! Vamos a comprobar qué han visto.
  
  Abre la Lista de investigación.","乗組員の知見は研究開発チームにとって計り知れないほど貴重なはずです！ 彼らが何を見たのか確認しましょう。
  
  「研究リスト」を開いてください。","저는 승무원들의 통찰력이 저희 연구개발부에 매우 큰 도움이 될 것이라 확신합니다! 자 승무원들이 무엇을 봤는지 살펴볼까요?
  
  연구 목록을 열어보세요.","Spostrzeżenia załogi na pewno będą nieocenione dla naszego zespołu BR! Sprawdźmy, co widziała załoga.
  
  Otwórz listę badań.","Наверняка данные, полученные от команды, очень пригодятся нашим ученым! Давайте посмотрим, что увидел экипаж.
  
  Откройте список исследований.","我确信乘员的见解对于我们的研发团队来说非常宝贵！我们来看看，他们都看到了些什么吧。
  
  打开“研究列表”。","Com certeza as contribuições da tripulação vão ser importantes para nossa equipe de P&D! Vamos dar uma olhada no que eles viram.
  
  Abra a Lista de Pesquisa.","我相信組員的真知灼見對我們的研發團隊來說是無價之寶！一起來看看他們看到了什麼。
  
  開啟研究清單。","Experiments are performed by special <b><color=#FFA114><cspace=-.1>experiment parts</cspace></color></b>. Each experiment will detail what Research Locations they work in, so read your part details in the VAB!

<b><color=#FFA114><cspace=-.1>Kerbals on Extravehicular Activity (EVA) are also able to perform experiments</cspace></color></b>, but make sure they don’t lock the door behind them so they can re-enter the vehicle!","Experiments are performed by special <b><color=#FFA114><cspace=-.1>experiment parts</cspace></color></b>. Each experiment will detail what Research Locations they work in, so read your part details in the VAB!

<b><color=#FFA114><cspace=-.1>Kerbals on Extravehicular Activity (EVA) are also able to perform experiments</cspace></color></b>, but make sure they don’t lock the door behind them so they can re-enter the vehicle!","Experiments are performed by special <b><color=#FFA114><cspace=-.1>experiment parts</cspace></color></b>. Each experiment will detail what Research Locations they work in, so read your part details in the VAB!

<b><color=#FFA114><cspace=-.1>Kerbals on Extravehicular Activity (EVA) are also able to perform experiments</cspace></color></b>, but make sure they don’t lock the door behind them so they can re-enter the vehicle!","Experiments are performed by special <b><color=#FFA114><cspace=-.1>experiment parts</cspace></color></b>. Each experiment will detail what Research Locations they work in, so read your part details in the VAB!

<b><color=#FFA114><cspace=-.1>Kerbals on Extravehicular Activity (EVA) are also able to perform experiments</cspace></color></b>, but make sure they don’t lock the door behind them so they can re-enter the vehicle!",,Localized
Tutorials/tutorial_3.2.10_msg_1,Text,,"Warping to a point will automatically use time warp so that you quickly and precisely reach your desired destination.
  
You’ll spend a lot of time trying to reach specific points in your trajectory, so <b><color=#FFA114><cspace=-.1>if you know where you need to be, just Time Warp to Point.</cspace></color></b>","Activer l'avance rapide vers un point vous permet d'atteindre rapidement et précisément la destination souhaitée.
  
  Vous passerez beaucoup de temps à essayer d'atteindre des points spécifiques lors de votre trajectoire, donc <b><color=#FFA114><cspace=-.1>si vous savez où vous avez besoin de vous trouver à un moment donné, n'hésitez pas à utiliser l'avance rapide pour y arriver.</cspace></color></b>","Accelerare verso una data posizione attiverà automaticamente l'accelerazione temporale, permettendoti così di arrivare a destinazione con rapidità e precisione.
  
Passerai molto tempo provando a raggiungere punti specifici sulla tua traiettoria, perciò <b><color=#FFA114><cspace=-.1>se sai già dove andare, seleziona Accelera fino a qui.</cspace></color></b>","Spulst du zu einem bestimmten Punkt vor, wird automatisch die Zeit beschleunigt, sodass du dein Ziel schnell und exakt erreichst.
  
  Du wirst viel Zeit damit verbringen, bestimmte Punkte auf deiner Flugbahn zu erreichen, wenn du also <b><color=#FFA114><cspace=-.1>weißt, wo du sein musst, spul einfach zu diesem Punkt vor.</cspace></color></b>","El salto a un punto acelerará automáticamente el tiempo para que llegues al destino deseado con rapidez y precisión.
  
  Como vas a pasar mucho tiempo intentando llegar a puntos concretos de tu trayectoria, <b><color=#FFA114><cspace=-.1>si sabes dónde tienes que ir, basta con acelerar el tiempo hasta dicho punto.</cspace></color></b>","あるポイントに高速移動すると自動的に時間加速することになり、希望の目的地に素早く正確に到達することができます。
  
  軌道上の特定のポイントに到達するにはとても時間がかかるので、<b><color=#FFA114><cspace=-.1>行くべきポイントがはっきりしているときは、そのポイントまで時間加速しましょう。</cspace></color></b>","특정 지점으로 워프하게 되면 해당 목적지로 빠르고 정확하게 도달할 수 있는 타임 워프가 자동으로 적용됩니다.
  
  궤도상의 특정 지점에 도달하기 위해서는 통상적으로 많은 시간이 필요하기 때문에 <b><color=#FFA114><cspace=-.1>필요한 위치를 알고 있다면 그냥 포인트로 타임워프해 보세요.</cspace></color></b>","Przeskok do jakiegoś punktu spowoduje automatyczne włączenie przyśpieszenia czasu, aby zabrać cię szybko i dokładnie do miejsca przeznaczenia.
  
  Dużo czasu spędzisz na podróżowaniu do określonych punktów swojej trajektorii, więc <b><color=#FFA114><cspace=-.1>jeśli wiesz, gdzie musisz się znaleźć, użyj funkcji przeskoku do punktu.</cspace></color></b>","При ускорении до точки вы автоматически ускорите ход времени, и это позволит вам быстро оказаться в нужном месте.
  
  Вы потратите много времени, пытаясь добраться до конкретных точек своей траектории, так что <b><color=#FFA114><cspace=-.1>если вы знаете, куда вам нужно попасть, просто включите ускорение времени.</cspace></color></b>","时间加速至目标点会自动使用时间加速，这样你就能快速准确地到达所需的目的地。
  
  你将花费大量的时间尝试抵达轨迹上的特定点，所以<b><color=#FFA114><cspace=-.1>如果你知道自己要去哪里，用“时间加速至目标点”就行了。</cspace></color></b>","Distorcer para um ponto específico usará automaticamente a distorção temporal para que você alcance com rapidez e precisão o destino desejado.
  
  Você gastará muito tempo tentando alcançar pontos específicos de sua trajetória, então <b><color=#FFA114><cspace=-.1>caso saiba o local exato que você quer ir, use a Distorção Temporal até o Ponto.</cspace></color></b>","曲速到某個點會自動使用時間曲速，這樣你就能快速而準確地到達你想要的目的地。
  
  你會花費大量時間嘗試到達軌跡中的特定點，所以<b><color=#FFA114><cspace=-.1>如果你知道自己的目的地，就用時間曲速到達那個點。</cspace></color></b>","Warping to a point will automatically use time warp so that you quickly and precisely reach your desired destination.
  
You’ll spend a lot of time trying to reach specific points in your trajectory, so <b><color=#FFA114><cspace=-.1>if you know where you need to be, just Time Warp to Point.</cspace></color></b>","Warping to a point will automatically use time warp so that you quickly and precisely reach your desired destination.
  
You’ll spend a lot of time trying to reach specific points in your trajectory, so <b><color=#FFA114><cspace=-.1>if you know where you need to be, just Time Warp to Point.</cspace></color></b>","Warping to a point will automatically use time warp so that you quickly and precisely reach your desired destination.
  
You’ll spend a lot of time trying to reach specific points in your trajectory, so <b><color=#FFA114><cspace=-.1>if you know where you need to be, just Time Warp to Point.</cspace></color></b>","Warping to a point will automatically use time warp so that you quickly and precisely reach your desired destination.
  
You’ll spend a lot of time trying to reach specific points in your trajectory, so <b><color=#FFA114><cspace=-.1>if you know where you need to be, just Time Warp to Point.</cspace></color></b>",,Localized
Tutorials/tutorial_3.2.9_msg_1,Text,,"Excellent! You can time warp to any position on your trajectory by selecting a point on your vehicle’s current path and then selecting <b><color=#FFA114><cspace=-.1>Time Warp to Point.</cspace></color></b>
  
<mspace=20><voffset=.3em><sprite=""input-useractions"" index=1></voffset></mspace> Select Time Warp to Point.","Excellent ! Vous pouvez effectuer une avance rapide jusqu'à n'importe quel emplacement de votre trajectoire en sélectionnant un point sur celle-ci et en choisissant <b><color=#FFA114><cspace=-.1>Avance rapide jusqu'au point.</cspace></color></b>
  
  <mspace=20><voffset=.3em><sprite=""input-useractions"" index=1></voffset></mspace> Sélectionnez Avance rapide jusqu'au point.","Eccellente! Per accelerare il tempo fino a una posizione qualsiasi sulla tua traiettoria, seleziona un punto sulla rotta attuale del veicolo e poi seleziona <b><color=#FFA114><cspace=-.1>Accelera fino a qui.</cspace></color></b>
  
  <mspace=20><voffset=.3em><sprite=""input-useractions"" index=1></voffset></mspace> Seleziona Accelera fino a qui.","Ausgezeichnet! Du kannst zu jeder beliebigen Position auf deiner Flugbahn vorspulen, indem du auf den Punkt klickst und dann <b><color=#FFA114><cspace=-.1>„Vorspulen zu Punkt“ wählst.</cspace></color></b>
  
  <mspace=20><voffset=.3em><sprite=""input-useractions"" index=1></voffset></mspace> Wähle jetzt „Vorspulen zu Punkt“.","¡Excelente! Puedes saltar en el tiempo a cualquier posición de tu trayectoria eligiendo un punto en el rumbo actual de tu vehículo y, después, seleccionando <b><color=#FFA114><cspace=-.1>Acelerar tiempo hasta el punto.</cspace></color></b>
  
  <mspace=20><voffset=.3em><sprite=""input-useractions"" index=1></voffset></mspace> Selecciona Acelerar tiempo hasta el punto.","見事です！ 機体の現在の経路上のポイントを選択して、<b><color=#FFA114><cspace=-.1>ポイントまで時間加速</cspace></color></b>を選択すると、軌道上の好きな位置まで時間加速することができます。
  
  <mspace=20><voffset=.3em><sprite=""input-useractions"" index=1></voffset></mspace>「ポイントまで時間加速」を選択してください。
  
  「加速」を選択してください。","훌륭합니다! 기체의 현재 궤도에서 한 포인트를 선택한 후 <b><color=#FFA114><cspace=-.1>포인트로 타임워프</cspace></color></b>를 선택하여 궤도상의 어떤 위치로라도 워프할 수 있습니다.
  
  <mspace=20><voffset=.3em><sprite=""input-useractions"" index=1></voffset></mspace> 포인트로 타임워프를 선택해보세요.","Znakomicie! Możesz przeskoczyć do dowolnego punktu swojego kursu, wybierając punkt na bieżącej trajektorii, a potem opcję <b><color=#FFA114><cspace=-.1>„Przeskocz do punktu”.</cspace></color> </b>
  
  <mspace=20><voffset=.3em><sprite=""input-useractions"" index=1></voffset></mspace> Wybierz „Przeskocz do punktu”.","Великолепно! Вы можете в любой момент переместиться в любую точку текущей траектории вашего аппарата; для этого выберите точку на траектории, а затем — <b><color=#FFA114><cspace=-.1>«Ускорить время до точки».</cspace></color></b>
  
  <mspace=20><voffset=.3em><sprite=""input-useractions"" index=1></voffset></mspace> Выберите «Ускорение времени».","太好了！通过在航天器的当前航线上选择一个点，然后选择<b><color=#FFA114><cspace=-.1>时间加速至目标点</cspace></color></b>，即可时间加速至你轨迹上的任意位置。
  
  
  
  <mspace=20><voffset=.3em><sprite=""input-useractions"" index=1></voffset></mspace>选择“时间加速至目标点”。","Excelente! Você pode usar a distorção temporal para chegar a qualquer posição em sua trajetória selecionando um ponto do percurso atual de seu veículo e depois <b><color=#FFA114><cspace=-.1>Distorção Temporal até o Ponto.</cspace></color></b>
  
  
  
  <mspace=20><voffset=.3em><sprite=""input-useractions"" index=1></voffset></mspace> Selecione o ponto para realizar a distorção temporal.","太棒了！你可以在載具當前路徑上選擇一個點，然後選擇<b><color=#FFA114><cspace=-.1>時間曲速到點</cspace></color></b>，來時間曲速到軌跡上的任何位置。
  
  
  
  <mspace=20><voffset=.3em><sprite=""input-useractions"" index=1></voffset></mspace>選擇曲速到點。","Excellent! You can time warp to any position on your trajectory by selecting a point on your vehicle’s current path and then selecting <b><color=#FFA114><cspace=-.1>Time Warp to Point.</cspace></color></b>
  
<mspace=20><voffset=.3em><sprite=""input-useractions"" index=1></voffset></mspace> Select Time Warp to Point.","Excellent! You can time warp to any position on your trajectory by selecting a point on your vehicle’s current path and then selecting <b><color=#FFA114><cspace=-.1>Time Warp to Point.</cspace></color></b>
  
<mspace=20><voffset=.3em><sprite=""input-useractions"" index=1></voffset></mspace> Select Time Warp to Point.","Excellent! You can time warp to any position on your trajectory by selecting a point on your vehicle’s current path and then selecting <b><color=#FFA114><cspace=-.1>Time Warp to Point.</cspace></color></b>
  
<mspace=20><voffset=.3em><sprite=""input-useractions"" index=1></voffset></mspace> Select Time Warp to Point.","Excellent! You can time warp to any position on your trajectory by selecting a point on your vehicle’s current path and then selecting <b><color=#FFA114><cspace=-.1>Time Warp to Point.</cspace></color></b>
  
<mspace=20><voffset=.3em><sprite=""input-useractions"" index=1></voffset></mspace> Select Time Warp to Point.",,Localized
Tutorials/tutorial_5.2.7_msg_1,Text,,"While we could rely on our reflexes to time warp at the perfect moment, a less stressful alternative is warping to a specific point in our orbit. 
  
See this button? Select it to <b><color=#FFA114><cspace=-.1>warp automatically to the moment before our maneuver begins</cspace></color></b>.
  
<mspace=20><voffset=.3em><sprite=""input-useractions"" index=1></voffset></mspace> Warp to your maneuver by selecting the Maneuver Warp button.","On pourrait choisir de faire confiance à nos réflexes pour arrêter notre avance rapide pile au bon moment, mais l'alternative bien plus relax consiste à effectuer une avance rapide jusqu'à un point précis de notre orbite. 
  
  Vous voyez ce bouton ? Sélectionnez-le pour <b><color=#FFA114><cspace=-.1>avancer automatiquement jusqu'au moment juste avant le début de la manœuvre</cspace></color></b>.
  
  <mspace=20><voffset=.3em><sprite=""input-useractions"" index=1></voffset></mspace> Faites une avance rapide jusqu'à votre manœuvre à l'aide du bouton Avancer jusqu'à la manœuvre.","Potremmo affidarci ai nostri riflessi per attivare un'accelerazione temporale al momento giusto, ma perché non scegliere un'alternativa meno stressante e accelerare verso un punto specifico della nostra orbita? 
  
  Vedi questo pulsante? Selezionalo per <b><color=#FFA114><cspace=-.1>attivare automaticamente un'accelerazione temporale subito prima dell'inizio della nostra manovra</cspace></color></b>.
  
  <mspace=20><voffset=.3em><sprite=""input-useractions"" index=1></voffset></mspace> Accelera il tempo fino alla manovra selezionando il pulsante di accelerazione temporale sul riquadro manovre.","Wir könnten uns zwar auf unsere Reaktionsschnelligkeit verlassen, um zum richtigen Moment vorzuspulen, aber es ist sehr viel weniger stressig, wenn man zu einem bestimmten Punkt auf der Umlaufbahn vorspult.
  
  Siehst du die Schaltfläche hier? Benutze sie, <b><color=#FFA114><cspace=-.1>um automatisch bis kurz vor den Start unseres Manövers vorzuspulen</cspace></color></b>.
  
  <mspace=20><voffset=.3em><sprite=""input-useractions"" index=1></voffset></mspace> Spule zu deinem Manöver vor, indem du „Zum Manöver vorspulen“ wählst.","Aunque podríamos confiar en nuestros reflejos para usar la aceleración de tiempo en el momento idóneo, una opción menos estresante consiste en saltar en el tiempo a un punto específico de nuestra órbita.
  
  ¿Ves este botón? Selecciónalo y la <b><color=#FFA114><cspace=-.1>aceleración de tiempo se activará automáticamente para detenerse justo antes de que comience nuestra maniobra</cspace></color></b>.
  
  <mspace=20><voffset=.3em><sprite=""input-useractions"" index=1></voffset></mspace> Para hacer un salto hasta tu maniobra, selecciona el botón Salto a maniobra.","時間加速して止まるタイミングを勘で決めることもできますが、冷たく酷い使い勝手の勘に頼ってもいいのですか？
  
  このボタンが見えますか？ これを選択すると、<b><color=#FFA114><cspace=-.1> マニューバが開始直前に自動的に加速します</cspace></color></b>。
  
  <b><color=#FFA114><cspace=-.1>「マニューバワープ」ボタンを選択してマニューバまで時間加速してください</cspace></color></b>。","우리는 타임 워프를 함에 있어 동물적이고 반사적인 감각에 의존할 수도 있지만, 궤도상의 특정 지점으로 타임 워프를 하는 좀 더 편한 방법도 있습니다. 
  
  이 버튼이 보이시나요? <b><color=#FFA114><cspace=-.1>메뉴버를 시작하기 직전의 위치까지 자동으로 워프하려면 눌러보세요</cspace></color></b>.
  
  <mspace=20><voffset=.3em><sprite=""input-useractions"" index=1></voffset></mspace> 메뉴버 워프 버튼을 눌러 메뉴버 위치로 워프해보세요.","Choć moglibyśmy polegać na refleksie, jeśli chodzi o wyłączenie przyśpieszenia czasu w odpowiedniej chwili, mniej stresującą możliwością jest przeskoczenie do określonego punktu na orbicie. 
  
  Widzisz ten przycisk? Użyj go, by <b><color=#FFA114><cspace=-.1>automatycznie przeskoczyć do chwili przed rozpoczęciem manewru</cspace></color></b>.
  
  <mspace=20><voffset=.3em><sprite=""input-useractions"" index=1></voffset></mspace> Przyśpiesz czas, by dotrzeć do manewru, korzystając z przycisku „Przeskocz do manewru”.","Мы могли бы положиться на наши рефлексы, чтобы выбрать идеальный момент для ускорения времени, но есть гораздо более простой вариант — ускоряться до тех пор, пока аппарат не окажется в конкретной точке орбиты.
  
  Видите эту кнопку? Нажмите ее, чтобы <b><color=#FFA114><cspace=-.1>автоматически перейти к моменту начала нашего маневра</cspace></color></b>.
  
  <mspace=20><voffset=.3em><sprite=""input-useractions"" index=1></voffset></mspace>Ускорьте время до маневра, нажав кнопку «Ускорение до маневра».","我们固然可以依靠我们的反应来时间加速到完美的时机，但另一种压力没那么大的选择是，时间加速到轨道上的特定点为止。
  
  看见这个按钮了吗？选择它即可<b><color=#FFA114><cspace=-.1>自动时间加速到我们的机动开始之前的时刻</cspace></color></b>。
  
  <mspace=20><voffset=.3em><sprite=""input-useractions"" index=1></voffset></mspace>通过选择“机动时间加速”按钮，时间加速到机动节点。","Embora possamos confiar em nossos reflexos com as distorções temporais, é menos estressante distorcer para um ponto específico de nossa órbita. 
  
  Está vendo este botão? Selecione-o para <b><color=#FFA114><cspace=-.1>distorcer automaticamente para o momento antes da manobra começar</cspace></color></b>.
  
  <mspace=20><voffset=.3em><sprite=""input-useractions"" index=1></voffset></mspace> Faça a distorção até sua manobra selecionando o botão Distorção de Manobra.","雖然我們可以依靠本能反應決定時間曲速的最佳時機，但比較沒壓力的選擇是曲速到軌道上的特定點。
  
  看到這個按鈕了嗎？選擇它<b><color=#FFA114><cspace=-.1>以自動曲速到我們的機動開始前的那一刻</cspace></color></b>。
  
  <mspace=20><voffset=.3em><sprite=""input-useractions"" index=1></voffset></mspace>選擇機動曲速按鈕即可曲速到你的機動。","While we could rely on our reflexes to time warp at the perfect moment, a less stressful alternative is warping to a specific point in our orbit. 
  
See this button? Select it to <b><color=#FFA114><cspace=-.1>warp automatically to the moment before our maneuver begins</cspace></color></b>.
  
<mspace=20><voffset=.3em><sprite=""input-useractions"" index=1></voffset></mspace> Warp to your maneuver by selecting the Maneuver Warp button.","While we could rely on our reflexes to time warp at the perfect moment, a less stressful alternative is warping to a specific point in our orbit. 
  
See this button? Select it to <b><color=#FFA114><cspace=-.1>warp automatically to the moment before our maneuver begins</cspace></color></b>.
  
<mspace=20><voffset=.3em><sprite=""input-useractions"" index=1></voffset></mspace> Warp to your maneuver by selecting the Maneuver Warp button.","While we could rely on our reflexes to time warp at the perfect moment, a less stressful alternative is warping to a specific point in our orbit. 
  
See this button? Select it to <b><color=#FFA114><cspace=-.1>warp automatically to the moment before our maneuver begins</cspace></color></b>.
  
<mspace=20><voffset=.3em><sprite=""input-useractions"" index=1></voffset></mspace> Warp to your maneuver by selecting the Maneuver Warp button.","While we could rely on our reflexes to time warp at the perfect moment, a less stressful alternative is warping to a specific point in our orbit. 
  
See this button? Select it to <b><color=#FFA114><cspace=-.1>warp automatically to the moment before our maneuver begins</cspace></color></b>.
  
<mspace=20><voffset=.3em><sprite=""input-useractions"" index=1></voffset></mspace> Warp to your maneuver by selecting the Maneuver Warp button.",,Localized
Tutorials/tutorial_4.1.2,Text,,"I've given you a rocket to fly. Let's see how far you can get it off the pad!

<mspace=20><voffset=.3em><sprite=""input-useractions"" index=1></voffset></mspace> Press the GO Button or the space bar to launch!","Je t'ai donné une fusée à piloter. Voyons jusqu'où tu parviens à l'éloigner du pas de tir !

<mspace=20><voffset=.3em><sprite=""input-useractions"" index=1></voffset></mspace> Appuie sur le bouton GO ou sur la barre d'espace pour décoller !","Ti ho affidato un razzo da far volare. Vediamo quanto in alto riesci a portarlo!

<mspace=20><voffset=.3em><sprite=""input-useractions"" index=1></voffset></mspace> Premi il pulsante VIA o la barra spaziatrice per lanciarlo!","Ich habe dir eine Rakete zum Fliegen geschenkt. Sehen wir mal, wie weit sie von der Startrampe fliegen kann!

<mspace=20><voffset=.3em><sprite=""input-useractions"" index=1></voffset></mspace> Drücke der LOS-Knopf oder die Leertaste, um zu starten!","I've given you a rocket to fly. Let's see how far you can get it off the pad!

<mspace=20><voffset=.3em><sprite=""input-useractions"" index=1></voffset></mspace> Press the GO Button or the space bar to launch!","I've given you a rocket to fly. Let's see how far you can get it off the pad!

<mspace=20><voffset=.3em><sprite=""input-useractions"" index=1></voffset></mspace> Press the GO Button or the space bar to launch!","I've given you a rocket to fly. Let's see how far you can get it off the pad!

<mspace=20><voffset=.3em><sprite=""input-useractions"" index=1></voffset></mspace> Press the GO Button or the space bar to launch!","Przygotowałem dla ciebie rakietę. Zobaczmy, jak daleko uda ci się nią odlecieć od wyrzutni!

<mspace=20><voffset=.3em><sprite=""input-useractions"" index=1></voffset></mspace> Naciśnij przycisk START lub spację, aby wystartować!","Я дал тебе ракету. Посмотрим, как далеко ты сможешь отлететь от стартовой площадки!

<mspace=20><voffset=.3em><sprite=""input-useractions"" index=1></voffset></mspace>Нажмите кнопку «ПУСК» или клавишу пробела, чтобы запустить ракету!","给你一枚火箭。来试试你能让它飞离发射台多远！

<mspace=20><voffset=.3em><sprite=""input-useractions"" index=1></voffset></mspace>按下启动分级按钮或者空格键发射！","I've given you a rocket to fly. Let's see how far you can get it off the pad!

<mspace=20><voffset=.3em><sprite=""input-useractions"" index=1></voffset></mspace> Press the GO Button or the space bar to launch!","I've given you a rocket to fly. Let's see how far you can get it off the pad!

<mspace=20><voffset=.3em><sprite=""input-useractions"" index=1></voffset></mspace> Press the GO Button or the space bar to launch!","I've given you a rocket to fly. Let's see how far you can get it off the pad!

<mspace=20><voffset=.3em><sprite=""input-useractions"" index=1></voffset></mspace> Press the GO Button or the space bar to launch!","I've given you a rocket to fly. Let's see how far you can get it off the pad!

<mspace=20><voffset=.3em><sprite=""input-useractions"" index=1></voffset></mspace> Press the GO Button or the space bar to launch!","I've given you a rocket to fly. Let's see how far you can get it off the pad!

<mspace=20><voffset=.3em><sprite=""input-useractions"" index=1></voffset></mspace> Press the GO Button or the space bar to launch!","I've given you a rocket to fly. Let's see how far you can get it off the pad!

<mspace=20><voffset=.3em><sprite=""input-useractions"" index=1></voffset></mspace> Press the GO Button or the space bar to launch!",,Localized
Tutorials/tutorial_4.1.5,Text,,"Okay, something's wrong, let's throttle back down.


<mspace=20><voffset=.3em><sprite=""input-useractions"" index=1></voffset></mspace> Throttle to 0% using <mspace=20><voffset=.3em><sprite=""Input-Keyboard"" index=88></voffset></mspace> .","Bon, il y a un problème, réduisons les gaz.


<mspace=20><voffset=.3em><sprite=""input-useractions"" index=1></voffset></mspace> Mettez les gaz à 0 % à l'aide de <mspace=20><voffset=.3em><sprite=""Input-Keyboard"" index=88></voffset></mspace> .","Okay, qualcosa non va, riduciamo la manetta.


<mspace=20><voffset=.3em><sprite=""input-useractions"" index=1></voffset></mspace> Porta la manetta allo 0% usando <mspace=20><voffset=.3em><sprite=""Input-Keyboard"" index=88></voffset></mspace> .","Okay, da stimmt was nicht, lass uns den Schub wegmachen.


<mspace=20><voffset=.3em><sprite=""input-useractions"" index=1></voffset></mspace> Stelle den Schub auf 0% mit der <mspace=20><voffset=.3em><sprite=""Input-Keyboard"" index=88></voffset></mspace>-Taste.","Okay, something's wrong, let's throttle back down.


<mspace=20><voffset=.3em><sprite=""input-useractions"" index=1></voffset></mspace> Throttle to 0% using <mspace=20><voffset=.3em><sprite=""Input-Keyboard"" index=88></voffset></mspace> .","Okay, something's wrong, let's throttle back down.


<mspace=20><voffset=.3em><sprite=""input-useractions"" index=1></voffset></mspace> Throttle to 0% using <mspace=20><voffset=.3em><sprite=""Input-Keyboard"" index=88></voffset></mspace> .","Okay, something's wrong, let's throttle back down.


<mspace=20><voffset=.3em><sprite=""input-useractions"" index=1></voffset></mspace> Throttle to 0% using <mspace=20><voffset=.3em><sprite=""Input-Keyboard"" index=88></voffset></mspace> .","Dobra, coś tu nie gra, zredukujmy ciąg.


<mspace=20><voffset=.3em><sprite=""input-useractions"" index=1></voffset></mspace> Ustaw ciąg na 0% za pomocą <mspace=20><voffset=.3em><sprite=""Input-Keyboard"" index=88></voffset></mspace> .","Ладно, что-то не так, давайте сбавим скорость.


<mspace=20><voffset=.3em><sprite=""input-useractions"" index=1></voffset></mspace> Установите дроссель на 0% с помощью клавиши <mspace=20><voffset=.3em><sprite=""Input-Keyboard"" index=88></voffset></mspace>.","呃，不对劲，我们先把油门收回来。


<mspace=20><voffset=.3em><sprite=""input-useractions"" index=1></voffset></mspace>按<mspace=20><voffset=.3em><sprite=""Input-Keyboard"" index=88></voffset></mspace>键把节流阀设为0%。","Okay, something's wrong, let's throttle back down.


<mspace=20><voffset=.3em><sprite=""input-useractions"" index=1></voffset></mspace> Throttle to 0% using <mspace=20><voffset=.3em><sprite=""Input-Keyboard"" index=88></voffset></mspace> .","Okay, something's wrong, let's throttle back down.


<mspace=20><voffset=.3em><sprite=""input-useractions"" index=1></voffset></mspace> Throttle to 0% using <mspace=20><voffset=.3em><sprite=""Input-Keyboard"" index=88></voffset></mspace> .","Okay, something's wrong, let's throttle back down.


<mspace=20><voffset=.3em><sprite=""input-useractions"" index=1></voffset></mspace> Throttle to 0% using <mspace=20><voffset=.3em><sprite=""Input-Keyboard"" index=88></voffset></mspace> .","Okay, something's wrong, let's throttle back down.


<mspace=20><voffset=.3em><sprite=""input-useractions"" index=1></voffset></mspace> Throttle to 0% using <mspace=20><voffset=.3em><sprite=""Input-Keyboard"" index=88></voffset></mspace> .","Okay, something's wrong, let's throttle back down.


<mspace=20><voffset=.3em><sprite=""input-useractions"" index=1></voffset></mspace> Throttle to 0% using <mspace=20><voffset=.3em><sprite=""Input-Keyboard"" index=88></voffset></mspace> .","Okay, something's wrong, let's throttle back down.


<mspace=20><voffset=.3em><sprite=""input-useractions"" index=1></voffset></mspace> Throttle to 0% using <mspace=20><voffset=.3em><sprite=""Input-Keyboard"" index=88></voffset></mspace> .",,Localized
Tutorials/tutorial_4.1.51,Text,,"Well, that didn't go well! Let's troubleshoot this vessel in the VAB.","Eh bien, ça ne s'est pas bien passé ! Analysons ce vaisseau dans le BAV.","Beh, non è andata molto bene! Scopriamo cosa c'è che non va in questo veicolo nell'EAV.","Oje, da ist etwas schiefgelaufen! Lass uns dieses Raumschiff in FZF überprüfen.","Well, that didn't go well! Let's troubleshoot this vessel in the VAB.","Well, that didn't go well! Let's troubleshoot this vessel in the VAB.","Well, that didn't go well! Let's troubleshoot this vessel in the VAB.","Cóż, to nie poszło najlepiej! Wróćmy do VAB i sprawdźmy, co dolega twojej rakiecie.","Ну, это не увенчалось успехом! Давайте устраним неисправность аппарата в ЦВС.",搞砸了，回组装大楼看看这枚火箭哪里出了问题。,"Well, that didn't go well! Let's troubleshoot this vessel in the VAB.","Well, that didn't go well! Let's troubleshoot this vessel in the VAB.","Well, that didn't go well! Let's troubleshoot this vessel in the VAB.","Well, that didn't go well! Let's troubleshoot this vessel in the VAB.","Well, that didn't go well! Let's troubleshoot this vessel in the VAB.","Well, that didn't go well! Let's troubleshoot this vessel in the VAB.",,Localized
Tutorials/tutorial_4.1.7,Text,,"Our rocket seemed to be performing fine, but it just never left the launchpad. 

Let's take a look at our Thrust To Weight Ratio (<b><color=#FFA114><cspace=-.1>TWR</cspace></color></b>) in the Engineer's Report.","Notre fusée semblait bien fonctionner, mais elle n'a tout simplement jamais quitté l'aire de lancement.

Examinons notre rapport poussée/poids (<b><color=#FFA114><cspace=-.1>RPP</cspace></color></b>) dans le rapport d'ingénierie.","Il nostro razzo sembrava funzionare bene, ma non si è mai staccato dalla rampa di lancio.

Diamo un'occhiata al nostro Rapporto Spinta-Peso (<b><color=#FFA114><cspace=-.1>RSP</cspace></color></b>) nel Rapporto di Ingegneria.","Die Rakete schien einwandfrei zu funktionieren, sie ist zwar nie von der Startrampe abgehoben.

Werfen wir einen Blick auf unser Schub-Gewichts-Verhältnis (<b><color=#FFA114><cspace=-.1>SGV</cspace></color></b>) im Technikerbericht.","Our rocket seemed to be performing fine, but it just never left the launchpad. 

Let's take a look at our Thrust To Weight Ratio (<b><color=#FFA114><cspace=-.1>TWR</cspace></color></b>) in the Engineer's Report.","Our rocket seemed to be performing fine, but it just never left the launchpad. 

Let's take a look at our Thrust To Weight Ratio (<b><color=#FFA114><cspace=-.1>TWR</cspace></color></b>) in the Engineer's Report.","Our rocket seemed to be performing fine, but it just never left the launchpad. 

Let's take a look at our Thrust To Weight Ratio (<b><color=#FFA114><cspace=-.1>TWR</cspace></color></b>) in the Engineer's Report.","Z naszą rakietą niby wszystko było w porządku, a jednak w ogóle nie opuściła platformy startowej.

Spójrzmy na nasz stosunek ciągu do ciężaru (<color=#FFA114><cspace=-.1>TWR) w Raporcie inżyniera.","Наша ракета, казалось, работала исправно, но так и не покинула стартовую площадку.

Давайте посмотрим на показатель тяги к весу (<b><color=#FFA114><cspace=-.1>Тяговооруженность</cspace></color></b>) в инженерном отчёте.","我们的火箭看起来挺正常的，但就是没能离开发射台。 

让我们在工程师报告中检查一下<b><color=#FFA114><cspace=-.1>推重比</cspace></color></b>。","Our rocket seemed to be performing fine, but it just never left the launchpad. 

Let's take a look at our Thrust To Weight Ratio (<b><color=#FFA114><cspace=-.1>TWR</cspace></color></b>) in the Engineer's Report.","Our rocket seemed to be performing fine, but it just never left the launchpad. 

Let's take a look at our Thrust To Weight Ratio (<b><color=#FFA114><cspace=-.1>TWR</cspace></color></b>) in the Engineer's Report.","Our rocket seemed to be performing fine, but it just never left the launchpad. 

Let's take a look at our Thrust To Weight Ratio (<b><color=#FFA114><cspace=-.1>TWR</cspace></color></b>) in the Engineer's Report.","Our rocket seemed to be performing fine, but it just never left the launchpad. 

Let's take a look at our Thrust To Weight Ratio (<b><color=#FFA114><cspace=-.1>TWR</cspace></color></b>) in the Engineer's Report.","Our rocket seemed to be performing fine, but it just never left the launchpad. 

Let's take a look at our Thrust To Weight Ratio (<b><color=#FFA114><cspace=-.1>TWR</cspace></color></b>) in the Engineer's Report.","Our rocket seemed to be performing fine, but it just never left the launchpad. 

Let's take a look at our Thrust To Weight Ratio (<b><color=#FFA114><cspace=-.1>TWR</cspace></color></b>) in the Engineer's Report.",,Localized
Tutorials/tutorial_4.1.8,Text,,"Your <b><color=#FFA114><cspace=-.1>TWR</cspace></color></b> gives you a quick view into whether your rocket has enough <b><color=#FFA114><cspace=-.1>Thrust to push its Weight</cspace></color></b>.

If the number is above 1, it will go up, and the bigger that number is, the faster it will go. If it's below it, well, you just experienced what that's like.","Votre <b><color=#FFA114><cspace=-.1>RPP</cspace></color></b> vous donne un aperçu rapide de la question suivante : votre fusée a-t-elle assez de <b><color=#FFA114><cspace=-.1>Poussée pour soulever son Poids</cspace></color></b> ?

Si le nombre est supérieur à 1, elle décollera, et plus ce nombre est élevé, plus elle ira vite. S'il est inférieur, eh bien, vous venez d'en faire l'expérience.","L'<b><color=#FFA114><cspace=-.1>RSP</cspace></color></b> ti offre una panoramica immediata per capire se il razzo ha abbastanza <b><color=#FFA114><cspace=-.1>Spinta per vincere il suo Peso</cspace></color></b>.

Se il valore è superiore a 1, il razzo salirà, e più alto è quel numero, più accelererà velocemente. Se è inferiore a 1... beh, hai appena provato sulla tua pelle cosa succede.","Dein <b><color=#FFA114><cspace=-.1>SGV</cspace></color></b> gibt dir einen schnellen Überblick darüber, ob deine Rakete genug <b><color=#FFA114><cspace=-.1>Schub hat, um ihr Gewicht zu heben</cspace></color></b>.

Wenn der Wert über 1 liegt, wird sie abheben. Je größer dieser Wert ist, desto schneller steigt sie auf. Liegt er unter 1, tja, du hast gerade erlebt, wie es aussieht.","Your <b><color=#FFA114><cspace=-.1>TWR</cspace></color></b> gives you a quick view into whether your rocket has enough <b><color=#FFA114><cspace=-.1>Thrust to push its Weight</cspace></color></b>.

If the number is above 1, it will go up, and the bigger that number is, the faster it will go. If it's below it, well, you just experienced what that's like.","Your <b><color=#FFA114><cspace=-.1>TWR</cspace></color></b> gives you a quick view into whether your rocket has enough <b><color=#FFA114><cspace=-.1>Thrust to push its Weight</cspace></color></b>.

If the number is above 1, it will go up, and the bigger that number is, the faster it will go. If it's below it, well, you just experienced what that's like.","Your <b><color=#FFA114><cspace=-.1>TWR</cspace></color></b> gives you a quick view into whether your rocket has enough <b><color=#FFA114><cspace=-.1>Thrust to push its Weight</cspace></color></b>.

If the number is above 1, it will go up, and the bigger that number is, the faster it will go. If it's below it, well, you just experienced what that's like.","Twój <b><color=#FFA114><cspace=-.1>stosunek ciągu do masy</cspace></color></b> pozwala szybko sprawdzić, czy rakieta ma wystarczająco dużo <b><color=#FFA114><cspace=-.1>ciągu, aby udźwignąć swój ciężar </cspace></color></b>.

Jeśli ta wartość jest większa niż 1, rakieta poleci w górę, a im wyższa ta liczba, tym szybciej to nastąpi. Jeśli jest mniejsza... cóż, właśnie miałeś okazję się przekonać, co się wtedy dzieje.","Показатель тяги к весу (<b><color=#FFA114><cspace=-.1>Тяговооруженность</cspace></color></b>) позволяет быстро оценить, <b><color=#FFA114><cspace=-.1>достаточно ли тяги у вашей ракеты, чтобы разогнать свой собственный вес</cspace></color></b>.

Если число больше 1, она взлетит, и чем больше это число, тем быстрее ракета будет двигаться. Если же оно меньше 1, то вы только что испытали это на себе.","你的<b><color=#FFA114><cspace=-.1>推重比</cspace></color></b>可以让你快速判断火箭的 <b><color=#FFA114><cspace=-.1>推力是否足以推动自身重量</cspace></color></b>.

如果数值大于1，它就会往上飞，而且数值越大，飞得越快。如果小于1……刚才你已经体验过了。","Your <b><color=#FFA114><cspace=-.1>TWR</cspace></color></b> gives you a quick view into whether your rocket has enough <b><color=#FFA114><cspace=-.1>Thrust to push its Weight</cspace></color></b>.

If the number is above 1, it will go up, and the bigger that number is, the faster it will go. If it's below it, well, you just experienced what that's like.","Your <b><color=#FFA114><cspace=-.1>TWR</cspace></color></b> gives you a quick view into whether your rocket has enough <b><color=#FFA114><cspace=-.1>Thrust to push its Weight</cspace></color></b>.

If the number is above 1, it will go up, and the bigger that number is, the faster it will go. If it's below it, well, you just experienced what that's like.","Your <b><color=#FFA114><cspace=-.1>TWR</cspace></color></b> gives you a quick view into whether your rocket has enough <b><color=#FFA114><cspace=-.1>Thrust to push its Weight</cspace></color></b>.

If the number is above 1, it will go up, and the bigger that number is, the faster it will go. If it's below it, well, you just experienced what that's like.","Your <b><color=#FFA114><cspace=-.1>TWR</cspace></color></b> gives you a quick view into whether your rocket has enough <b><color=#FFA114><cspace=-.1>Thrust to push its Weight</cspace></color></b>.

If the number is above 1, it will go up, and the bigger that number is, the faster it will go. If it's below it, well, you just experienced what that's like.","Your <b><color=#FFA114><cspace=-.1>TWR</cspace></color></b> gives you a quick view into whether your rocket has enough <b><color=#FFA114><cspace=-.1>Thrust to push its Weight</cspace></color></b>.

If the number is above 1, it will go up, and the bigger that number is, the faster it will go. If it's below it, well, you just experienced what that's like.","Your <b><color=#FFA114><cspace=-.1>TWR</cspace></color></b> gives you a quick view into whether your rocket has enough <b><color=#FFA114><cspace=-.1>Thrust to push its Weight</cspace></color></b>.

If the number is above 1, it will go up, and the bigger that number is, the faster it will go. If it's below it, well, you just experienced what that's like.",,Localized
Tutorials/tutorial_4.1.9,Text,,"So, it's obvious what the problem is here! 

This rocket's <b><color=#FFA114><cspace=-.1>TWR</cspace></color></b> is below 1, as you might have guessed. Let's see if we can get that above 1.","Eh bien, le problème est évident ici !

Le <b><color=#FFA114><cspace=-.1>RPP</cspace></color></b> de cette fusée est inférieur à 1, comme vous l'aviez sans doute deviné. Voyons si nous pouvons le faire passer au-dessus de 1.","Beh, qui il problema è evidente! 

Come avrai intuito, l'<b><color=#FFA114><cspace=-.1>RSP</cspace></color></b> di questo razzo è inferiore a 1. Vediamo se riusciamo a portarlo sopra a 1.","Na, es ist eindeutig, wo hier das Problem liegt!

Das <b><color=#FFA114><cspace=-.1>SGV</cspace></color></b> der Rakete ist unter 1, wie du vielleicht schon vermutet hast. Mal sehen, ob wir es schaffen, diesen Wert über 1 zu bringen.","So, it's obvious what the problem is here! 

This rocket's <b><color=#FFA114><cspace=-.1>TWR</cspace></color></b> is below 1, as you might have guessed. Let's see if we can get that above 1.","So, it's obvious what the problem is here! 

This rocket's <b><color=#FFA114><cspace=-.1>TWR</cspace></color></b> is below 1, as you might have guessed. Let's see if we can get that above 1.","So, it's obvious what the problem is here! 

This rocket's <b><color=#FFA114><cspace=-.1>TWR</cspace></color></b> is below 1, as you might have guessed. Let's see if we can get that above 1.","No tak, chyba już jasne, co tu jest nie tak!

Jak można się było domyślić, <color=#FFA114><cspace=-.1>stosunek ciągu do masy tej rakiety to mniej niż 1. Zobaczmy, czy uda nam się podnieść go powyżej 1.","Ну, очевидно, в чём проблема!

Как вы наверное догадались, <b><color=#FFA114><cspace=-.1>Тяговооруженность</cspace></color></b> этой ракеты ниже 1. Давайте посмотрим, сможем ли мы поднять её выше 1.","嗯，问题出在哪已经很明显了！ 

你可能已经猜到了，这枚火箭的<b><color=#FFA114><cspace=-.1>推重比</cspace></color></b>小于1。 这样可不行，看看能不能把它提高到1以上。","So, it's obvious what the problem is here! 

This rocket's <b><color=#FFA114><cspace=-.1>TWR</cspace></color></b> is below 1, as you might have guessed. Let's see if we can get that above 1.","So, it's obvious what the problem is here! 

This rocket's <b><color=#FFA114><cspace=-.1>TWR</cspace></color></b> is below 1, as you might have guessed. Let's see if we can get that above 1.","So, it's obvious what the problem is here! 

This rocket's <b><color=#FFA114><cspace=-.1>TWR</cspace></color></b> is below 1, as you might have guessed. Let's see if we can get that above 1.","So, it's obvious what the problem is here! 

This rocket's <b><color=#FFA114><cspace=-.1>TWR</cspace></color></b> is below 1, as you might have guessed. Let's see if we can get that above 1.","So, it's obvious what the problem is here! 

This rocket's <b><color=#FFA114><cspace=-.1>TWR</cspace></color></b> is below 1, as you might have guessed. Let's see if we can get that above 1.","So, it's obvious what the problem is here! 

This rocket's <b><color=#FFA114><cspace=-.1>TWR</cspace></color></b> is below 1, as you might have guessed. Let's see if we can get that above 1.",,Localized
Tutorials/tutorial_4.1.10,Text,,"I'm checking every possible issue... Aha! The first stage engine is the problem!
The Terrier is an orbital engine, which means it's not optimal for atmospheric launches, but rather orbital and deep-space maneuvers!

It has a high specific impulse (<b><color=#FFA114><cspace=-.1>ISP</cspace></color></b>), so it uses fuel very efficiently, allowing it to achieve more Delta-V with the same amount of propellant.
The caveat being that it's not powerful enough for the thick, soupy atmosphere of Kerbin!","Aha ! Le moteur du premier étage est le problème !
Le Terrier est un moteur orbital, ce qui signifie qu'il n'est pas optimal pour les lancements atmosphériques, mais plutôt pour les manœuvres orbitales et dans l'espace lointain !

Il a une impulsion spécifique (<b><color=#FFA114><cspace=-.1>ISP</cspace></color></b>) élevée, il consomme donc le carburant très efficacement, ce qui lui permet d'obtenir plus de Delta-V avec la même quantité d'ergol.
Le hic, c'est qu'il n'est pas assez puissant pour l'atmosphère épaisse et pâteuse de Kerbin !","Aha! Il problema è proprio il motore del primo stadio!
Il Terrier è un motore orbitale, il che significa che non è ottimale per i lanci atmosferici, ma piuttosto per le manovre orbitali e nello spazio profondo!

Ha un alto impulso specifico (<b><color=#FFA114><cspace=-.1>ISP</cspace></color></b>), quindi usa il carburante in modo molto efficiente, permettendogli di ottenere più Delta-V con la stessa quantità di propellente.
L'unico inconveniente è che non è abbastanza potente per la densa e viscosa atmosfera di Kerbin!","Aha! Das Problem liegt beim Triebwerk der ersten Stufe!
Der Terrier ist ein Orbitaltriebwerk, was bedeutet, dass es nicht für Starts in der Atmosphäre, sondern vielmehr für Manöver im Orbit und im Tiefenraum optimiert ist!

Er hat einen hohen spezifischen Impuls, geht daher sehr sparsam mit Treibstoff um, wodurch der Terrier mit derselben Treibstoffmenge mehr Delta-V erreichen kann.
Der Haken daran ist, dass er für die dichte, zähe Atmosphäre von Kerbin nicht leistungsstark genug ist!","I'm checking every possible issue... Aha! The first stage engine is the problem!
The Terrier is an orbital engine, which means it's not optimal for atmospheric launches, but rather orbital and deep-space maneuvers!

It has a high specific impulse (<b><color=#FFA114><cspace=-.1>ISP</cspace></color></b>), so it uses fuel very efficiently, allowing it to achieve more Delta-V with the same amount of propellant.
The caveat being that it's not powerful enough for the thick, soupy atmosphere of Kerbin!","I'm checking every possible issue... Aha! The first stage engine is the problem!
The Terrier is an orbital engine, which means it's not optimal for atmospheric launches, but rather orbital and deep-space maneuvers!

It has a high specific impulse (<b><color=#FFA114><cspace=-.1>ISP</cspace></color></b>), so it uses fuel very efficiently, allowing it to achieve more Delta-V with the same amount of propellant.
The caveat being that it's not powerful enough for the thick, soupy atmosphere of Kerbin!","I'm checking every possible issue... Aha! The first stage engine is the problem!
The Terrier is an orbital engine, which means it's not optimal for atmospheric launches, but rather orbital and deep-space maneuvers!

It has a high specific impulse (<b><color=#FFA114><cspace=-.1>ISP</cspace></color></b>), so it uses fuel very efficiently, allowing it to achieve more Delta-V with the same amount of propellant.
The caveat being that it's not powerful enough for the thick, soupy atmosphere of Kerbin!","Aha! Problemem jest silnik pierwszego stopnia!
Terrier to silnik orbitalny, co oznacza, że nie nadaje się najlepiej do startów w atmosferze, lecz służy raczej do manewrów na orbicie i w dalekim kosmosie!

Cechuje go wysoki impuls właściwy (<b><color=#FFA114><cspace=-.1>ISP), dzięki czemu bardzo wydajnie zużywa paliwo, co pozwala osiągnąć większe Delta-V z tej samej ilości materiału pędnego.
Haczyk w tym, że jest po prostu za słaby na gęstą jak zupa atmosferę Kerbinu!","Ага! Проблема в двигателе первой ступени!
Двигатель «Терьер» это орбитальный двигатель, а это значит, что он не оптимален для запуска в атмосфере, а скорее для орбитальных и дальнекосмических маневров!

Он обладает высоким удельным импульсом (<b><color=#FFA114><cspace=-.1>УИ</cspace></color></b>), поэтому очень эффективно расходует топливо, позволяя достигать большего изменения скорости (Δv) при том же количестве топлива.
Однако, его мощности недостаточно для плотной, водянистой атмосферы Кербина!","果然！问题就在第一级引擎上！
猎犬是轨道级引擎，也就是说它并不适合在大气层中发射，而是用于轨道机动和深空机动。

它的<b><color=#FFA114><cspace=-.1>比冲</cspace></color></b>很高，因此燃料利用效率极高，能用同样的推进剂实现更大的Δv。
但代价就是它的推力小，不足以应付Kerbin那又稠又黏的大气层！","I'm checking every possible issue... Aha! The first stage engine is the problem!
The Terrier is an orbital engine, which means it's not optimal for atmospheric launches, but rather orbital and deep-space maneuvers!

It has a high specific impulse (<b><color=#FFA114><cspace=-.1>ISP</cspace></color></b>), so it uses fuel very efficiently, allowing it to achieve more Delta-V with the same amount of propellant.
The caveat being that it's not powerful enough for the thick, soupy atmosphere of Kerbin!","I'm checking every possible issue... Aha! The first stage engine is the problem!
The Terrier is an orbital engine, which means it's not optimal for atmospheric launches, but rather orbital and deep-space maneuvers!

It has a high specific impulse (<b><color=#FFA114><cspace=-.1>ISP</cspace></color></b>), so it uses fuel very efficiently, allowing it to achieve more Delta-V with the same amount of propellant.
The caveat being that it's not powerful enough for the thick, soupy atmosphere of Kerbin!","I'm checking every possible issue... Aha! The first stage engine is the problem!
The Terrier is an orbital engine, which means it's not optimal for atmospheric launches, but rather orbital and deep-space maneuvers!

It has a high specific impulse (<b><color=#FFA114><cspace=-.1>ISP</cspace></color></b>), so it uses fuel very efficiently, allowing it to achieve more Delta-V with the same amount of propellant.
The caveat being that it's not powerful enough for the thick, soupy atmosphere of Kerbin!","I'm checking every possible issue... Aha! The first stage engine is the problem!
The Terrier is an orbital engine, which means it's not optimal for atmospheric launches, but rather orbital and deep-space maneuvers!

It has a high specific impulse (<b><color=#FFA114><cspace=-.1>ISP</cspace></color></b>), so it uses fuel very efficiently, allowing it to achieve more Delta-V with the same amount of propellant.
The caveat being that it's not powerful enough for the thick, soupy atmosphere of Kerbin!","I'm checking every possible issue... Aha! The first stage engine is the problem!
The Terrier is an orbital engine, which means it's not optimal for atmospheric launches, but rather orbital and deep-space maneuvers!

It has a high specific impulse (<b><color=#FFA114><cspace=-.1>ISP</cspace></color></b>), so it uses fuel very efficiently, allowing it to achieve more Delta-V with the same amount of propellant.
The caveat being that it's not powerful enough for the thick, soupy atmosphere of Kerbin!","I'm checking every possible issue... Aha! The first stage engine is the problem!
The Terrier is an orbital engine, which means it's not optimal for atmospheric launches, but rather orbital and deep-space maneuvers!

It has a high specific impulse (<b><color=#FFA114><cspace=-.1>ISP</cspace></color></b>), so it uses fuel very efficiently, allowing it to achieve more Delta-V with the same amount of propellant.
The caveat being that it's not powerful enough for the thick, soupy atmosphere of Kerbin!",,Localized
Tutorials/tutorial_4.1.11,Text,,"We need to replace the first stage engine with a high thrust engine that's more suited for getting through Kerbin's atmosphere.

<mspace=20><voffset=.3em><sprite=""input-useractions"" index=1></voffset></mspace> Select the highlighted first stage engine to detach it.","Nous devons remplacer le moteur du premier étage par un moteur à forte poussée, plus adapté pour traverser l'atmosphère de Kerbin.

<mspace=20><voffset=.3em><sprite=""input-useractions"" index=1></voffset></mspace> Sélectionnez le moteur du premier étage en surbrillance pour le détacher.","Dobbiamo sostituire il motore del primo stadio con un motore a spinta elevata, più adatto a superare l'atmosfera di Kerbin.

<mspace=20><voffset=.3em><sprite=""input-useractions"" index=1></voffset></mspace> Seleziona il motore del primo stadio evidenziato per scollegarlo.","Wir müssen das Triebwerk der ersten Stufe mit einem Triebwerk mit höherem Schub austauschen, das besser dafür geeignet ist, durch die Atmosphäre von Kerbin zu kommen.

<mspace=20><voffset=.3em><sprite=""input-useractions"" index=1></voffset></mspace> Wähle das markierte Triebwerk der ersten Stufe aus, um es abzutrennen.","We need to replace the first stage engine with a high thrust engine that's more suited for getting through Kerbin's atmosphere.

<mspace=20><voffset=.3em><sprite=""input-useractions"" index=1></voffset></mspace> Select the highlighted first stage engine to detach it.","We need to replace the first stage engine with a high thrust engine that's more suited for getting through Kerbin's atmosphere.

<mspace=20><voffset=.3em><sprite=""input-useractions"" index=1></voffset></mspace> Select the highlighted first stage engine to detach it.","We need to replace the first stage engine with a high thrust engine that's more suited for getting through Kerbin's atmosphere.

<mspace=20><voffset=.3em><sprite=""input-useractions"" index=1></voffset></mspace> Select the highlighted first stage engine to detach it.","Musimy wymienić silnik pierwszego stopnia na taki o wysokim ciągu, który lepiej sprawdzi się podczas przedzierania się przez atmosferę Kerbinu.

<mspace=20><voffset=.3em><sprite=""input-useractions"" index=1></voffset></mspace> Kliknij podświetlony silnik pierwszego stopnia, aby go odczepić.","Нам нужно заменить двигатель первой ступени на двигатель с большей тягой, лучше подходящий для атмосферы Кербина.

<mspace=20><voffset=.3em><sprite=""input-useractions"" index=1></voffset></mspace> Выберите выделенный двигатель первой ступени, чтобы отсоединить его.","我们需要把第一级的引擎换成推力更大的引擎，这样更适合穿越Kerbin的大气层。

<mspace=20><voffset=.3em><sprite=""input-useractions"" index=1></voffset></mspace>选中高亮显示的第一级引擎，将其分离。","We need to replace the first stage engine with a high thrust engine that's more suited for getting through Kerbin's atmosphere.

<mspace=20><voffset=.3em><sprite=""input-useractions"" index=1></voffset></mspace> Select the highlighted first stage engine to detach it.","We need to replace the first stage engine with a high thrust engine that's more suited for getting through Kerbin's atmosphere.

<mspace=20><voffset=.3em><sprite=""input-useractions"" index=1></voffset></mspace> Select the highlighted first stage engine to detach it.","We need to replace the first stage engine with a high thrust engine that's more suited for getting through Kerbin's atmosphere.

<mspace=20><voffset=.3em><sprite=""input-useractions"" index=1></voffset></mspace> Select the highlighted first stage engine to detach it.","We need to replace the first stage engine with a high thrust engine that's more suited for getting through Kerbin's atmosphere.

<mspace=20><voffset=.3em><sprite=""input-useractions"" index=1></voffset></mspace> Select the highlighted first stage engine to detach it.","We need to replace the first stage engine with a high thrust engine that's more suited for getting through Kerbin's atmosphere.

<mspace=20><voffset=.3em><sprite=""input-useractions"" index=1></voffset></mspace> Select the highlighted first stage engine to detach it.","We need to replace the first stage engine with a high thrust engine that's more suited for getting through Kerbin's atmosphere.

<mspace=20><voffset=.3em><sprite=""input-useractions"" index=1></voffset></mspace> Select the highlighted first stage engine to detach it.",,Localized
Tutorials/tutorial_4.1.12,Text,,"We don't need this engine anymore, so let's scrap it!

<mspace=20><voffset=.3em><sprite=""input-useractions"" index=1></voffset></mspace> Delete the engine by pressing <mspace=20><voffset=.3em><sprite=""Input-Keyboard"" index=61></voffset></mspace> or by dropping it in the Trash Area.","Nous n'avons plus besoin de ce moteur, alors mettons-le au rebut !

<mspace=20><voffset=.3em><sprite=""input-useractions"" index=1></voffset></mspace> Supprimez le moteur en appuyant sur <mspace=20><voffset=.3em><sprite=""Input-Keyboard"" index=61></voffset></mspace> ou en le déposant dans la corbeille.","Non ci serve più questo motore, quindi rottamiamolo!

<mspace=20><voffset=.3em><sprite=""input-useractions"" index=1></voffset></mspace> Elimina il motore premendo <mspace=20><voffset=.3em><sprite=""Input-Keyboard"" index=61></voffset></mspace> o trascinandolo nel Cestino.","Wir brauchen diesen Triebwerk nicht mehr, also werfen wir es weg!

<mspace=20><voffset=.3em><sprite=""input-useractions"" index=1></voffset></mspace> Lösche das Triebwerk, indem du <mspace=20><voffset=.3em><sprite=""Input-Keyboard"" index=61></voffset></mspace> drückst oder in den Papierkorb ziehst.","We don't need this engine anymore, so let's scrap it!

<mspace=20><voffset=.3em><sprite=""input-useractions"" index=1></voffset></mspace> Delete the engine by pressing <mspace=20><voffset=.3em><sprite=""Input-Keyboard"" index=61></voffset></mspace> or by dropping it in the Trash Area.","We don't need this engine anymore, so let's scrap it!

<mspace=20><voffset=.3em><sprite=""input-useractions"" index=1></voffset></mspace> Delete the engine by pressing <mspace=20><voffset=.3em><sprite=""Input-Keyboard"" index=61></voffset></mspace> or by dropping it in the Trash Area.","We don't need this engine anymore, so let's scrap it!

<mspace=20><voffset=.3em><sprite=""input-useractions"" index=1></voffset></mspace> Delete the engine by pressing <mspace=20><voffset=.3em><sprite=""Input-Keyboard"" index=61></voffset></mspace> or by dropping it in the Trash Area.","Nie potrzebujemy już tego silnika, więc zezłomujmy go!

<mspace=20><voffset=.3em><sprite=""input-useractions"" index=1></voffset></mspace> Usuń silnik, naciskając <mspace=20><voffset=.3em><sprite=""Input-Keyboard"" index=61></voffset></mspace> lub upuszczając go w Strefie Kosza.","Этот двигатель нам больше не нужен, так что давайте его утилизируем!

<mspace=20><voffset=.3em><sprite=""input-useractions"" index=1></voffset></mspace> Удалите двигатель, нажав <mspace=20><voffset=.3em><sprite=""Input-Keyboard"" index=61></voffset></mspace> или перетащив его в корзину.","我们不需要这台引擎了，把它拆了吧！

<mspace=20><voffset=.3em><sprite=""input-useractions"" index=1></voffset></mspace> 按<mspace=20><voffset=.3em><sprite=""Input-Keyboard"" index=61></voffset></mspace>键删除引擎，或者把它拖进左下角的弃置区。","We don't need this engine anymore, so let's scrap it!

<mspace=20><voffset=.3em><sprite=""input-useractions"" index=1></voffset></mspace> Delete the engine by pressing <mspace=20><voffset=.3em><sprite=""Input-Keyboard"" index=61></voffset></mspace> or by dropping it in the Trash Area.","We don't need this engine anymore, so let's scrap it!

<mspace=20><voffset=.3em><sprite=""input-useractions"" index=1></voffset></mspace> Delete the engine by pressing <mspace=20><voffset=.3em><sprite=""Input-Keyboard"" index=61></voffset></mspace> or by dropping it in the Trash Area.","We don't need this engine anymore, so let's scrap it!

<mspace=20><voffset=.3em><sprite=""input-useractions"" index=1></voffset></mspace> Delete the engine by pressing <mspace=20><voffset=.3em><sprite=""Input-Keyboard"" index=61></voffset></mspace> or by dropping it in the Trash Area.","We don't need this engine anymore, so let's scrap it!

<mspace=20><voffset=.3em><sprite=""input-useractions"" index=1></voffset></mspace> Delete the engine by pressing <mspace=20><voffset=.3em><sprite=""Input-Keyboard"" index=61></voffset></mspace> or by dropping it in the Trash Area.","We don't need this engine anymore, so let's scrap it!

<mspace=20><voffset=.3em><sprite=""input-useractions"" index=1></voffset></mspace> Delete the engine by pressing <mspace=20><voffset=.3em><sprite=""Input-Keyboard"" index=61></voffset></mspace> or by dropping it in the Trash Area.","We don't need this engine anymore, so let's scrap it!

<mspace=20><voffset=.3em><sprite=""input-useractions"" index=1></voffset></mspace> Delete the engine by pressing <mspace=20><voffset=.3em><sprite=""Input-Keyboard"" index=61></voffset></mspace> or by dropping it in the Trash Area.",,Localized
Tutorials/tutorial_4.1.13,Text,,"Goodbye engine! Now let's grab an engine with higher thrust and attach it to your first stage fuel tank.

<mspace=20><voffset=.3em><sprite=""input-useractions"" index=1></voffset></mspace> Select the Engine category in the Part Picker.","Adieu, moteur ! Prenons maintenant un moteur à plus forte poussée et fixons-le au réservoir de carburant de votre premier étage.

<mspace=20><voffset=.3em><sprite=""input-useractions"" index=1></voffset></mspace> Sélectionnez la catégorie Moteurs dans le sélecteur de pièces.","Addio motore! Ora prendiamo un motore con una spinta maggiore e colleghiamolo al serbatoio di propellente del primo stadio.

<mspace=20><voffset=.3em><sprite=""input-useractions"" index=1></voffset></mspace> Seleziona la categoria Motori nel Selettore di Parti.","Auf Wiedersehen, Triebwerk! Jetzt werden wir ein Triebwerk mit höherem Schub nehmen und es an den Treibstofftank deiner ersten Stufe anbringen.

<mspace=20><voffset=.3em><sprite=""input-useractions"" index=1></voffset></mspace> Wähle die „Triebwerk“-Kategorie in der Teileauswahl aus.","Goodbye engine! Now let's grab an engine with higher thrust and attach it to your first stage fuel tank.

<mspace=20><voffset=.3em><sprite=""input-useractions"" index=1></voffset></mspace> Select the Engine category in the Part Picker.","Goodbye engine! Now let's grab an engine with higher thrust and attach it to your first stage fuel tank.

<mspace=20><voffset=.3em><sprite=""input-useractions"" index=1></voffset></mspace> Select the Engine category in the Part Picker.","Goodbye engine! Now let's grab an engine with higher thrust and attach it to your first stage fuel tank.

<mspace=20><voffset=.3em><sprite=""input-useractions"" index=1></voffset></mspace> Select the Engine category in the Part Picker.","Żegnaj, silniku! Teraz weźmy silnik o większym ciągu i przymocujmy go do zbiornika paliwa pierwszego stopnia.

<mspace=20><voffset=.3em><sprite=""input-useractions"" index=1></voffset></mspace> Wybierz kategorię Silniki w Katalogu części.","Прощай, двигатель! Теперь давайте возьмём двигатель с большей тягой и прикрепим его к топливному баку первой ступени.

<mspace=20><voffset=.3em><sprite=""input-useractions"" index=1></voffset></mspace> Выберите категорию «Двигатели» в меню выбора деталей.","拜拜啦，旧引擎！现在让我们选一台推力更大的引擎，装到你的第一级燃料箱上。

<mspace=20><voffset=.3em><sprite=""input-useractions"" index=1></voffset></mspace>在部件菜单中选择引擎类别。","Goodbye engine! Now let's grab an engine with higher thrust and attach it to your first stage fuel tank.

<mspace=20><voffset=.3em><sprite=""input-useractions"" index=1></voffset></mspace> Select the Engine category in the Part Picker.","Goodbye engine! Now let's grab an engine with higher thrust and attach it to your first stage fuel tank.

<mspace=20><voffset=.3em><sprite=""input-useractions"" index=1></voffset></mspace> Select the Engine category in the Part Picker.","Goodbye engine! Now let's grab an engine with higher thrust and attach it to your first stage fuel tank.

<mspace=20><voffset=.3em><sprite=""input-useractions"" index=1></voffset></mspace> Select the Engine category in the Part Picker.","Goodbye engine! Now let's grab an engine with higher thrust and attach it to your first stage fuel tank.

<mspace=20><voffset=.3em><sprite=""input-useractions"" index=1></voffset></mspace> Select the Engine category in the Part Picker.","Goodbye engine! Now let's grab an engine with higher thrust and attach it to your first stage fuel tank.

<mspace=20><voffset=.3em><sprite=""input-useractions"" index=1></voffset></mspace> Select the Engine category in the Part Picker.","Goodbye engine! Now let's grab an engine with higher thrust and attach it to your first stage fuel tank.

<mspace=20><voffset=.3em><sprite=""input-useractions"" index=1></voffset></mspace> Select the Engine category in the Part Picker.",,Localized
Tutorials/Lessons/Titles/Tutorial4/Specific Impulse,Text,,Specific Impulse & Thrust-To-Weight-Ratio,Impulsion spécifique et rapport poussée/poids,Impulso Specifico e Rapporto Spinta-Peso,Spezifischer Impuls & Schub-Gewichts-Verhältnis,Specific Impulse & Thrust-To-Weight-Ratio,Specific Impulse & Thrust-To-Weight-Ratio,Specific Impulse & Thrust-To-Weight-Ratio,Impuls właściwy i stosunek ciągu do ciężaru,Удельный импульс (УИ) и Тяговооруженность,比冲与推重比,Specific Impulse & Thrust-To-Weight-Ratio,Specific Impulse & Thrust-To-Weight-Ratio,Specific Impulse & Thrust-To-Weight-Ratio,Specific Impulse & Thrust-To-Weight-Ratio,Specific Impulse & Thrust-To-Weight-Ratio,Specific Impulse & Thrust-To-Weight-Ratio,,Localized
Tutorials/tutorial_4.1.14,Text,,Select the Swivel Engine.,Sélectionnez le moteur Gyronimo.,Seleziona il Motore Swivel.,Wähle der Triebwerk „Swivel“ aus.,Select the Swivel Engine.,Select the Swivel Engine.,Select the Swivel Engine.,Wybierz silnik Swivel.,Выберите двигатель «Вертлявый»,选择转轮引擎。,Select the Swivel Engine.,Select the Swivel Engine.,Select the Swivel Engine.,Select the Swivel Engine.,Select the Swivel Engine.,Select the Swivel Engine.,,Localized
Tutorials/tutorial_4.1.15,Text,,"An engine won't do us much good if it isn't attached to our rocket! Let's put it in place of the Terrier.

<mspace=20><voffset=.3em><sprite=""input-useractions"" index=1></voffset></mspace> Attach it to the bottom end of the highlighted fuel tank in your first stage.","Un moteur ne nous servira pas à grand-chose s'il n'est pas fixé à notre fusée ! Mettons-le à la place du Terrier.

<mspace=20><voffset=.3em><sprite=""input-useractions"" index=1></voffset></mspace> Fixez-le à l'extrémité inférieure du réservoir de carburant en surbrillance de votre premier étage.","Un motore non ci servirà a molto se non è attaccato al razzo! Mettiamolo al posto del Terrier.

<mspace=20><voffset=.3em><sprite=""input-useractions"" index=1></voffset></mspace> Collegalo all'estremità inferiore del serbatoio evidenziato nel primo stadio.","Ein Triebwerk wird uns nichts bringen, wenn es nicht an unserer Rakete befestigt ist! Setzen wir es an die Stelle des Terriers.

<mspace=20><voffset=.3em><sprite=""input-useractions"" index=1></voffset></mspace> Befestige es am unteren Ende des markierten Treibstofftanks deiner ersten Stufe.","An engine won't do us much good if it isn't attached to our rocket! Let's put it in place of the Terrier.

<mspace=20><voffset=.3em><sprite=""input-useractions"" index=1></voffset></mspace> Attach it to the bottom end of the highlighted fuel tank in your first stage.","An engine won't do us much good if it isn't attached to our rocket! Let's put it in place of the Terrier.

<mspace=20><voffset=.3em><sprite=""input-useractions"" index=1></voffset></mspace> Attach it to the bottom end of the highlighted fuel tank in your first stage.","An engine won't do us much good if it isn't attached to our rocket! Let's put it in place of the Terrier.

<mspace=20><voffset=.3em><sprite=""input-useractions"" index=1></voffset></mspace> Attach it to the bottom end of the highlighted fuel tank in your first stage.","Silnik niewiele nam da, jeśli nie będzie przymocowany do rakiety! Wstawmy go na miejsce Terriera.

<mspace=20><voffset=.3em><sprite=""input-useractions"" index=1></voffset></mspace> Przymocuj go do dolnej części podświetlonego zbiornika paliwa pierwszego stopnia.","Двигатель нам мало чем поможет, если он не будет прикреплен к нашей ракете! Давайте заменим им «Терьер».

<mspace=20><voffset=.3em><sprite=""input-useractions"" index=1></voffset></mspace> Прикрепите его к нижнему концу выделенного топливного бака первой ступени.","引擎要是不装到火箭上，那对我们也没什么用！我们把它装到之前猎犬的位置上。

<mspace=20><voffset=.3em><sprite=""input-useractions"" index=1></voffset></mspace>把它装到第一级那个高亮显示的燃料箱底部。","An engine won't do us much good if it isn't attached to our rocket! Let's put it in place of the Terrier.

<mspace=20><voffset=.3em><sprite=""input-useractions"" index=1></voffset></mspace> Attach it to the bottom end of the highlighted fuel tank in your first stage.","An engine won't do us much good if it isn't attached to our rocket! Let's put it in place of the Terrier.

<mspace=20><voffset=.3em><sprite=""input-useractions"" index=1></voffset></mspace> Attach it to the bottom end of the highlighted fuel tank in your first stage.","An engine won't do us much good if it isn't attached to our rocket! Let's put it in place of the Terrier.

<mspace=20><voffset=.3em><sprite=""input-useractions"" index=1></voffset></mspace> Attach it to the bottom end of the highlighted fuel tank in your first stage.","An engine won't do us much good if it isn't attached to our rocket! Let's put it in place of the Terrier.

<mspace=20><voffset=.3em><sprite=""input-useractions"" index=1></voffset></mspace> Attach it to the bottom end of the highlighted fuel tank in your first stage.","An engine won't do us much good if it isn't attached to our rocket! Let's put it in place of the Terrier.

<mspace=20><voffset=.3em><sprite=""input-useractions"" index=1></voffset></mspace> Attach it to the bottom end of the highlighted fuel tank in your first stage.","An engine won't do us much good if it isn't attached to our rocket! Let's put it in place of the Terrier.

<mspace=20><voffset=.3em><sprite=""input-useractions"" index=1></voffset></mspace> Attach it to the bottom end of the highlighted fuel tank in your first stage.",,Localized
Tutorials/tutorial_4.1.16,Text,,"Perfect, now let's look at your <b><color=#FFA114><cspace=-.1>Thrust to Weight Ratio</cspace></color></b> again.","Parfait, examinons de nouveau votre <b><color=#FFA114><cspace=-.1>rapport poussée/poids</cspace></color></b>.","Perfetto, ora controlliamo nuovamente il <b><color=#FFA114><cspace=-.1>Rapporto Spinta-Peso</cspace></color></b>.","Ausgezeichnet, sehen wir mal das <b><color=#FFA114><cspace=-.1>Schub-Gewichts-Verhältnis</cspace></color></b> wieder an.","Perfect, now let's look at your <b><color=#FFA114><cspace=-.1>Thrust to Weight Ratio</cspace></color></b> again.","Perfect, now let's look at your <b><color=#FFA114><cspace=-.1>Thrust to Weight Ratio</cspace></color></b> again.","Perfect, now let's look at your <b><color=#FFA114><cspace=-.1>Thrust to Weight Ratio</cspace></color></b> again.","Świetnie, spójrzmy teraz ponownie na Twój <b><color=#FFA114><cspace=-.1>Stosunek ciągu do masy </cspace></color></b>.","Отлично, теперь давайте еще раз посмотрим на соотношение тяги к весу (<b><color=#FFA114><cspace=-.1>Тяговооруженность</cspace></color></b>).",完美，现在让我们再来看看你的<b><color=#FFA114><cspace=-.1>推重比</cspace></color></b>。,"Perfect, now let's look at your <b><color=#FFA114><cspace=-.1>Thrust to Weight Ratio</cspace></color></b> again.","Perfect, now let's look at your <b><color=#FFA114><cspace=-.1>Thrust to Weight Ratio</cspace></color></b> again.","Perfect, now let's look at your <b><color=#FFA114><cspace=-.1>Thrust to Weight Ratio</cspace></color></b> again.","Perfect, now let's look at your <b><color=#FFA114><cspace=-.1>Thrust to Weight Ratio</cspace></color></b> again.","Perfect, now let's look at your <b><color=#FFA114><cspace=-.1>Thrust to Weight Ratio</cspace></color></b> again.","Perfect, now let's look at your <b><color=#FFA114><cspace=-.1>Thrust to Weight Ratio</cspace></color></b> again.",,Localized
Tutorials/tutorial_4.1.17,Text,,"By simply swapping out the high-ISP ""Terrier"" for the high-thrust ""Swivel"" we've greatly increased our Thrust to Weight Ratio which tells us this rocket will make it off the pad!","En remplaçant simplement le « Terrier » à forte ISP par le « Gyronimo » à forte poussée, nous avons grandement augmenté notre rapport poussée/poids, ce qui nous indique que cette fusée quittera l'aire de lancement !","Sostituendo semplicemente il ""Terrier"" ad alto ISP con lo ""Swivel"" a spinta elevata, abbiamo aumentato notevolmente il nostro Rapporto Spinta-Peso (RSP), il che ci dice che questo razzo riuscirà a staccarsi dalla rampa!","Indem wir einfach den ISP-starken „Terrier“ gegen den schubstarken „Swivel“ ausgetauscht haben, haben wir unser Schub-Gewichts-Verhältnis erhöht, was bedeutet, dass es von der Startrampe abheben wird!","By simply swapping out the high-ISP ""Terrier"" for the high-thrust ""Swivel"" we've greatly increased our Thrust to Weight Ratio which tells us this rocket will make it off the pad!","By simply swapping out the high-ISP ""Terrier"" for the high-thrust ""Swivel"" we've greatly increased our Thrust to Weight Ratio which tells us this rocket will make it off the pad!","By simply swapping out the high-ISP ""Terrier"" for the high-thrust ""Swivel"" we've greatly increased our Thrust to Weight Ratio which tells us this rocket will make it off the pad!","Wymieniając „Terriera” o wysokim ISP na „Swivela” o dużym ciągu, znacznie zwiększyliśmy nasz stosunek ciągu do masy, co oznacza, że ta rakieta oderwie się od platformy startowej!","Простая замена двигателя с высоким УИ «Терьер» на двигатель «Вертлявый» с высокой тягой позволила нам значительно увеличить соотношение тяги к весу (<b><color=#FFA114><cspace=-.1>Тяговооруженность</cspace></color></b>), что говорит о том, что эта ракета сможет взлететь со стартовой площадки!",只需简单地将高比冲的猎犬换成高推力的转轮，我们就大幅提高了推重比。这样这枚火箭能离开发射台了！,"By simply swapping out the high-ISP ""Terrier"" for the high-thrust ""Swivel"" we've greatly increased our Thrust to Weight Ratio which tells us this rocket will make it off the pad!","By simply swapping out the high-ISP ""Terrier"" for the high-thrust ""Swivel"" we've greatly increased our Thrust to Weight Ratio which tells us this rocket will make it off the pad!","By simply swapping out the high-ISP ""Terrier"" for the high-thrust ""Swivel"" we've greatly increased our Thrust to Weight Ratio which tells us this rocket will make it off the pad!","By simply swapping out the high-ISP ""Terrier"" for the high-thrust ""Swivel"" we've greatly increased our Thrust to Weight Ratio which tells us this rocket will make it off the pad!","By simply swapping out the high-ISP ""Terrier"" for the high-thrust ""Swivel"" we've greatly increased our Thrust to Weight Ratio which tells us this rocket will make it off the pad!","By simply swapping out the high-ISP ""Terrier"" for the high-thrust ""Swivel"" we've greatly increased our Thrust to Weight Ratio which tells us this rocket will make it off the pad!",,Localized
Tutorials/tutorial_4.1.18,Text,,"Let's launch this rocket and see how it goes!


<mspace=20><voffset=.3em><sprite=""input-useractions"" index=1></voffset></mspace> Click the LAUNCH button.","Lançons cette fusée et voyons ce que ça donne !


<mspace=20><voffset=.3em><sprite=""input-useractions"" index=1></voffset></mspace> Cliquez sur le bouton LANCER.","Lanciamo questo razzo e vediamo come va!


<mspace=20><voffset=.3em><sprite=""input-useractions"" index=1></voffset></mspace> Fai clic sul pulsante LANCIO.","Lass uns diese Rakete starten und sehen, wie es läuft!


<mspace=20><voffset=.3em><sprite=""input-useractions"" index=1></voffset></mspace> Klicke auf den „STARTEN“-Knopf","Let's launch this rocket and see how it goes!


<mspace=20><voffset=.3em><sprite=""input-useractions"" index=1></voffset></mspace> Click the LAUNCH button.","Let's launch this rocket and see how it goes!


<mspace=20><voffset=.3em><sprite=""input-useractions"" index=1></voffset></mspace> Click the LAUNCH button.","Let's launch this rocket and see how it goes!


<mspace=20><voffset=.3em><sprite=""input-useractions"" index=1></voffset></mspace> Click the LAUNCH button.","Wystrzelmy tę rakietę i zobaczmy, jak nam pójdzie!


<mspace=20><voffset=.3em><sprite=""input-useractions"" index=1></voffset></mspace> Kliknij przycisk START.","Давайте запустим эту ракету и посмотрим, что получится!


<mspace=20><voffset=.3em><sprite=""input-useractions"" index=1></voffset></mspace> Нажмите кнопку «ЗАПУСК».","让我们发射这枚火箭，看看效果如何！


<mspace=20><voffset=.3em><sprite=""input-useractions"" index=1></voffset></mspace>点击发射按钮。","Let's launch this rocket and see how it goes!


<mspace=20><voffset=.3em><sprite=""input-useractions"" index=1></voffset></mspace> Click the LAUNCH button.","Let's launch this rocket and see how it goes!


<mspace=20><voffset=.3em><sprite=""input-useractions"" index=1></voffset></mspace> Click the LAUNCH button.","Let's launch this rocket and see how it goes!


<mspace=20><voffset=.3em><sprite=""input-useractions"" index=1></voffset></mspace> Click the LAUNCH button.","Let's launch this rocket and see how it goes!


<mspace=20><voffset=.3em><sprite=""input-useractions"" index=1></voffset></mspace> Click the LAUNCH button.","Let's launch this rocket and see how it goes!


<mspace=20><voffset=.3em><sprite=""input-useractions"" index=1></voffset></mspace> Click the LAUNCH button.","Let's launch this rocket and see how it goes!


<mspace=20><voffset=.3em><sprite=""input-useractions"" index=1></voffset></mspace> Click the LAUNCH button.",,Localized
Tutorials/tutorial_4.1.19,Text,,"Your new and improved rocket is on the pad! Let's give it a whirl, shall we?

<mspace=20><voffset=.3em><sprite=""input-useractions"" index=1></voffset></mspace> Press the GO button or the spacebar to launch your rocket!","Votre fusée nouvelle et améliorée est sur l'aire de lancement ! On tente le lancement ?

<mspace=20><voffset=.3em><sprite=""input-useractions"" index=1></voffset></mspace> Appuyez sur le bouton GO ou sur la barre d'espace pour lancer votre fusée !","Il tuo razzo, nuovo e migliorato, è sulla rampa! Mettiamolo alla prova, che ne dici?

<mspace=20><voffset=.3em><sprite=""input-useractions"" index=1></voffset></mspace> Premi il pulsante VIA o la barra spaziatrice per lanciare il razzo!","Deine neue und verbesserte Rakete steht auf der Startrampe! Probieren wir sie doch mal aus, oder?

<mspace=20><voffset=.3em><sprite=""input-useractions"" index=1></voffset></mspace> Drücke den LOS-Knopf oder die Leertaste, um deine Rakete zu starten!","Your new and improved rocket is on the pad! Let's give it a whirl, shall we?

<mspace=20><voffset=.3em><sprite=""input-useractions"" index=1></voffset></mspace> Press the GO button or the spacebar to launch your rocket!","Your new and improved rocket is on the pad! Let's give it a whirl, shall we?

<mspace=20><voffset=.3em><sprite=""input-useractions"" index=1></voffset></mspace> Press the GO button or the spacebar to launch your rocket!","Your new and improved rocket is on the pad! Let's give it a whirl, shall we?

<mspace=20><voffset=.3em><sprite=""input-useractions"" index=1></voffset></mspace> Press the GO button or the spacebar to launch your rocket!","Twoja nowa, ulepszona rakieta stoi na platformie startowej! Zróbmy z tego fajerwerki, co ty na to?

<mspace=20><voffset=.3em><sprite=""input-useractions"" index=1></voffset></mspace> Naciśnij przycisk START lub spację, aby wystrzelić rakietę!","Ваша новая, усовершенствованная ракета уже на стартовой площадке! Стоит попробовать её запустить, не так ли?

<mspace=20><voffset=.3em><sprite=""input-useractions"" index=1></voffset></mspace>Нажмите кнопку «ПУСК» или пробел, чтобы запустить свою ракету!","全新改进的火箭现已就位，来试试吧！

<mspace=20><voffset=.3em><sprite=""input-useractions"" index=1></voffset></mspace>现在点击启动分级按钮发射你的火箭！","Your new and improved rocket is on the pad! Let's give it a whirl, shall we?

<mspace=20><voffset=.3em><sprite=""input-useractions"" index=1></voffset></mspace> Press the GO button or the spacebar to launch your rocket!","Your new and improved rocket is on the pad! Let's give it a whirl, shall we?

<mspace=20><voffset=.3em><sprite=""input-useractions"" index=1></voffset></mspace> Press the GO button or the spacebar to launch your rocket!","Your new and improved rocket is on the pad! Let's give it a whirl, shall we?

<mspace=20><voffset=.3em><sprite=""input-useractions"" index=1></voffset></mspace> Press the GO button or the spacebar to launch your rocket!","Your new and improved rocket is on the pad! Let's give it a whirl, shall we?

<mspace=20><voffset=.3em><sprite=""input-useractions"" index=1></voffset></mspace> Press the GO button or the spacebar to launch your rocket!","Your new and improved rocket is on the pad! Let's give it a whirl, shall we?

<mspace=20><voffset=.3em><sprite=""input-useractions"" index=1></voffset></mspace> Press the GO button or the spacebar to launch your rocket!","Your new and improved rocket is on the pad! Let's give it a whirl, shall we?

<mspace=20><voffset=.3em><sprite=""input-useractions"" index=1></voffset></mspace> Press the GO button or the spacebar to launch your rocket!",,Localized
Tutorials/tutorial_4.1.21,Text,,"Now that's much better! 

Higher thrust engines burn hard and fast and are perfect for getting you through the thick atmosphere of Kerbin and orbital engines with high specific impulse are great for maneuvers in space.","Voilà qui est bien mieux !

Les moteurs à forte poussée brûlent fort et vite : ils sont parfaits pour traverser l'atmosphère épaisse de Kerbin, tandis que les moteurs orbitaux à forte impulsion spécifique sont excellents pour les manœuvres dans l'espace.","Ora va molto meglio! 

I motori a spinta elevata spingono al massimo e consumano molto, e sono perfetti per superare la densa atmosfera di Kerbin, mentre i motori orbitali con un alto impulso specifico sono ideali per le manovre nello spazio.","Das ist doch viel besser!

Triebwerke mit hohem Schub brennen hart und schnell und eignen sich perfekt, um durch die dichte Atmosphäre von Kerbin zu gelangen, während Orbitaltriebwerke mit hohem spezifischen Impuls für Manöver im All ideal sind.","Now that's much better! 

Higher thrust engines burn hard and fast and are perfect for getting you through the thick atmosphere of Kerbin and orbital engines with high specific impulse are great for maneuvers in space.","Now that's much better! 

Higher thrust engines burn hard and fast and are perfect for getting you through the thick atmosphere of Kerbin and orbital engines with high specific impulse are great for maneuvers in space.","Now that's much better! 

Higher thrust engines burn hard and fast and are perfect for getting you through the thick atmosphere of Kerbin and orbital engines with high specific impulse are great for maneuvers in space.","No, i od razu lepiej!

Silniki o wysokim ciągu są idealne do przebijania się przez gęstą atmosferę Kerbinu, a silniki orbitalne o wysokim impulsie właściwym są wprost stworzone do manewrów w przestrzeni kosmicznej.","Вот это уже намного лучше!

Двигатели с большей тягой работают быстро и интенсивно, идеально подходят для преодоления плотной атмосферы Кербина, а орбитальные двигатели с высоким удельным импульсом (УИ) отлично подходят для маневров в космосе.","这样就好多了！

推力更大的引擎燃烧得更猛更快，非常适合带你穿越Kerbin稠密的大气层；而高比冲的轨道级引擎则非常适合在太空中机动。","Now that's much better! 

Higher thrust engines burn hard and fast and are perfect for getting you through the thick atmosphere of Kerbin and orbital engines with high specific impulse are great for maneuvers in space.","Now that's much better! 

Higher thrust engines burn hard and fast and are perfect for getting you through the thick atmosphere of Kerbin and orbital engines with high specific impulse are great for maneuvers in space.","Now that's much better! 

Higher thrust engines burn hard and fast and are perfect for getting you through the thick atmosphere of Kerbin and orbital engines with high specific impulse are great for maneuvers in space.","Now that's much better! 

Higher thrust engines burn hard and fast and are perfect for getting you through the thick atmosphere of Kerbin and orbital engines with high specific impulse are great for maneuvers in space.","Now that's much better! 

Higher thrust engines burn hard and fast and are perfect for getting you through the thick atmosphere of Kerbin and orbital engines with high specific impulse are great for maneuvers in space.","Now that's much better! 

Higher thrust engines burn hard and fast and are perfect for getting you through the thick atmosphere of Kerbin and orbital engines with high specific impulse are great for maneuvers in space.",,Localized
Tutorials/tutorial_4.1.22,Text,,"Tutorial Complete! You have learned: 

<mspace=20><voffset=.3em><sprite=""input-useractions"" index=1></voffset></mspace> What TWR is.
<mspace=20><voffset=.3em><sprite=""input-useractions"" index=1></voffset></mspace> To know your ship's TWR.
<mspace=20><voffset=.3em><sprite=""input-useractions"" index=1></voffset></mspace> How to pick the right engine for the right environment.","Fin du didacticiel ! Vous avez appris :

<mspace=20><voffset=.3em><sprite=""input-useractions"" index=1></voffset></mspace> Ce qu'est le RPP.\n<mspace=20>
<voffset=.3em><sprite=""input-useractions"" index=1></voffset></mspace> À connaître le RPP de votre vaisseau.\n<mspace=20>
<voffset=.3em><sprite=""input-useractions"" index=1></voffset></mspace> À choisir le bon moteur pour le bon environnement.","Tutorial completato! Hai imparato:

<mspace=20><voffset=.3em><sprite=""input-useractions"" index=1></voffset></mspace> Cos'è l'RSP.
<mspace=20><voffset=.3em><sprite=""input-useractions"" index=1></voffset></mspace> Come verificare l'RSP del tuo veicolo.
<mspace=20><voffset=.3em><sprite=""input-useractions"" index=1></voffset></mspace> Come scegliere il motore giusto per ogni ambiente.","Tutorial abgeschlossen! Du hast gelernt:

<mspace=20><voffset=.3em><sprite=""input-useractions"" index=1></voffset></mspace> was SGV bedeutet.
<mspace=20><voffset=.3em><sprite=""input-useractions"" index=1></voffset></mspace> auf dein SGV zu achten.
<mspace=20><voffset=.3em><sprite=""input-useractions"" index=1></voffset></mspace> wie man das richtigen Triebwerk für die richtige Umgebung auswählt.","Tutorial Complete! You have learned: 

<mspace=20><voffset=.3em><sprite=""input-useractions"" index=1></voffset></mspace> What TWR is.
<mspace=20><voffset=.3em><sprite=""input-useractions"" index=1></voffset></mspace> To know your ship's TWR.
<mspace=20><voffset=.3em><sprite=""input-useractions"" index=1></voffset></mspace> How to pick the right engine for the right environment.","Tutorial Complete! You have learned: 

<mspace=20><voffset=.3em><sprite=""input-useractions"" index=1></voffset></mspace> What TWR is.
<mspace=20><voffset=.3em><sprite=""input-useractions"" index=1></voffset></mspace> To know your ship's TWR.
<mspace=20><voffset=.3em><sprite=""input-useractions"" index=1></voffset></mspace> How to pick the right engine for the right environment.","Tutorial Complete! You have learned: 

<mspace=20><voffset=.3em><sprite=""input-useractions"" index=1></voffset></mspace> What TWR is.
<mspace=20><voffset=.3em><sprite=""input-useractions"" index=1></voffset></mspace> To know your ship's TWR.
<mspace=20><voffset=.3em><sprite=""input-useractions"" index=1></voffset></mspace> How to pick the right engine for the right environment.","Samouczek ukończony! Nauczyłeś się:

<mspace=20><voffset=.3em><sprite=""input-useractions"" index=1></voffset></mspace> Czym jest TWR.
<mspace=20><voffset=.3em><sprite=""input-useractions"" index=1></voffset></mspace> Jak sprawdzić TWR swojego statku.
<mspace=20><voffset=.3em><sprite=""input-useractions"" index=1></voffset></mspace> Jak dobrać odpowiedni silnik do odpowiedniego środowiska.","Учебное пособие завершено! Вы узнали:

<mspace=20><voffset=.3em><sprite=""input-useractions"" index=1></voffset></mspace> Что такое Тяговооруженность.

<mspace=20><voffset=.3em><sprite=""input-useractions"" index=1></voffset></mspace> Как узнать Тяговооруженность вашего корабля.

<mspace=20><voffset=.3em><sprite=""input-useractions"" index=1></voffset></mspace> Как выбрать подходящий двигатель для подходящих условий.","教程结束！你学会了：

<mspace=20><voffset=.3em><sprite=""input-useractions"" index=1></voffset></mspace>什么是推重比。
<mspace=20><voffset=.3em><sprite=""input-useractions"" index=1></voffset></mspace>如何查看你飞船的推重比。
<mspace=20><voffset=.3em><sprite=""input-useractions"" index=1></voffset></mspace>如何针对不同环境选择合适的引擎。","Tutorial Complete! You have learned: 

<mspace=20><voffset=.3em><sprite=""input-useractions"" index=1></voffset></mspace> What TWR is.
<mspace=20><voffset=.3em><sprite=""input-useractions"" index=1></voffset></mspace> To know your ship's TWR.
<mspace=20><voffset=.3em><sprite=""input-useractions"" index=1></voffset></mspace> How to pick the right engine for the right environment.","Tutorial Complete! You have learned: 

<mspace=20><voffset=.3em><sprite=""input-useractions"" index=1></voffset></mspace> What TWR is.
<mspace=20><voffset=.3em><sprite=""input-useractions"" index=1></voffset></mspace> To know your ship's TWR.
<mspace=20><voffset=.3em><sprite=""input-useractions"" index=1></voffset></mspace> How to pick the right engine for the right environment.","Tutorial Complete! You have learned: 

<mspace=20><voffset=.3em><sprite=""input-useractions"" index=1></voffset></mspace> What TWR is.
<mspace=20><voffset=.3em><sprite=""input-useractions"" index=1></voffset></mspace> To know your ship's TWR.
<mspace=20><voffset=.3em><sprite=""input-useractions"" index=1></voffset></mspace> How to pick the right engine for the right environment.","Tutorial Complete! You have learned: 

<mspace=20><voffset=.3em><sprite=""input-useractions"" index=1></voffset></mspace> What TWR is.
<mspace=20><voffset=.3em><sprite=""input-useractions"" index=1></voffset></mspace> To know your ship's TWR.
<mspace=20><voffset=.3em><sprite=""input-useractions"" index=1></voffset></mspace> How to pick the right engine for the right environment.","Tutorial Complete! You have learned: 

<mspace=20><voffset=.3em><sprite=""input-useractions"" index=1></voffset></mspace> What TWR is.
<mspace=20><voffset=.3em><sprite=""input-useractions"" index=1></voffset></mspace> To know your ship's TWR.
<mspace=20><voffset=.3em><sprite=""input-useractions"" index=1></voffset></mspace> How to pick the right engine for the right environment.","Tutorial Complete! You have learned: 

<mspace=20><voffset=.3em><sprite=""input-useractions"" index=1></voffset></mspace> What TWR is.
<mspace=20><voffset=.3em><sprite=""input-useractions"" index=1></voffset></mspace> To know your ship's TWR.
<mspace=20><voffset=.3em><sprite=""input-useractions"" index=1></voffset></mspace> How to pick the right engine for the right environment.",,Localized
Tutorials/Lessons/Descriptions/Tutorial4,Text,,Having trouble with some of your rocket designs? There are lots of little bits of knowledge that can help you troubleshoot your issues.,Des difficultés avec certaines de vos conceptions de fusées ? Il existe une foule de petites connaissances qui peuvent vous aider à résoudre vos problèmes.,Hai problemi con il design di alcuni tuoi razzi? Ci sono un sacco di piccole nozioni che possono aiutarti a risolverli.,"Hast du Probleme mit deinen Raketendesigns? Es gibt viele kleine Tipps, die dir bei der Fehlerbehebung helfen können.",Having trouble with some of your rocket designs? There are lots of little bits of knowledge that can help you troubleshoot your issues.,Having trouble with some of your rocket designs? There are lots of little bits of knowledge that can help you troubleshoot your issues.,Having trouble with some of your rocket designs? There are lots of little bits of knowledge that can help you troubleshoot your issues.,"Twoje projekty rakiet sprawiają ci kłopoty? Istnieje mnóstwo drobnych wskazówek, które pomogą Ci zdiagnozować i rozwiązać te problemy.","Возникли трудности с некоторыми из ваших ракетных проектов? Существует множество полезных знаний, которые помогут вам устранить неполадки.",你的火箭设计遇到困难了吗？有很多小知识点可以帮助你排查问题。,Having trouble with some of your rocket designs? There are lots of little bits of knowledge that can help you troubleshoot your issues.,Having trouble with some of your rocket designs? There are lots of little bits of knowledge that can help you troubleshoot your issues.,Having trouble with some of your rocket designs? There are lots of little bits of knowledge that can help you troubleshoot your issues.,Having trouble with some of your rocket designs? There are lots of little bits of knowledge that can help you troubleshoot your issues.,Having trouble with some of your rocket designs? There are lots of little bits of knowledge that can help you troubleshoot your issues.,Having trouble with some of your rocket designs? There are lots of little bits of knowledge that can help you troubleshoot your issues.,,Localized
Tutorials/Lessons/Descriptions/Tutorial 4.1,Text,,Learn about how different engines perform better in different environments.,Découvrez comment les différents moteurs sont plus performants selon les environnements.,Scopri come i diversi motori offrono prestazioni migliori in base all'ambiente.,Lerne wie andere Triebwerke in anderen Umgebungen besser leisten.,Learn about how different engines perform better in different environments.,Learn about how different engines perform better in different environments.,Learn about how different engines perform better in different environments.,"Dowiedz się, jak różne silniki sprawdzają się w różnych środowiskach.","Изучите, как разные двигатели показывают лучшие результаты в разных условиях.",了解不同引擎在不同环境下的性能差异。,Learn about how different engines perform better in different environments.,Learn about how different engines perform better in different environments.,Learn about how different engines perform better in different environments.,Learn about how different engines perform better in different environments.,Learn about how different engines perform better in different environments.,Learn about how different engines perform better in different environments.,,Localized
Tutorials/tutorial_4.1.6,Text,,Let's open our workspace menu and load the rocket by selecting it and clicking the big LOAD button.,"Ouvrons le menu de l'espace de travail et chargeons la fusée en la sélectionnant, puis en cliquant sur le gros bouton CHARGER.",Apriamo il menu dell'area di lavoro e carichiamo il razzo selezionandolo e cliccando sul pulsante CARICA.,Let's open our workspace menu and load the rocket by selecting it and clicking the big LOAD button.,Let's open our workspace menu and load the rocket by selecting it and clicking the big LOAD button.,Let's open our workspace menu and load the rocket by selecting it and clicking the big LOAD button.,Let's open our workspace menu and load the rocket by selecting it and clicking the big LOAD button.,Otwórzmy menu naszego obszaru roboczego i wczytajmy rakietę. Wystarczy ją wybrać i kliknąć ten wielki przycisk WCZYTAJ.,"Давайте откроем меню рабочего пространства и загрузим ракету, выбрав её и нажав большую кнопку «ЗАГРУЗИТЬ».",让我们打开工作区菜单，选中火箭，然后点击右下角的“加载”按钮来加载它。,Let's open our workspace menu and load the rocket by selecting it and clicking the big LOAD button.,Let's open our workspace menu and load the rocket by selecting it and clicking the big LOAD button.,Let's open our workspace menu and load the rocket by selecting it and clicking the big LOAD button.,Let's open our workspace menu and load the rocket by selecting it and clicking the big LOAD button.,Let's open our workspace menu and load the rocket by selecting it and clicking the big LOAD button.,Let's open our workspace menu and load the rocket by selecting it and clicking the big LOAD button.,,Localized
Tutorials/tutorial_4.1.23_failure_msg_part_detach,Text,,"Oops! I know you want to mess around, but our vessel needs all of its parts for this tutorial! Let's try that again.","Oups ! Je sais que vous avez envie de bricoler, mais notre vaisseau a besoin de toutes ses pièces pour ce didacticiel ! Réessayons.","Ops! So che hai voglia di pasticciare, ma per questo tutorial al nostro veicolo servono tutti i suoi componenti! Riproviamo.","Oops! I know you want to mess around, but our vessel needs all of its parts for this tutorial! Let's try that again.","Oops! I know you want to mess around, but our vessel needs all of its parts for this tutorial! Let's try that again.","Oops! I know you want to mess around, but our vessel needs all of its parts for this tutorial! Let's try that again.","Oops! I know you want to mess around, but our vessel needs all of its parts for this tutorial! Let's try that again.","Ups! Wiem, że masz ochotę trochę poeksperymentować, ale nasz statek potrzebuje wszystkich swoich części w tym samouczku! Spróbujmy jeszcze raz.","Ой! Я знаю, вы хотите поэкспериментировать, но для этого урока нашему судну нужны все детали! Давайте попробуем ещё раз.",哎呀！我知道你想捣乱，但这艘航天器上的所有部件在本教程中都是必需的！我们再试一次吧。,"Oops! I know you want to mess around, but our vessel needs all of its parts for this tutorial! Let's try that again.","Oops! I know you want to mess around, but our vessel needs all of its parts for this tutorial! Let's try that again.","Oops! I know you want to mess around, but our vessel needs all of its parts for this tutorial! Let's try that again.","Oops! I know you want to mess around, but our vessel needs all of its parts for this tutorial! Let's try that again.","Oops! I know you want to mess around, but our vessel needs all of its parts for this tutorial! Let's try that again.","Oops! I know you want to mess around, but our vessel needs all of its parts for this tutorial! Let's try that again.",,Localized
Tutorials/Lessons/Titles/Tutorial4/Delta-V,Text,,Delta-V in VAB,Delta-V dans le BAV,Delta-V nell'EAV,Delta-V in VAB,Delta-V in VAB,Delta-V in VAB,Delta-V in VAB,Delta-V w Montażowni,Δv в ЦВС,组装大楼里的Δv,Delta-V in VAB,Delta-V in VAB,Delta-V in VAB,Delta-V in VAB,Delta-V in VAB,Delta-V in VAB,,Localized
Tutorials/Lessons/Descriptions/Tutorial 4.2,Text,,Learn how to determine how far a vehicle can travel with Delta-V.,Apprenez à déterminer la distance qu'un véhicule peut parcourir grâce au Delta-V.,Scopri come determinare la distanza percorribile da un veicolo grazie al Delta-V.,Learn how to determine how far a vehicle can travel with Delta-V.,Learn how to determine how far a vehicle can travel with Delta-V.,Learn how to determine how far a vehicle can travel with Delta-V.,Learn how to determine how far a vehicle can travel with Delta-V.,"Dowiedz się, jak za pomocą Delta-V określić, jak daleko może dotrzeć pojazd.","Узнайте, как определить дальность полета аппарата с помощью Δv.",学习如何用Δv判断航天器能飞多远。,Learn how to determine how far a vehicle can travel with Delta-V.,Learn how to determine how far a vehicle can travel with Delta-V.,Learn how to determine how far a vehicle can travel with Delta-V.,Learn how to determine how far a vehicle can travel with Delta-V.,Learn how to determine how far a vehicle can travel with Delta-V.,Learn how to determine how far a vehicle can travel with Delta-V.,,Localized
Tutorials/tutorial_4.2.1,Text,,"It's a new day here on simulated Kerbin and we have a rocket problem to solve!

Our engineers gave us this rocket to troubleshoot. 
They want this rocket to make it to the Mun, but how do we determine if we can even get there? 
Hm... Oh! I know! Our <b><color=#FFA114><cspace=-.1>Delta-V</cspace></color></b>!","C'est un nouveau jour ici, sur la Kerbin simulée, et nous avons un problème de fusée à résoudre !

Nos ingénieurs nous ont confié cette fusée à dépanner.
Ils veulent qu'elle atteigne la Mune, mais comment savoir si nous pouvons seulement y arriver ?
Hum... Oh ! Je sais ! Notre <b><color=#FFA114><cspace=-.1>Delta-V</cspace></color></b> !","È un nuovo giorno qui su Kerbin e abbiamo un problema con un razzo da risolvere!

I nostri ingegneri ci hanno affidato questo razzo da esaminare.
Vogliono che questo razzo raggiunga Mun, ma come facciamo a determinare se possiamo arrivarci davvero?
Uhm... Oh! Ci sono! Il <b><color=#FFA114><cspace=-.1>Delta-V</cspace></color></b>!","It's a new day here on simulated Kerbin and we have a rocket problem to solve!

Our engineers gave us this rocket to troubleshoot. 
They want this rocket to make it to the Mun, but how do we determine if we can even get there? 
Hm... Oh! I know! Our <b><color=#FFA114><cspace=-.1>Delta-V</cspace></color></b>!","It's a new day here on simulated Kerbin and we have a rocket problem to solve!

Our engineers gave us this rocket to troubleshoot. 
They want this rocket to make it to the Mun, but how do we determine if we can even get there? 
Hm... Oh! I know! Our <b><color=#FFA114><cspace=-.1>Delta-V</cspace></color></b>!","It's a new day here on simulated Kerbin and we have a rocket problem to solve!

Our engineers gave us this rocket to troubleshoot. 
They want this rocket to make it to the Mun, but how do we determine if we can even get there? 
Hm... Oh! I know! Our <b><color=#FFA114><cspace=-.1>Delta-V</cspace></color></b>!","It's a new day here on simulated Kerbin and we have a rocket problem to solve!

Our engineers gave us this rocket to troubleshoot. 
They want this rocket to make it to the Mun, but how do we determine if we can even get there? 
Hm... Oh! I know! Our <b><color=#FFA114><cspace=-.1>Delta-V</cspace></color></b>!","It's a new day here on simulated Kerbin and we have a rocket problem to solve!

Our engineers gave us this rocket to troubleshoot. 
They want this rocket to make it to the Mun, but how do we determine if we can even get there? 
Hm... Oh! I know! Our <b><color=#FFA114><cspace=-.1>Delta-V</cspace></color></b>!","В этот новый день на симулированном Кербине у нас проблема с ракетой!

Наши инженеры дали нам эту ракету для проверки.
Они хотят, чтобы эта ракета долетела до Луны, но как нам определить, сможем ли мы вообще туда добраться?
Хм... О! Я знаю! Наша <b><color=#FFA114><cspace=-.1>Δv</cspace></color></b> !","又是模拟kerbin新的一天！有个火箭的问题正等着我们解决！

工程师给了我们这枚火箭让我们排查问题。
他们想让这枚火箭到达Mun，但我们怎么才能确定我们能不能到那呢？
嗯……哦！我知道了！我们的<b><color=#FFA114><cspace=-.1>Δv</cspace></color></b> ！","It's a new day here on simulated Kerbin and we have a rocket problem to solve!

Our engineers gave us this rocket to troubleshoot. 
They want this rocket to make it to the Mun, but how do we determine if we can even get there? 
Hm... Oh! I know! Our <b><color=#FFA114><cspace=-.1>Delta-V</cspace></color></b>!","It's a new day here on simulated Kerbin and we have a rocket problem to solve!

Our engineers gave us this rocket to troubleshoot. 
They want this rocket to make it to the Mun, but how do we determine if we can even get there? 
Hm... Oh! I know! Our <b><color=#FFA114><cspace=-.1>Delta-V</cspace></color></b>!","It's a new day here on simulated Kerbin and we have a rocket problem to solve!

Our engineers gave us this rocket to troubleshoot. 
They want this rocket to make it to the Mun, but how do we determine if we can even get there? 
Hm... Oh! I know! Our <b><color=#FFA114><cspace=-.1>Delta-V</cspace></color></b>!","It's a new day here on simulated Kerbin and we have a rocket problem to solve!

Our engineers gave us this rocket to troubleshoot. 
They want this rocket to make it to the Mun, but how do we determine if we can even get there? 
Hm... Oh! I know! Our <b><color=#FFA114><cspace=-.1>Delta-V</cspace></color></b>!","It's a new day here on simulated Kerbin and we have a rocket problem to solve!

Our engineers gave us this rocket to troubleshoot. 
They want this rocket to make it to the Mun, but how do we determine if we can even get there? 
Hm... Oh! I know! Our <b><color=#FFA114><cspace=-.1>Delta-V</cspace></color></b>!","It's a new day here on simulated Kerbin and we have a rocket problem to solve!

Our engineers gave us this rocket to troubleshoot. 
They want this rocket to make it to the Mun, but how do we determine if we can even get there? 
Hm... Oh! I know! Our <b><color=#FFA114><cspace=-.1>Delta-V</cspace></color></b>!",,Localized
Tutorials/tutorial_4.2.2,Text,,"<b><color=#FFA114><cspace=-.1>Delta-V</cspace></color></b> is a good measure of how far, and how fast, a vehicle can travel.
It factors in the efficiency of the engines, the vehicle's changing mass, and the effects of gravity into one easy to understand number.

<b><color=#FFA114><cspace=-.1>Delta-V</cspace></color></b> is incredibly useful when evaluating and comparing different vehicle designs.","Le <b><color=#FFA114><cspace=-.1>Delta-V</cspace></color></b> est une bonne mesure de la distance, et de la vitesse, qu'un véhicule peut atteindre.
Il combine l'efficacité des moteurs, la masse changeante du véhicule et les effets de la gravité en un seul nombre facile à comprendre.

Le <b><color=#FFA114><cspace=-.1>Delta-V</cspace></color></b> est extrêmement utile pour évaluer et comparer des véhicules de conception différente.","Il <b><color=#FFA114><cspace=-.1>Delta-V</cspace></color></b> è un ottimo indicatore di quanto lontano e quanto velocemente può viaggiare un veicolo.
Raggruppa l'efficienza dei motori, la variazione di massa del veicolo e gli effetti della gravità in un unico numero facile da capire.

Il <b><color=#FFA114><cspace=-.1>Delta-V</cspace></color></b> è incredibilmente utile per valutare e confrontare diversi progetti di veicoli.","<b><color=#FFA114><cspace=-.1>Delta-V</cspace></color></b> is a good measure of how far, and how fast, a vehicle can travel.
It factors in the efficiency of the engines, the vehicle's changing mass, and the effects of gravity into one easy to understand number.

<b><color=#FFA114><cspace=-.1>Delta-V</cspace></color></b> is incredibly useful when evaluating and comparing different vehicle designs.","<b><color=#FFA114><cspace=-.1>Delta-V</cspace></color></b> is a good measure of how far, and how fast, a vehicle can travel.
It factors in the efficiency of the engines, the vehicle's changing mass, and the effects of gravity into one easy to understand number.

<b><color=#FFA114><cspace=-.1>Delta-V</cspace></color></b> is incredibly useful when evaluating and comparing different vehicle designs.","<b><color=#FFA114><cspace=-.1>Delta-V</cspace></color></b> is a good measure of how far, and how fast, a vehicle can travel.
It factors in the efficiency of the engines, the vehicle's changing mass, and the effects of gravity into one easy to understand number.

<b><color=#FFA114><cspace=-.1>Delta-V</cspace></color></b> is incredibly useful when evaluating and comparing different vehicle designs.","<b><color=#FFA114><cspace=-.1>Delta-V</cspace></color></b> is a good measure of how far, and how fast, a vehicle can travel.
It factors in the efficiency of the engines, the vehicle's changing mass, and the effects of gravity into one easy to understand number.

<b><color=#FFA114><cspace=-.1>Delta-V</cspace></color></b> is incredibly useful when evaluating and comparing different vehicle designs.","<b><color=#FFA114><cspace=-.1>Delta-V</cspace></color></b> is a good measure of how far, and how fast, a vehicle can travel.
It factors in the efficiency of the engines, the vehicle's changing mass, and the effects of gravity into one easy to understand number.

<b><color=#FFA114><cspace=-.1>Delta-V</cspace></color></b> is incredibly useful when evaluating and comparing different vehicle designs.","<b><color=#FFA114><cspace=-.1>Δv</cspace></color></b> — это хороший показатель того, как далеко и как быстро может летать аппарат.
Он учитывает эффективность двигателей, изменение массы аппарата и воздействие гравитации, и всё это в одном простом для понимания числе.

<b><color=#FFA114><cspace=-.1>Δv</cspace></color></b> невероятно полезен при оценке и сравнении различных конструкций аппаратов.","<b><color=#FFA114><cspace=-.1>Δv</cspace></color></b>是衡量飞行器能飞多远、飞多快的良好指标。
它将引擎效率、飞行器不断变化的质量以及重力的影响综合成一个易于理解的数字。

<b><color=#FFA114><cspace=-.1>Δv</cspace></color></b>在评估和比较不同飞行器设计时非常有用。","<b><color=#FFA114><cspace=-.1>Delta-V</cspace></color></b> is a good measure of how far, and how fast, a vehicle can travel.
It factors in the efficiency of the engines, the vehicle's changing mass, and the effects of gravity into one easy to understand number.

<b><color=#FFA114><cspace=-.1>Delta-V</cspace></color></b> is incredibly useful when evaluating and comparing different vehicle designs.","<b><color=#FFA114><cspace=-.1>Delta-V</cspace></color></b> is a good measure of how far, and how fast, a vehicle can travel.
It factors in the efficiency of the engines, the vehicle's changing mass, and the effects of gravity into one easy to understand number.

<b><color=#FFA114><cspace=-.1>Delta-V</cspace></color></b> is incredibly useful when evaluating and comparing different vehicle designs.","<b><color=#FFA114><cspace=-.1>Delta-V</cspace></color></b> is a good measure of how far, and how fast, a vehicle can travel.
It factors in the efficiency of the engines, the vehicle's changing mass, and the effects of gravity into one easy to understand number.

<b><color=#FFA114><cspace=-.1>Delta-V</cspace></color></b> is incredibly useful when evaluating and comparing different vehicle designs.","<b><color=#FFA114><cspace=-.1>Delta-V</cspace></color></b> is a good measure of how far, and how fast, a vehicle can travel.
It factors in the efficiency of the engines, the vehicle's changing mass, and the effects of gravity into one easy to understand number.

<b><color=#FFA114><cspace=-.1>Delta-V</cspace></color></b> is incredibly useful when evaluating and comparing different vehicle designs.","<b><color=#FFA114><cspace=-.1>Delta-V</cspace></color></b> is a good measure of how far, and how fast, a vehicle can travel.
It factors in the efficiency of the engines, the vehicle's changing mass, and the effects of gravity into one easy to understand number.

<b><color=#FFA114><cspace=-.1>Delta-V</cspace></color></b> is incredibly useful when evaluating and comparing different vehicle designs.","<b><color=#FFA114><cspace=-.1>Delta-V</cspace></color></b> is a good measure of how far, and how fast, a vehicle can travel.
It factors in the efficiency of the engines, the vehicle's changing mass, and the effects of gravity into one easy to understand number.

<b><color=#FFA114><cspace=-.1>Delta-V</cspace></color></b> is incredibly useful when evaluating and comparing different vehicle designs.",,Localized
Tutorials/tutorial_4.2.3,Text,,"To get to the Mun, our rocket needs a <b><color=#FFA114><cspace=-.1>Delta-V</cspace></color></b> of over 6000 meters per second just to be safe. 
This rocket only has 3859m/s!","Pour atteindre la Mune, notre fusée a besoin d'un <b><color=#FFA114><cspace=-.1>Delta-V</cspace></color></b> de plus de 6 000 mètres par seconde, juste pour être sûr.
Cette fusée n'en a que 3859 !","Per raggiungere Mun, il nostro razzo ha bisogno di un <b><color=#FFA114><cspace=-.1>Delta-V</cspace></color></b> di oltre 6000 metri al secondo, giusto per andare sul sicuro.
Questo razzo ne ha solo 3859!","To get to the Mun, our rocket needs a <b><color=#FFA114><cspace=-.1>Delta-V</cspace></color></b> of over 6000 meters per second just to be safe. 
This rocket only has 3859m/s!","To get to the Mun, our rocket needs a <b><color=#FFA114><cspace=-.1>Delta-V</cspace></color></b> of over 6000 meters per second just to be safe. 
This rocket only has 3859m/s!","To get to the Mun, our rocket needs a <b><color=#FFA114><cspace=-.1>Delta-V</cspace></color></b> of over 6000 meters per second just to be safe. 
This rocket only has 3859m/s!","To get to the Mun, our rocket needs a <b><color=#FFA114><cspace=-.1>Delta-V</cspace></color></b> of over 6000 meters per second just to be safe. 
This rocket only has 3859m/s!","To get to the Mun, our rocket needs a <b><color=#FFA114><cspace=-.1>Delta-V</cspace></color></b> of over 6000 meters per second just to be safe. 
This rocket only has 3859m/s!","Чтобы достичь Луны, нашей ракете необходима скорость <b><color=#FFA114><cspace=-.1>Δv</cspace></color></b> более 6000 метров в секунду, просто для безопасности.
У этой ракеты всего 3859!","为了到达Mun，我们的火箭需要超过6000米/秒的<b><color=#FFA114><cspace=-.1>Δv</cspace></color></b>才能确保安全。
这枚火箭只有3859！","To get to the Mun, our rocket needs a <b><color=#FFA114><cspace=-.1>Delta-V</cspace></color></b> of over 6000 meters per second just to be safe. 
This rocket only has 3859m/s!","To get to the Mun, our rocket needs a <b><color=#FFA114><cspace=-.1>Delta-V</cspace></color></b> of over 6000 meters per second just to be safe. 
This rocket only has 3859m/s!","To get to the Mun, our rocket needs a <b><color=#FFA114><cspace=-.1>Delta-V</cspace></color></b> of over 6000 meters per second just to be safe. 
This rocket only has 3859m/s!","To get to the Mun, our rocket needs a <b><color=#FFA114><cspace=-.1>Delta-V</cspace></color></b> of over 6000 meters per second just to be safe. 
This rocket only has 3859m/s!","To get to the Mun, our rocket needs a <b><color=#FFA114><cspace=-.1>Delta-V</cspace></color></b> of over 6000 meters per second just to be safe. 
This rocket only has 3859m/s!","To get to the Mun, our rocket needs a <b><color=#FFA114><cspace=-.1>Delta-V</cspace></color></b> of over 6000 meters per second just to be safe. 
This rocket only has 3859m/s!",,Localized
Tutorials/tutorial_4.2.4,Text,,"We can view the <b><color=#FFA114><cspace=-.1>Delta-V</cspace></color></b> values of all of our stages by double-clicking the dropdown next to the Staging Stack, or our total Delta-V in the LAUNCH button in the bottom right. 

<mspace=20><voffset=.3em><sprite=""input-useractions"" index=1></voffset></mspace> Expand the staging info so we can more easily identify the issue here.","Nous pouvons afficher les valeurs de <b><color=#FFA114><cspace=-.1>Delta-V</cspace></color></b> de tous nos étages en double-cliquant sur le menu déroulant à côté de la file des séquences, ou notre Delta-V total sur le bouton LANCER en bas à droite. 

<mspace=20><voffset=.3em><sprite=""input-useractions"" index=1></voffset></mspace> Développez les informations de séquençage pour repérer plus facilement le problème.","Possiamo visualizzare i valori di <b><color=#FFA114><cspace=-.1>Delta-V</cspace></color></b> di tutti gli stadi facendo doppio clic sul menu a discesa accanto alla pila degli stadi, oppure il Delta-V totale direttamente sul pulsante LANCIO in basso a destra.

<mspace=20><voffset=.3em><sprite=""input-useractions"" index=1></voffset></mspace> Espandi le informazioni degli stadi per identificare più facilmente il problema.","We can view the <b><color=#FFA114><cspace=-.1>Delta-V</cspace></color></b> values of all of our stages by double-clicking the dropdown next to the Staging Stack, or our total Delta-V in the LAUNCH button in the bottom right. 

<mspace=20><voffset=.3em><sprite=""input-useractions"" index=1></voffset></mspace> Expand the staging info so we can more easily identify the issue here.","We can view the <b><color=#FFA114><cspace=-.1>Delta-V</cspace></color></b> values of all of our stages by double-clicking the dropdown next to the Staging Stack, or our total Delta-V in the LAUNCH button in the bottom right. 

<mspace=20><voffset=.3em><sprite=""input-useractions"" index=1></voffset></mspace> Expand the staging info so we can more easily identify the issue here.","We can view the <b><color=#FFA114><cspace=-.1>Delta-V</cspace></color></b> values of all of our stages by double-clicking the dropdown next to the Staging Stack, or our total Delta-V in the LAUNCH button in the bottom right. 

<mspace=20><voffset=.3em><sprite=""input-useractions"" index=1></voffset></mspace> Expand the staging info so we can more easily identify the issue here.","We can view the <b><color=#FFA114><cspace=-.1>Delta-V</cspace></color></b> values of all of our stages by double-clicking the dropdown next to the Staging Stack, or our total Delta-V in the LAUNCH button in the bottom right. 

<mspace=20><voffset=.3em><sprite=""input-useractions"" index=1></voffset></mspace> Expand the staging info so we can more easily identify the issue here.","We can view the <b><color=#FFA114><cspace=-.1>Delta-V</cspace></color></b> values of all of our stages by double-clicking the dropdown next to the Staging Stack, or our total Delta-V in the LAUNCH button in the bottom right. 

<mspace=20><voffset=.3em><sprite=""input-useractions"" index=1></voffset></mspace> Expand the staging info so we can more easily identify the issue here.","Мы можем просмотреть значения <b><color=#FFA114><cspace=-.1>Δv</cspace></color></b> для всех наших ступеней, дважды щелкнув на панель рядом со «списком ступеней», или общее значение Δv, на кнопке «ЗАПУСК» в правом нижнем углу.

<mspace=20><voffset=.3em><sprite=""input-useractions"" index=1></voffset></mspace> Разверните информацию о ступенях, чтобы нам было проще определить проблему.","我们可以通过双击分级列表旁边的下拉菜单来查看所有级的<b><color=#FFA114><cspace=-.1>Δv</cspace></color></b>值，或者在右下角的发射按钮中查看总Δv。

<mspace=20><voffset=.3em><sprite=""input-useractions"" index=1></voffset></mspace> 展开分级信息，这样我们就能更容易地找出问题所在。","We can view the <b><color=#FFA114><cspace=-.1>Delta-V</cspace></color></b> values of all of our stages by double-clicking the dropdown next to the Staging Stack, or our total Delta-V in the LAUNCH button in the bottom right. 

<mspace=20><voffset=.3em><sprite=""input-useractions"" index=1></voffset></mspace> Expand the staging info so we can more easily identify the issue here.","We can view the <b><color=#FFA114><cspace=-.1>Delta-V</cspace></color></b> values of all of our stages by double-clicking the dropdown next to the Staging Stack, or our total Delta-V in the LAUNCH button in the bottom right. 

<mspace=20><voffset=.3em><sprite=""input-useractions"" index=1></voffset></mspace> Expand the staging info so we can more easily identify the issue here.","We can view the <b><color=#FFA114><cspace=-.1>Delta-V</cspace></color></b> values of all of our stages by double-clicking the dropdown next to the Staging Stack, or our total Delta-V in the LAUNCH button in the bottom right. 

<mspace=20><voffset=.3em><sprite=""input-useractions"" index=1></voffset></mspace> Expand the staging info so we can more easily identify the issue here.","We can view the <b><color=#FFA114><cspace=-.1>Delta-V</cspace></color></b> values of all of our stages by double-clicking the dropdown next to the Staging Stack, or our total Delta-V in the LAUNCH button in the bottom right. 

<mspace=20><voffset=.3em><sprite=""input-useractions"" index=1></voffset></mspace> Expand the staging info so we can more easily identify the issue here.","We can view the <b><color=#FFA114><cspace=-.1>Delta-V</cspace></color></b> values of all of our stages by double-clicking the dropdown next to the Staging Stack, or our total Delta-V in the LAUNCH button in the bottom right. 

<mspace=20><voffset=.3em><sprite=""input-useractions"" index=1></voffset></mspace> Expand the staging info so we can more easily identify the issue here.","We can view the <b><color=#FFA114><cspace=-.1>Delta-V</cspace></color></b> values of all of our stages by double-clicking the dropdown next to the Staging Stack, or our total Delta-V in the LAUNCH button in the bottom right. 

<mspace=20><voffset=.3em><sprite=""input-useractions"" index=1></voffset></mspace> Expand the staging info so we can more easily identify the issue here.",,Localized
Tutorials/tutorial_4.2.5,Text,,"This looks a little overwhelming, but I need you to just focus on the numbers near the top of each stage (with m/s). 
That is the <b><color=#FFA114><cspace=-.1>Delta-V</cspace></color></b> value! 

Hm, our first and second stages look okay, it can get us through most of the atmosphere. 
However, our third stage, the one that's supposed to have more <b><color=#FFA114><cspace=-.1>Delta-V</cspace></color></b> has a surprisingly less amount of it. 
Let's see why!","Ça a l'air un peu intimidant, mais je veux simplement que vous vous concentriez sur les nombres situés en haut de chaque étage (avec des m/s).
C'est la valeur du <b><color=#FFA114><cspace=-.1>Delta-V</cspace></color></b> !

Hum, nos premier et deuxième étages semblent corrects, ils peuvent nous faire traverser la majeure partie de l'atmosphère.
En revanche, notre dernier étage, celui qui est censé avoir le plus de <b><color=#FFA114><cspace=-.1>Delta-V</cspace></color></b>, en a étonnamment moins.
Voyons pourquoi !","Tutto questo può sembrare un po' complicato, ma per ora concentrati solo sui numeri in cima a ogni stadio (quelli in m/s). 
Quello è il valore del tuo <b><color=#FFA114><cspace=-.1>Delta-V</cspace></color></b>! 

Uhm, il primo e il secondo stadio sembrano a posto, possono portarci oltre gran parte dell'atmosfera.
Tuttavia il nostro ultimo stadio, quello che dovrebbe avere più <b><color=#FFA114><cspace=-.1>Delta-V</cspace></color></b>, ne ha una quantità sorprendentemente bassa.
Scopriamo il perché!","This looks a little overwhelming, but I need you to just focus on the numbers near the top of each stage (with m/s). 
That is the <b><color=#FFA114><cspace=-.1>Delta-V</cspace></color></b> value! 

Hm, our first and second stages look okay, it can get us through most of the atmosphere. 
However, our third stage, the one that's supposed to have more <b><color=#FFA114><cspace=-.1>Delta-V</cspace></color></b> has a surprisingly less amount of it. 
Let's see why!","This looks a little overwhelming, but I need you to just focus on the numbers near the top of each stage (with m/s). 
That is the <b><color=#FFA114><cspace=-.1>Delta-V</cspace></color></b> value! 

Hm, our first and second stages look okay, it can get us through most of the atmosphere. 
However, our third stage, the one that's supposed to have more <b><color=#FFA114><cspace=-.1>Delta-V</cspace></color></b> has a surprisingly less amount of it. 
Let's see why!","This looks a little overwhelming, but I need you to just focus on the numbers near the top of each stage (with m/s). 
That is the <b><color=#FFA114><cspace=-.1>Delta-V</cspace></color></b> value! 

Hm, our first and second stages look okay, it can get us through most of the atmosphere. 
However, our third stage, the one that's supposed to have more <b><color=#FFA114><cspace=-.1>Delta-V</cspace></color></b> has a surprisingly less amount of it. 
Let's see why!","This looks a little overwhelming, but I need you to just focus on the numbers near the top of each stage (with m/s). 
That is the <b><color=#FFA114><cspace=-.1>Delta-V</cspace></color></b> value! 

Hm, our first and second stages look okay, it can get us through most of the atmosphere. 
However, our third stage, the one that's supposed to have more <b><color=#FFA114><cspace=-.1>Delta-V</cspace></color></b> has a surprisingly less amount of it. 
Let's see why!","This looks a little overwhelming, but I need you to just focus on the numbers near the top of each stage (with m/s). 
That is the <b><color=#FFA114><cspace=-.1>Delta-V</cspace></color></b> value! 

Hm, our first and second stages look okay, it can get us through most of the atmosphere. 
However, our third stage, the one that's supposed to have more <b><color=#FFA114><cspace=-.1>Delta-V</cspace></color></b> has a surprisingly less amount of it. 
Let's see why!","Это может показаться немного сложным, но мне нужно, чтобы вы сосредоточились на цифрах в верхней части каждой ступени (в м/с).
Это значение <b><color=#FFA114><cspace=-.1>Δv</cspace></color></b>!

Хм, наша первая и вторая ступени выглядят неплохо, они могут пролететь большую часть атмосферы.
Однако у нашей последней ступени, которая должна иметь больше <b><color=#FFA114><cspace=-.1>Δv</cspace></color></b>, оно на удивление меньше.
Давайте разберемся, почему!","这么多字看着有点头晕，但你只需要关注每级顶部附近带有m/s的那些数字。
那就是<b><color=#FFA114><cspace=-.1>Δv</cspace></color></b>值！

嗯，我们的第一级和第二级看起来还行，能够带我们穿过大部分大气层。
但我们的最后一级，也就是本应有更多<b><color=#FFA114><cspace=-.1>Δv</cspace></color></b>的那一级，却出人意料地少。
来看看怎么回事！","This looks a little overwhelming, but I need you to just focus on the numbers near the top of each stage (with m/s). 
That is the <b><color=#FFA114><cspace=-.1>Delta-V</cspace></color></b> value! 

Hm, our first and second stages look okay, it can get us through most of the atmosphere. 
However, our third stage, the one that's supposed to have more <b><color=#FFA114><cspace=-.1>Delta-V</cspace></color></b> has a surprisingly less amount of it. 
Let's see why!","This looks a little overwhelming, but I need you to just focus on the numbers near the top of each stage (with m/s). 
That is the <b><color=#FFA114><cspace=-.1>Delta-V</cspace></color></b> value! 

Hm, our first and second stages look okay, it can get us through most of the atmosphere. 
However, our third stage, the one that's supposed to have more <b><color=#FFA114><cspace=-.1>Delta-V</cspace></color></b> has a surprisingly less amount of it. 
Let's see why!","This looks a little overwhelming, but I need you to just focus on the numbers near the top of each stage (with m/s). 
That is the <b><color=#FFA114><cspace=-.1>Delta-V</cspace></color></b> value! 

Hm, our first and second stages look okay, it can get us through most of the atmosphere. 
However, our third stage, the one that's supposed to have more <b><color=#FFA114><cspace=-.1>Delta-V</cspace></color></b> has a surprisingly less amount of it. 
Let's see why!","This looks a little overwhelming, but I need you to just focus on the numbers near the top of each stage (with m/s). 
That is the <b><color=#FFA114><cspace=-.1>Delta-V</cspace></color></b> value! 

Hm, our first and second stages look okay, it can get us through most of the atmosphere. 
However, our third stage, the one that's supposed to have more <b><color=#FFA114><cspace=-.1>Delta-V</cspace></color></b> has a surprisingly less amount of it. 
Let's see why!","This looks a little overwhelming, but I need you to just focus on the numbers near the top of each stage (with m/s). 
That is the <b><color=#FFA114><cspace=-.1>Delta-V</cspace></color></b> value! 

Hm, our first and second stages look okay, it can get us through most of the atmosphere. 
However, our third stage, the one that's supposed to have more <b><color=#FFA114><cspace=-.1>Delta-V</cspace></color></b> has a surprisingly less amount of it. 
Let's see why!","This looks a little overwhelming, but I need you to just focus on the numbers near the top of each stage (with m/s). 
That is the <b><color=#FFA114><cspace=-.1>Delta-V</cspace></color></b> value! 

Hm, our first and second stages look okay, it can get us through most of the atmosphere. 
However, our third stage, the one that's supposed to have more <b><color=#FFA114><cspace=-.1>Delta-V</cspace></color></b> has a surprisingly less amount of it. 
Let's see why!",,Localized
Tutorials/tutorial_4.2.6,Text,," Wow, I didn't realize how badly this last stage was designed! 
This must've been the work of an intern! It uses a large ""Mammoth-II"" engine, while great for its thrust, it's not so great with <b><color=#FFA114><cspace=-.1>ISP</cspace></color></b>. 

As you learned in the last tutorial, an engine with a higher <b><color=#FFA114><cspace=-.1>ISP</cspace></color></b> is more efficient and can squeeze out more <b><color=#FFA114><cspace=-.1>Delta-V</cspace></color></b> with the propellant it has. 

Let's change that!"," Ouah, je n'avais pas réalisé à quel point ce dernier étage était mal conçu !
Ce doit être l'œuvre d'un stagiaire ! Il utilise un gros moteur « Mammouth II » qui, s'il est excellent pour sa poussée, ne l'est pas tant que ça côté <b><color=#FFA114><cspace=-.1>ISP</cspace></color></b>.

Comme vous l'avez appris dans le didacticiel précédent, un moteur avec une <b><color=#FFA114><cspace=-.1>ISP</cspace></color></b> plus élevée est plus efficace et peut tirer davantage de <b><color=#FFA114><cspace=-.1>Delta-V</cspace></color></b> de l'ergol dont il dispose.

Changeons ça !"," Caspita, non mi ero reso conto di quanto fosse progettato male questo ultimo stadio!
Deve essere stato sicuramente il lavoro di uno stagista! Utilizza un enorme motore ""Mammoth-II"" che, sebbene sia eccezionale per la sua spinta, non se la cava altrettanto bene con l'<b><color=#FFA114><cspace=-.1>ISP</cspace></color></b>.

Come hai imparato nello scorso tutorial, un motore con un <b><color=#FFA114><cspace=-.1>ISP</cspace></color></b> elevato è più efficiente e può ricavare molto più <b><color=#FFA114><cspace=-.1>Delta-V</cspace></color></b> dal propellente a disposizione.

Rimediamo subito!"," Wow, I didn't realize how badly this last stage was designed! 
This must've been the work of an intern! It uses a large ""Mammoth-II"" engine, while great for its thrust, it's not so great with <b><color=#FFA114><cspace=-.1>ISP</cspace></color></b>. 

As you learned in the last tutorial, an engine with a higher <b><color=#FFA114><cspace=-.1>ISP</cspace></color></b> is more efficient and can squeeze out more <b><color=#FFA114><cspace=-.1>Delta-V</cspace></color></b> with the propellant it has. 

Let's change that!"," Wow, I didn't realize how badly this last stage was designed! 
This must've been the work of an intern! It uses a large ""Mammoth-II"" engine, while great for its thrust, it's not so great with <b><color=#FFA114><cspace=-.1>ISP</cspace></color></b>. 

As you learned in the last tutorial, an engine with a higher <b><color=#FFA114><cspace=-.1>ISP</cspace></color></b> is more efficient and can squeeze out more <b><color=#FFA114><cspace=-.1>Delta-V</cspace></color></b> with the propellant it has. 

Let's change that!"," Wow, I didn't realize how badly this last stage was designed! 
This must've been the work of an intern! It uses a large ""Mammoth-II"" engine, while great for its thrust, it's not so great with <b><color=#FFA114><cspace=-.1>ISP</cspace></color></b>. 

As you learned in the last tutorial, an engine with a higher <b><color=#FFA114><cspace=-.1>ISP</cspace></color></b> is more efficient and can squeeze out more <b><color=#FFA114><cspace=-.1>Delta-V</cspace></color></b> with the propellant it has. 

Let's change that!"," Wow, I didn't realize how badly this last stage was designed! 
This must've been the work of an intern! It uses a large ""Mammoth-II"" engine, while great for its thrust, it's not so great with <b><color=#FFA114><cspace=-.1>ISP</cspace></color></b>. 

As you learned in the last tutorial, an engine with a higher <b><color=#FFA114><cspace=-.1>ISP</cspace></color></b> is more efficient and can squeeze out more <b><color=#FFA114><cspace=-.1>Delta-V</cspace></color></b> with the propellant it has. 

Let's change that!"," Wow, I didn't realize how badly this last stage was designed! 
This must've been the work of an intern! It uses a large ""Mammoth-II"" engine, while great for its thrust, it's not so great with <b><color=#FFA114><cspace=-.1>ISP</cspace></color></b>. 

As you learned in the last tutorial, an engine with a higher <b><color=#FFA114><cspace=-.1>ISP</cspace></color></b> is more efficient and can squeeze out more <b><color=#FFA114><cspace=-.1>Delta-V</cspace></color></b> with the propellant it has. 

Let's change that!"," Ух ты, я и не подозревал, насколько плохо спроектирована эта последняя ступень!
Наверное, это работа стажёра! В ней используется большой двигатель «Мамонт II», который, хотя и хорош своей тягой, имеет не очень хороший <b><color=#FFA114><cspace=-.1>удельный импульс</cspace></color></b>.

Как вы узнали из предыдущего урока, двигатель с более высоким <b><color=#FFA114><cspace=-.1>удельным импульсом</cspace></color></b> более эффективен и может выжать больше <b><color=#FFA114><cspace=-.1>Δv</cspace></color></b> с имеющимся у него топливом.

Давайте это изменим!"," 哇，最后这一级设计得怎么这么糟糕！
这肯定是实习生干的！它用的是大型“猛犸-II”引擎，虽然推力很强，但<b><color=#FFA114><cspace=-.1>比冲</cspace></color></b>可不怎么样。

正如你在上一个教程中学到的，<b><color=#FFA114><cspace=-.1>比冲</cspace></color></b>更高的引擎效率更高，能用同样的推进剂挤出更多的<b><color=#FFA114><cspace=-.1>Δv</cspace></color></b>。

我们把它换掉！"," Wow, I didn't realize how badly this last stage was designed! 
This must've been the work of an intern! It uses a large ""Mammoth-II"" engine, while great for its thrust, it's not so great with <b><color=#FFA114><cspace=-.1>ISP</cspace></color></b>. 

As you learned in the last tutorial, an engine with a higher <b><color=#FFA114><cspace=-.1>ISP</cspace></color></b> is more efficient and can squeeze out more <b><color=#FFA114><cspace=-.1>Delta-V</cspace></color></b> with the propellant it has. 

Let's change that!"," Wow, I didn't realize how badly this last stage was designed! 
This must've been the work of an intern! It uses a large ""Mammoth-II"" engine, while great for its thrust, it's not so great with <b><color=#FFA114><cspace=-.1>ISP</cspace></color></b>. 

As you learned in the last tutorial, an engine with a higher <b><color=#FFA114><cspace=-.1>ISP</cspace></color></b> is more efficient and can squeeze out more <b><color=#FFA114><cspace=-.1>Delta-V</cspace></color></b> with the propellant it has. 

Let's change that!"," Wow, I didn't realize how badly this last stage was designed! 
This must've been the work of an intern! It uses a large ""Mammoth-II"" engine, while great for its thrust, it's not so great with <b><color=#FFA114><cspace=-.1>ISP</cspace></color></b>. 

As you learned in the last tutorial, an engine with a higher <b><color=#FFA114><cspace=-.1>ISP</cspace></color></b> is more efficient and can squeeze out more <b><color=#FFA114><cspace=-.1>Delta-V</cspace></color></b> with the propellant it has. 

Let's change that!"," Wow, I didn't realize how badly this last stage was designed! 
This must've been the work of an intern! It uses a large ""Mammoth-II"" engine, while great for its thrust, it's not so great with <b><color=#FFA114><cspace=-.1>ISP</cspace></color></b>. 

As you learned in the last tutorial, an engine with a higher <b><color=#FFA114><cspace=-.1>ISP</cspace></color></b> is more efficient and can squeeze out more <b><color=#FFA114><cspace=-.1>Delta-V</cspace></color></b> with the propellant it has. 

Let's change that!"," Wow, I didn't realize how badly this last stage was designed! 
This must've been the work of an intern! It uses a large ""Mammoth-II"" engine, while great for its thrust, it's not so great with <b><color=#FFA114><cspace=-.1>ISP</cspace></color></b>. 

As you learned in the last tutorial, an engine with a higher <b><color=#FFA114><cspace=-.1>ISP</cspace></color></b> is more efficient and can squeeze out more <b><color=#FFA114><cspace=-.1>Delta-V</cspace></color></b> with the propellant it has. 

Let's change that!"," Wow, I didn't realize how badly this last stage was designed! 
This must've been the work of an intern! It uses a large ""Mammoth-II"" engine, while great for its thrust, it's not so great with <b><color=#FFA114><cspace=-.1>ISP</cspace></color></b>. 

As you learned in the last tutorial, an engine with a higher <b><color=#FFA114><cspace=-.1>ISP</cspace></color></b> is more efficient and can squeeze out more <b><color=#FFA114><cspace=-.1>Delta-V</cspace></color></b> with the propellant it has. 

Let's change that!",,Localized
Tutorials/tutorial_4.2.7,Text,,"We need to swap out the Mammoth-II launcher engine with a more efficient engine that is designed for space! 

<mspace=20><voffset=.3em><sprite=""input-useractions"" index=1></voffset></mspace> Select the Decoupler just below the Mammoth-II engine.","Nous devons remplacer le moteur de lancement Mammouth II par un moteur plus efficace, conçu pour l'espace !

<mspace=20><voffset=.3em><sprite=""input-useractions"" index=1></voffset></mspace> Sélectionnez le découpleur juste en dessous du moteur Mammouth-II.","Dobbiamo sostituire il motore di lancio Mammoth-II con un motore più efficiente, progettato appositamente per lo spazio! 

<mspace=20><voffset=.3em><sprite=""input-useractions"" index=1></voffset></mspace> Seleziona il separatore subito sotto il motore Mammoth-II.","We need to swap out the Mammoth-II launcher engine with a more efficient engine that is designed for space! 

<mspace=20><voffset=.3em><sprite=""input-useractions"" index=1></voffset></mspace> Select the Decoupler just below the Mammoth-II engine.","We need to swap out the Mammoth-II launcher engine with a more efficient engine that is designed for space! 

<mspace=20><voffset=.3em><sprite=""input-useractions"" index=1></voffset></mspace> Select the Decoupler just below the Mammoth-II engine.","We need to swap out the Mammoth-II launcher engine with a more efficient engine that is designed for space! 

<mspace=20><voffset=.3em><sprite=""input-useractions"" index=1></voffset></mspace> Select the Decoupler just below the Mammoth-II engine.","We need to swap out the Mammoth-II launcher engine with a more efficient engine that is designed for space! 

<mspace=20><voffset=.3em><sprite=""input-useractions"" index=1></voffset></mspace> Select the Decoupler just below the Mammoth-II engine.","We need to swap out the Mammoth-II launcher engine with a more efficient engine that is designed for space! 

<mspace=20><voffset=.3em><sprite=""input-useractions"" index=1></voffset></mspace> Select the Decoupler just below the Mammoth-II engine.","Нам нужно заменить пусковой двигатель «Мамонт II» на более эффективный, разработанный для космических полётов!

<mspace=20><voffset=.3em><sprite=""input-useractions"" index=1></voffset></mspace> Выберите отделитель чуть ниже двигателя «Мамонт II».","我们需要把“猛犸-II”发射级引擎换成一台更高效的、专为太空设计的引擎！

<mspace=20><voffset=.3em><sprite=""input-useractions"" index=1></voffset></mspace> 选择“猛犸-II”引擎正下方的分离器。","We need to swap out the Mammoth-II launcher engine with a more efficient engine that is designed for space! 

<mspace=20><voffset=.3em><sprite=""input-useractions"" index=1></voffset></mspace> Select the Decoupler just below the Mammoth-II engine.","We need to swap out the Mammoth-II launcher engine with a more efficient engine that is designed for space! 

<mspace=20><voffset=.3em><sprite=""input-useractions"" index=1></voffset></mspace> Select the Decoupler just below the Mammoth-II engine.","We need to swap out the Mammoth-II launcher engine with a more efficient engine that is designed for space! 

<mspace=20><voffset=.3em><sprite=""input-useractions"" index=1></voffset></mspace> Select the Decoupler just below the Mammoth-II engine.","We need to swap out the Mammoth-II launcher engine with a more efficient engine that is designed for space! 

<mspace=20><voffset=.3em><sprite=""input-useractions"" index=1></voffset></mspace> Select the Decoupler just below the Mammoth-II engine.","We need to swap out the Mammoth-II launcher engine with a more efficient engine that is designed for space! 

<mspace=20><voffset=.3em><sprite=""input-useractions"" index=1></voffset></mspace> Select the Decoupler just below the Mammoth-II engine.","We need to swap out the Mammoth-II launcher engine with a more efficient engine that is designed for space! 

<mspace=20><voffset=.3em><sprite=""input-useractions"" index=1></voffset></mspace> Select the Decoupler just below the Mammoth-II engine.",,Localized
Tutorials/tutorial_4.2.8,Text,,"Let's put our first stage to the side for now. 

<mspace=20><voffset=.3em><sprite=""input-useractions"" index=1></voffset></mspace> Place the selected first stage to the side.","Mettons notre premier étage de côté pour l'instant.

<mspace=20><voffset=.3em><sprite=""input-useractions"" index=1></voffset></mspace> Placez le premier étage sélectionné sur le côté.","Per il momento mettiamo da parte il nostro primo stadio.

<mspace=20><voffset=.3em><sprite=""input-useractions"" index=1></voffset></mspace> Sposta di lato il primo stadio selezionato.","Let's put our first stage to the side for now. 

<mspace=20><voffset=.3em><sprite=""input-useractions"" index=1></voffset></mspace> Place the selected first stage to the side.","Let's put our first stage to the side for now. 

<mspace=20><voffset=.3em><sprite=""input-useractions"" index=1></voffset></mspace> Place the selected first stage to the side.","Let's put our first stage to the side for now. 

<mspace=20><voffset=.3em><sprite=""input-useractions"" index=1></voffset></mspace> Place the selected first stage to the side.","Let's put our first stage to the side for now. 

<mspace=20><voffset=.3em><sprite=""input-useractions"" index=1></voffset></mspace> Place the selected first stage to the side.","Let's put our first stage to the side for now. 

<mspace=20><voffset=.3em><sprite=""input-useractions"" index=1></voffset></mspace> Place the selected first stage to the side.","Давайте пока отложим первую ступень в сторону.

<mspace=20><voffset=.3em><sprite=""input-useractions"" index=1></voffset></mspace> Отложите выбранную первую ступень в сторону.","我们先把第一级放到旁边。

<mspace=20><voffset=.3em><sprite=""input-useractions"" index=1></voffset></mspace> 将选中的第一级放到旁边。","Let's put our first stage to the side for now. 

<mspace=20><voffset=.3em><sprite=""input-useractions"" index=1></voffset></mspace> Place the selected first stage to the side.","Let's put our first stage to the side for now. 

<mspace=20><voffset=.3em><sprite=""input-useractions"" index=1></voffset></mspace> Place the selected first stage to the side.","Let's put our first stage to the side for now. 

<mspace=20><voffset=.3em><sprite=""input-useractions"" index=1></voffset></mspace> Place the selected first stage to the side.","Let's put our first stage to the side for now. 

<mspace=20><voffset=.3em><sprite=""input-useractions"" index=1></voffset></mspace> Place the selected first stage to the side.","Let's put our first stage to the side for now. 

<mspace=20><voffset=.3em><sprite=""input-useractions"" index=1></voffset></mspace> Place the selected first stage to the side.","Let's put our first stage to the side for now. 

<mspace=20><voffset=.3em><sprite=""input-useractions"" index=1></voffset></mspace> Place the selected first stage to the side.",,Localized
Tutorials/tutorial_4.2.9,Text,,"Let's remove this launcher engine! Note that we have 1349m/s of <b><color=#FFA114><cspace=-.1>Delta-V</cspace></color></b> right now.

<mspace=20><voffset=.3em><sprite=""input-useractions"" index=1></voffset></mspace> Delete the ""Mammoth II"" Engine","Retirons ce moteur de lancement !

<mspace=20><voffset=.3em><sprite=""input-useractions"" index=1></voffset></mspace> Supprimez le moteur « Mammouth II »","Sbarazziamoci di questo motore!

<mspace=20><voffset=.3em><sprite=""input-useractions"" index=1></voffset></mspace> Elimina il motore ""Mammoth-II""","Let's remove this launcher engine! Note that we have 1349m/s of <b><color=#FFA114><cspace=-.1>Delta-V</cspace></color></b> right now.

<mspace=20><voffset=.3em><sprite=""input-useractions"" index=1></voffset></mspace> Delete the ""Mammoth II"" Engine","Let's remove this launcher engine! Note that we have 1349m/s of <b><color=#FFA114><cspace=-.1>Delta-V</cspace></color></b> right now.

<mspace=20><voffset=.3em><sprite=""input-useractions"" index=1></voffset></mspace> Delete the ""Mammoth II"" Engine","Let's remove this launcher engine! Note that we have 1349m/s of <b><color=#FFA114><cspace=-.1>Delta-V</cspace></color></b> right now.

<mspace=20><voffset=.3em><sprite=""input-useractions"" index=1></voffset></mspace> Delete the ""Mammoth II"" Engine","Let's remove this launcher engine! Note that we have 1349m/s of <b><color=#FFA114><cspace=-.1>Delta-V</cspace></color></b> right now.

<mspace=20><voffset=.3em><sprite=""input-useractions"" index=1></voffset></mspace> Delete the ""Mammoth II"" Engine","Let's remove this launcher engine! Note that we have 1349m/s of <b><color=#FFA114><cspace=-.1>Delta-V</cspace></color></b> right now.

<mspace=20><voffset=.3em><sprite=""input-useractions"" index=1></voffset></mspace> Delete the ""Mammoth II"" Engine","Давайте уберём этот пусковой двигатель!

<mspace=20><voffset=.3em><sprite=""input-useractions"" index=1></voffset></mspace> Удалите двигатель «Мамонт II»","移除这台发射级引擎！

<mspace=20><voffset=.3em><sprite=""input-useractions"" index=1></voffset></mspace> 删除“猛犸-II”引擎","Let's remove this launcher engine! Note that we have 1349m/s of <b><color=#FFA114><cspace=-.1>Delta-V</cspace></color></b> right now.

<mspace=20><voffset=.3em><sprite=""input-useractions"" index=1></voffset></mspace> Delete the ""Mammoth II"" Engine","Let's remove this launcher engine! Note that we have 1349m/s of <b><color=#FFA114><cspace=-.1>Delta-V</cspace></color></b> right now.

<mspace=20><voffset=.3em><sprite=""input-useractions"" index=1></voffset></mspace> Delete the ""Mammoth II"" Engine","Let's remove this launcher engine! Note that we have 1349m/s of <b><color=#FFA114><cspace=-.1>Delta-V</cspace></color></b> right now.

<mspace=20><voffset=.3em><sprite=""input-useractions"" index=1></voffset></mspace> Delete the ""Mammoth II"" Engine","Let's remove this launcher engine! Note that we have 1349m/s of <b><color=#FFA114><cspace=-.1>Delta-V</cspace></color></b> right now.

<mspace=20><voffset=.3em><sprite=""input-useractions"" index=1></voffset></mspace> Delete the ""Mammoth II"" Engine","Let's remove this launcher engine! Note that we have 1349m/s of <b><color=#FFA114><cspace=-.1>Delta-V</cspace></color></b> right now.

<mspace=20><voffset=.3em><sprite=""input-useractions"" index=1></voffset></mspace> Delete the ""Mammoth II"" Engine","Let's remove this launcher engine! Note that we have 1349m/s of <b><color=#FFA114><cspace=-.1>Delta-V</cspace></color></b> right now.

<mspace=20><voffset=.3em><sprite=""input-useractions"" index=1></voffset></mspace> Delete the ""Mammoth II"" Engine",,Localized
Tutorials/tutorial_4.2.10,Text,,"Oh no! I just realized that even if we add a more efficient engine, we'll never make it to the Mun and back! 
Oh right, we can just add more fuel. 

<mspace=20><voffset=.3em><sprite=""input-useractions"" index=1></voffset></mspace> Select the fuel tank category in the Parts Picker","Oh non ! Je viens de réaliser que même en ajoutant un moteur plus efficace, nous n'arriverons jamais à faire l'aller-retour vers la Mune !
Ah oui, il suffit d'ajouter du carburant.

<mspace=20><voffset=.3em><sprite=""input-useractions"" index=1></voffset></mspace> Sélectionnez la catégorie des réservoirs de carburant dans le sélecteur de pièces","Oh no! Mi sono appena reso conto che anche aggiungendo un motore più efficiente, non riusciremo mai ad arrivare su Mun e tornare indietro!
Ah, giusto, possiamo semplicemente aggiungere più carburante.

<mspace=20><voffset=.3em><sprite=""input-useractions"" index=1></voffset></mspace> Seleziona la categoria dei serbatoi nel selettore dei componenti.","Oh no! I just realized that even if we add a more efficient engine, we'll never make it to the Mun and back! 
Oh right, we can just add more fuel. 

<mspace=20><voffset=.3em><sprite=""input-useractions"" index=1></voffset></mspace> Select the fuel tank category in the Parts Picker","Oh no! I just realized that even if we add a more efficient engine, we'll never make it to the Mun and back! 
Oh right, we can just add more fuel. 

<mspace=20><voffset=.3em><sprite=""input-useractions"" index=1></voffset></mspace> Select the fuel tank category in the Parts Picker","Oh no! I just realized that even if we add a more efficient engine, we'll never make it to the Mun and back! 
Oh right, we can just add more fuel. 

<mspace=20><voffset=.3em><sprite=""input-useractions"" index=1></voffset></mspace> Select the fuel tank category in the Parts Picker","Oh no! I just realized that even if we add a more efficient engine, we'll never make it to the Mun and back! 
Oh right, we can just add more fuel. 

<mspace=20><voffset=.3em><sprite=""input-useractions"" index=1></voffset></mspace> Select the fuel tank category in the Parts Picker","Oh no! I just realized that even if we add a more efficient engine, we'll never make it to the Mun and back! 
Oh right, we can just add more fuel. 

<mspace=20><voffset=.3em><sprite=""input-useractions"" index=1></voffset></mspace> Select the fuel tank category in the Parts Picker","О нет! Я только что понял, что даже если мы установим более эффективный двигатель, мы всё равно не долетим до Луны и обратно!

Ах да, мы можем просто добавить больше топлива.

<mspace=20><voffset=.3em><sprite=""input-useractions"" index=1></voffset></mspace> Выберите категорию «Топливные Баки» в меню выбора деталей","哎呀！我刚发现，哪怕我们换上一台更高效的引擎，我们也没办法把它送到Mun再送回来！
哦对，我们可以多加些燃料就行了。

<mspace=20><voffset=.3em><sprite=""input-useractions"" index=1></voffset></mspace> 在部件选取器中选择燃料箱类别。","Oh no! I just realized that even if we add a more efficient engine, we'll never make it to the Mun and back! 
Oh right, we can just add more fuel. 

<mspace=20><voffset=.3em><sprite=""input-useractions"" index=1></voffset></mspace> Select the fuel tank category in the Parts Picker","Oh no! I just realized that even if we add a more efficient engine, we'll never make it to the Mun and back! 
Oh right, we can just add more fuel. 

<mspace=20><voffset=.3em><sprite=""input-useractions"" index=1></voffset></mspace> Select the fuel tank category in the Parts Picker","Oh no! I just realized that even if we add a more efficient engine, we'll never make it to the Mun and back! 
Oh right, we can just add more fuel. 

<mspace=20><voffset=.3em><sprite=""input-useractions"" index=1></voffset></mspace> Select the fuel tank category in the Parts Picker","Oh no! I just realized that even if we add a more efficient engine, we'll never make it to the Mun and back! 
Oh right, we can just add more fuel. 

<mspace=20><voffset=.3em><sprite=""input-useractions"" index=1></voffset></mspace> Select the fuel tank category in the Parts Picker","Oh no! I just realized that even if we add a more efficient engine, we'll never make it to the Mun and back! 
Oh right, we can just add more fuel. 

<mspace=20><voffset=.3em><sprite=""input-useractions"" index=1></voffset></mspace> Select the fuel tank category in the Parts Picker","Oh no! I just realized that even if we add a more efficient engine, we'll never make it to the Mun and back! 
Oh right, we can just add more fuel. 

<mspace=20><voffset=.3em><sprite=""input-useractions"" index=1></voffset></mspace> Select the fuel tank category in the Parts Picker",,Localized
Tutorials/tutorial_4.2.11,Text,,"I think one more of the same fuel tank in our last stage should do. 

<mspace=20><voffset=.3em><sprite=""input-useractions"" index=1></voffset></mspace> Select the X200-16 Fuel Tank.","Je pense qu'un réservoir de carburant supplémentaire identique dans notre dernier étage devrait suffire.

<mspace=20><voffset=.3em><sprite=""input-useractions"" index=1></voffset></mspace> Sélectionnez le réservoir de carburant X200-16.","Penso che un ulteriore serbatoio della stessa tipologia sia sufficiente per il nostro ultimo stadio.

<mspace=20><voffset=.3em><sprite=""input-useractions"" index=1></voffset></mspace> Seleziona il serbatoio X200-16.","I think one more of the same fuel tank in our last stage should do. 

<mspace=20><voffset=.3em><sprite=""input-useractions"" index=1></voffset></mspace> Select the X200-16 Fuel Tank.","I think one more of the same fuel tank in our last stage should do. 

<mspace=20><voffset=.3em><sprite=""input-useractions"" index=1></voffset></mspace> Select the X200-16 Fuel Tank.","I think one more of the same fuel tank in our last stage should do. 

<mspace=20><voffset=.3em><sprite=""input-useractions"" index=1></voffset></mspace> Select the X200-16 Fuel Tank.","I think one more of the same fuel tank in our last stage should do. 

<mspace=20><voffset=.3em><sprite=""input-useractions"" index=1></voffset></mspace> Select the X200-16 Fuel Tank.","I think one more of the same fuel tank in our last stage should do. 

<mspace=20><voffset=.3em><sprite=""input-useractions"" index=1></voffset></mspace> Select the X200-16 Fuel Tank.","Думаю, ещё один такой же топливный бак на последней ступени будет достаточен.

<mspace=20><voffset=.3em><sprite=""input-useractions"" index=1></voffset></mspace> Выберите топливный бак X200-16.","我觉得在最后一级再加一个同样的燃料箱应该就行了。

<mspace=20><voffset=.3em><sprite=""input-useractions"" index=1></voffset></mspace> 选择 X200-16 燃料箱。","I think one more of the same fuel tank in our last stage should do. 

<mspace=20><voffset=.3em><sprite=""input-useractions"" index=1></voffset></mspace> Select the X200-16 Fuel Tank.","I think one more of the same fuel tank in our last stage should do. 

<mspace=20><voffset=.3em><sprite=""input-useractions"" index=1></voffset></mspace> Select the X200-16 Fuel Tank.","I think one more of the same fuel tank in our last stage should do. 

<mspace=20><voffset=.3em><sprite=""input-useractions"" index=1></voffset></mspace> Select the X200-16 Fuel Tank.","I think one more of the same fuel tank in our last stage should do. 

<mspace=20><voffset=.3em><sprite=""input-useractions"" index=1></voffset></mspace> Select the X200-16 Fuel Tank.","I think one more of the same fuel tank in our last stage should do. 

<mspace=20><voffset=.3em><sprite=""input-useractions"" index=1></voffset></mspace> Select the X200-16 Fuel Tank.","I think one more of the same fuel tank in our last stage should do. 

<mspace=20><voffset=.3em><sprite=""input-useractions"" index=1></voffset></mspace> Select the X200-16 Fuel Tank.",,Localized
Tutorials/tutorial_4.2.12,Text,,"<mspace=20><voffset=.3em><sprite=""input-useractions"" index=1></voffset></mspace> Place the fuel tank at the bottom of the last stage.","<mspace=20><voffset=.3em><sprite=""input-useractions"" index=1></voffset></mspace> Placez le réservoir de carburant au bas du dernier étage.","<mspace=20><voffset=.3em><sprite=""input-useractions"" index=1></voffset></mspace> Posiziona il serbatoio di carburante sotto l'ultimo stadio.","<mspace=20><voffset=.3em><sprite=""input-useractions"" index=1></voffset></mspace> Place the fuel tank at the bottom of the last stage.","<mspace=20><voffset=.3em><sprite=""input-useractions"" index=1></voffset></mspace> Place the fuel tank at the bottom of the last stage.","<mspace=20><voffset=.3em><sprite=""input-useractions"" index=1></voffset></mspace> Place the fuel tank at the bottom of the last stage.","<mspace=20><voffset=.3em><sprite=""input-useractions"" index=1></voffset></mspace> Place the fuel tank at the bottom of the last stage.","<mspace=20><voffset=.3em><sprite=""input-useractions"" index=1></voffset></mspace> Place the fuel tank at the bottom of the last stage.","<mspace=20><voffset=.3em><sprite=""input-useractions"" index=1></voffset></mspace> Разместите топливный бак в нижней части последней ступени.","<mspace=20><voffset=.3em><sprite=""input-useractions"" index=1></voffset></mspace> 将燃料箱放在最后一级的底部。","<mspace=20><voffset=.3em><sprite=""input-useractions"" index=1></voffset></mspace> Place the fuel tank at the bottom of the last stage.","<mspace=20><voffset=.3em><sprite=""input-useractions"" index=1></voffset></mspace> Place the fuel tank at the bottom of the last stage.","<mspace=20><voffset=.3em><sprite=""input-useractions"" index=1></voffset></mspace> Place the fuel tank at the bottom of the last stage.","<mspace=20><voffset=.3em><sprite=""input-useractions"" index=1></voffset></mspace> Place the fuel tank at the bottom of the last stage.","<mspace=20><voffset=.3em><sprite=""input-useractions"" index=1></voffset></mspace> Place the fuel tank at the bottom of the last stage.","<mspace=20><voffset=.3em><sprite=""input-useractions"" index=1></voffset></mspace> Place the fuel tank at the bottom of the last stage.",,Localized
Tutorials/tutorial_4.2.13,Text,,"Now that we've added more fuel, let's find a better engine. 

<mspace=20><voffset=.3em><sprite=""input-useractions"" index=1></voffset></mspace> Select the Engine category in the Parts Picker.","Maintenant que nous avons ajouté du carburant, trouvons un meilleur moteur.

<mspace=20><voffset=.3em><sprite=""input-useractions"" index=1></voffset></mspace> Sélectionnez la catégorie Moteurs dans le sélecteur de pièces.","Ora che abbiamo aggiunto più carburante, cerchiamo un motore migliore.

<mspace=20><voffset=.3em><sprite=""input-useractions"" index=1></voffset></mspace> Seleziona la categoria Motori nel Selettore delle parti.","Now that we've added more fuel, let's find a better engine. 

<mspace=20><voffset=.3em><sprite=""input-useractions"" index=1></voffset></mspace> Select the Engine category in the Parts Picker.","Now that we've added more fuel, let's find a better engine. 

<mspace=20><voffset=.3em><sprite=""input-useractions"" index=1></voffset></mspace> Select the Engine category in the Parts Picker.","Now that we've added more fuel, let's find a better engine. 

<mspace=20><voffset=.3em><sprite=""input-useractions"" index=1></voffset></mspace> Select the Engine category in the Parts Picker.","Now that we've added more fuel, let's find a better engine. 

<mspace=20><voffset=.3em><sprite=""input-useractions"" index=1></voffset></mspace> Select the Engine category in the Parts Picker.","Now that we've added more fuel, let's find a better engine. 

<mspace=20><voffset=.3em><sprite=""input-useractions"" index=1></voffset></mspace> Select the Engine category in the Parts Picker.","Теперь, когда мы добавили больше топлива, давайте найдем двигатель получше.

<mspace=20><voffset=.3em><sprite=""input-useractions"" index=1></voffset></mspace> Выберите категорию «Двигатели» в меню выбора деталей.","既然我们已经加了更多的燃料，那就来找一台更好的引擎吧。

<mspace=20><voffset=.3em><sprite=""input-useractions"" index=1></voffset></mspace> 在部件选取器中选择引擎类别。","Now that we've added more fuel, let's find a better engine. 

<mspace=20><voffset=.3em><sprite=""input-useractions"" index=1></voffset></mspace> Select the Engine category in the Parts Picker.","Now that we've added more fuel, let's find a better engine. 

<mspace=20><voffset=.3em><sprite=""input-useractions"" index=1></voffset></mspace> Select the Engine category in the Parts Picker.","Now that we've added more fuel, let's find a better engine. 

<mspace=20><voffset=.3em><sprite=""input-useractions"" index=1></voffset></mspace> Select the Engine category in the Parts Picker.","Now that we've added more fuel, let's find a better engine. 

<mspace=20><voffset=.3em><sprite=""input-useractions"" index=1></voffset></mspace> Select the Engine category in the Parts Picker.","Now that we've added more fuel, let's find a better engine. 

<mspace=20><voffset=.3em><sprite=""input-useractions"" index=1></voffset></mspace> Select the Engine category in the Parts Picker.","Now that we've added more fuel, let's find a better engine. 

<mspace=20><voffset=.3em><sprite=""input-useractions"" index=1></voffset></mspace> Select the Engine category in the Parts Picker.",,Localized
Tutorials/tutorial_4.2.14,Text,,"One of my personal favorites is the ""Poodle"" Engine. It has a high <b><color=#FFA114><cspace=-.1>ISP</cspace></color></b> and a reasonable amount of thrust for most stages in space. 
Not only that, it's lighter than the Mammoth-II, so we can only get better <b><color=#FFA114><cspace=-.1>Delta-V</cspace></color></b> from here! 

<mspace=20><voffset=.3em><sprite=""input-useractions"" index=1></voffset></mspace> Select the RE-L10 ""Poodle"" orbital engine.","L'un de mes préférés est le moteur « Jean-Yves ». Il possède une <b><color=#FFA114><cspace=-.1>ISP</cspace></color></b> élevée et une poussée raisonnable pour la plupart des étages spatiaux.
En plus, il est plus léger que le Mammouth II, alors notre <b><color=#FFA114><cspace=-.1>Delta-V</cspace></color></b> ne peut que s'améliorer !

<mspace=20><voffset=.3em><sprite=""input-useractions"" index=1></voffset></mspace> Sélectionnez le moteur orbital RE-L10 « Jean-Yves ».","Uno dei miei preferiti in assoluto è il motore ""Poodle"". Ha un valore di <b><color=#FFA114><cspace=-.1>ISP</cspace></color></b> elevato e una spinta ragionevole per la maggior parte degli stadi spaziali.
Oltre a questo è più leggero del Mammoth-II, quindi da qui in poi il nostro <b><color=#FFA114><cspace=-.1>Delta-V</cspace></color></b> non può che migliorare!

<mspace=20><voffset=.3em><sprite=""input-useractions"" index=1></voffset></mspace> Seleziona il motore orbitale RE-L10 ""Poodle"".","One of my personal favorites is the ""Poodle"" Engine. It has a high <b><color=#FFA114><cspace=-.1>ISP</cspace></color></b> and a reasonable amount of thrust for most stages in space. 
Not only that, it's lighter than the Mammoth-II, so we can only get better <b><color=#FFA114><cspace=-.1>Delta-V</cspace></color></b> from here! 

<mspace=20><voffset=.3em><sprite=""input-useractions"" index=1></voffset></mspace> Select the RE-L10 ""Poodle"" orbital engine.","One of my personal favorites is the ""Poodle"" Engine. It has a high <b><color=#FFA114><cspace=-.1>ISP</cspace></color></b> and a reasonable amount of thrust for most stages in space. 
Not only that, it's lighter than the Mammoth-II, so we can only get better <b><color=#FFA114><cspace=-.1>Delta-V</cspace></color></b> from here! 

<mspace=20><voffset=.3em><sprite=""input-useractions"" index=1></voffset></mspace> Select the RE-L10 ""Poodle"" orbital engine.","One of my personal favorites is the ""Poodle"" Engine. It has a high <b><color=#FFA114><cspace=-.1>ISP</cspace></color></b> and a reasonable amount of thrust for most stages in space. 
Not only that, it's lighter than the Mammoth-II, so we can only get better <b><color=#FFA114><cspace=-.1>Delta-V</cspace></color></b> from here! 

<mspace=20><voffset=.3em><sprite=""input-useractions"" index=1></voffset></mspace> Select the RE-L10 ""Poodle"" orbital engine.","One of my personal favorites is the ""Poodle"" Engine. It has a high <b><color=#FFA114><cspace=-.1>ISP</cspace></color></b> and a reasonable amount of thrust for most stages in space. 
Not only that, it's lighter than the Mammoth-II, so we can only get better <b><color=#FFA114><cspace=-.1>Delta-V</cspace></color></b> from here! 

<mspace=20><voffset=.3em><sprite=""input-useractions"" index=1></voffset></mspace> Select the RE-L10 ""Poodle"" orbital engine.","One of my personal favorites is the ""Poodle"" Engine. It has a high <b><color=#FFA114><cspace=-.1>ISP</cspace></color></b> and a reasonable amount of thrust for most stages in space. 
Not only that, it's lighter than the Mammoth-II, so we can only get better <b><color=#FFA114><cspace=-.1>Delta-V</cspace></color></b> from here! 

<mspace=20><voffset=.3em><sprite=""input-useractions"" index=1></voffset></mspace> Select the RE-L10 ""Poodle"" orbital engine.","Один из моих личных фаворитов — двигатель «Пудель». Он обладает высоким <b><color=#FFA114><cspace=-.1>удельным импульсом</cspace></color></b> и достаточной тягой для большинства ступеней в космическом вакууме.
Более того, он легче, чем «Мамонт-II», так что мы можем добиться ещё большего изменения скорости <b><color=#FFA114><cspace=-.1>Δv</cspace></color></b>!

<mspace=20><voffset=.3em><sprite=""input-useractions"" index=1></voffset></mspace> Выберите орбитальный двигатель RE-L10 «Пудель».","我个人最喜欢的引擎之一是“贵宾犬”引擎。它的比冲很高，推力对于太空中大多数分级来说也相当够用。
不仅如此，它比猛犸-II还轻，这样一来我们的Δv只会变得更好！

<mspace=20><voffset=.3em><sprite=""input-useractions"" index=1></voffset></mspace> 选择RE-L10“贵宾犬”轨道级引擎。","One of my personal favorites is the ""Poodle"" Engine. It has a high <b><color=#FFA114><cspace=-.1>ISP</cspace></color></b> and a reasonable amount of thrust for most stages in space. 
Not only that, it's lighter than the Mammoth-II, so we can only get better <b><color=#FFA114><cspace=-.1>Delta-V</cspace></color></b> from here! 

<mspace=20><voffset=.3em><sprite=""input-useractions"" index=1></voffset></mspace> Select the RE-L10 ""Poodle"" orbital engine.","One of my personal favorites is the ""Poodle"" Engine. It has a high <b><color=#FFA114><cspace=-.1>ISP</cspace></color></b> and a reasonable amount of thrust for most stages in space. 
Not only that, it's lighter than the Mammoth-II, so we can only get better <b><color=#FFA114><cspace=-.1>Delta-V</cspace></color></b> from here! 

<mspace=20><voffset=.3em><sprite=""input-useractions"" index=1></voffset></mspace> Select the RE-L10 ""Poodle"" orbital engine.","One of my personal favorites is the ""Poodle"" Engine. It has a high <b><color=#FFA114><cspace=-.1>ISP</cspace></color></b> and a reasonable amount of thrust for most stages in space. 
Not only that, it's lighter than the Mammoth-II, so we can only get better <b><color=#FFA114><cspace=-.1>Delta-V</cspace></color></b> from here! 

<mspace=20><voffset=.3em><sprite=""input-useractions"" index=1></voffset></mspace> Select the RE-L10 ""Poodle"" orbital engine.","One of my personal favorites is the ""Poodle"" Engine. It has a high <b><color=#FFA114><cspace=-.1>ISP</cspace></color></b> and a reasonable amount of thrust for most stages in space. 
Not only that, it's lighter than the Mammoth-II, so we can only get better <b><color=#FFA114><cspace=-.1>Delta-V</cspace></color></b> from here! 

<mspace=20><voffset=.3em><sprite=""input-useractions"" index=1></voffset></mspace> Select the RE-L10 ""Poodle"" orbital engine.","One of my personal favorites is the ""Poodle"" Engine. It has a high <b><color=#FFA114><cspace=-.1>ISP</cspace></color></b> and a reasonable amount of thrust for most stages in space. 
Not only that, it's lighter than the Mammoth-II, so we can only get better <b><color=#FFA114><cspace=-.1>Delta-V</cspace></color></b> from here! 

<mspace=20><voffset=.3em><sprite=""input-useractions"" index=1></voffset></mspace> Select the RE-L10 ""Poodle"" orbital engine.","One of my personal favorites is the ""Poodle"" Engine. It has a high <b><color=#FFA114><cspace=-.1>ISP</cspace></color></b> and a reasonable amount of thrust for most stages in space. 
Not only that, it's lighter than the Mammoth-II, so we can only get better <b><color=#FFA114><cspace=-.1>Delta-V</cspace></color></b> from here! 

<mspace=20><voffset=.3em><sprite=""input-useractions"" index=1></voffset></mspace> Select the RE-L10 ""Poodle"" orbital engine.",,Localized
Tutorials/tutorial_4.2.15,Text,,"<mspace=20><voffset=.3em><sprite=""input-useractions"" index=1></voffset></mspace> Place the RE-L10 ""Poodle"" orbital engine below the fuel tank.","<mspace=20><voffset=.3em><sprite=""input-useractions"" index=1></voffset></mspace> Placez le moteur orbital RE-L10 « Jean-Yves » sous le réservoir de carburant.","<mspace=20><voffset=.3em><sprite=""input-useractions"" index=1></voffset></mspace> Posiziona il motore orbitale RE-L10 ""Poodle"" sotto il serbatoio del carburante.","<mspace=20><voffset=.3em><sprite=""input-useractions"" index=1></voffset></mspace> Place the RE-L10 ""Poodle"" orbital engine below the fuel tank.","<mspace=20><voffset=.3em><sprite=""input-useractions"" index=1></voffset></mspace> Place the RE-L10 ""Poodle"" orbital engine below the fuel tank.","<mspace=20><voffset=.3em><sprite=""input-useractions"" index=1></voffset></mspace> Place the RE-L10 ""Poodle"" orbital engine below the fuel tank.","<mspace=20><voffset=.3em><sprite=""input-useractions"" index=1></voffset></mspace> Place the RE-L10 ""Poodle"" orbital engine below the fuel tank.","<mspace=20><voffset=.3em><sprite=""input-useractions"" index=1></voffset></mspace> Place the RE-L10 ""Poodle"" orbital engine below the fuel tank.","<mspace=20><voffset=.3em><sprite=""input-useractions"" index=1></voffset></mspace> Разместите орбитальный двигатель RE-L10 ""Пудель"" под топливным баком.","<mspace=20><voffset=.3em><sprite=""input-useractions"" index=1></voffset></mspace> 将RE-L10“贵宾犬”轨道引擎放在燃料箱下方。","<mspace=20><voffset=.3em><sprite=""input-useractions"" index=1></voffset></mspace> Place the RE-L10 ""Poodle"" orbital engine below the fuel tank.","<mspace=20><voffset=.3em><sprite=""input-useractions"" index=1></voffset></mspace> Place the RE-L10 ""Poodle"" orbital engine below the fuel tank.","<mspace=20><voffset=.3em><sprite=""input-useractions"" index=1></voffset></mspace> Place the RE-L10 ""Poodle"" orbital engine below the fuel tank.","<mspace=20><voffset=.3em><sprite=""input-useractions"" index=1></voffset></mspace> Place the RE-L10 ""Poodle"" orbital engine below the fuel tank.","<mspace=20><voffset=.3em><sprite=""input-useractions"" index=1></voffset></mspace> Place the RE-L10 ""Poodle"" orbital engine below the fuel tank.","<mspace=20><voffset=.3em><sprite=""input-useractions"" index=1></voffset></mspace> Place the RE-L10 ""Poodle"" orbital engine below the fuel tank.",,Localized
Tutorials/tutorial_4.2.16,Text,,"Now take a look at the <b><color=#FFA114><cspace=-.1>Delta-V</cspace></color></b> of this section of the rocket before we reattach the rest of it. 
Woah! It went from 1349m/s to 3843m/s just by replacing an engine and adding a bit more fuel to it! This has plenty of <b><color=#FFA114><cspace=-.1>Delta-V</cspace></color></b> to get back from the Mun. 

We can now reattach the first stage under the last stage to complete our rocket. 

<mspace=20><voffset=.3em><sprite=""input-useractions"" index=1></voffset></mspace> Select the subassembly you set aside earlier by clicking at the top decoupler of the subassembly","Regardez maintenant le <b><color=#FFA114><cspace=-.1>Delta-V</cspace></color></b> de cette section de la fusée avant de réattacher le reste.
Bien ! Il y a largement assez de <b><color=#FFA114><cspace=-.1>Delta-V</cspace></color></b> pour revenir de la Mune.

Nous pouvons maintenant réattacher le premier étage sous le dernier étage pour terminer notre fusée.

<mspace=20><voffset=.3em><sprite=""input-useractions"" index=1></voffset></mspace> Sélectionnez le sous-assemblage que vous avez mis de côté plus tôt en cliquant sur le découpleur supérieur du sous-assemblage","Ora dai un'occhiata al <b><color=#FFA114><cspace=-.1>Delta-V</cspace></color></b> di questa sezione del razzo prima di riattaccare il resto.
Ottimo! Questo valore è più che sufficiente per tornare da Mun.

Ora possiamo riattaccare il primo stadio sotto l'ultimo stadio per completare il nostro razzo.

<mspace=20><voffset=.3em><sprite=""input-useractions"" index=1></voffset></mspace> Seleziona il preassemblato che hai messo da parte in precedenza cliccando sul suo separatore superiore.","Now take a look at the <b><color=#FFA114><cspace=-.1>Delta-V</cspace></color></b> of this section of the rocket before we reattach the rest of it. 
Woah! It went from 1349m/s to 3843m/s just by replacing an engine and adding a bit more fuel to it! This has plenty of <b><color=#FFA114><cspace=-.1>Delta-V</cspace></color></b> to get back from the Mun. 

We can now reattach the first stage under the last stage to complete our rocket. 

<mspace=20><voffset=.3em><sprite=""input-useractions"" index=1></voffset></mspace> Select the subassembly you set aside earlier by clicking at the top decoupler of the subassembly","Now take a look at the <b><color=#FFA114><cspace=-.1>Delta-V</cspace></color></b> of this section of the rocket before we reattach the rest of it. 
Woah! It went from 1349m/s to 3843m/s just by replacing an engine and adding a bit more fuel to it! This has plenty of <b><color=#FFA114><cspace=-.1>Delta-V</cspace></color></b> to get back from the Mun. 

We can now reattach the first stage under the last stage to complete our rocket. 

<mspace=20><voffset=.3em><sprite=""input-useractions"" index=1></voffset></mspace> Select the subassembly you set aside earlier by clicking at the top decoupler of the subassembly","Now take a look at the <b><color=#FFA114><cspace=-.1>Delta-V</cspace></color></b> of this section of the rocket before we reattach the rest of it. 
Woah! It went from 1349m/s to 3843m/s just by replacing an engine and adding a bit more fuel to it! This has plenty of <b><color=#FFA114><cspace=-.1>Delta-V</cspace></color></b> to get back from the Mun. 

We can now reattach the first stage under the last stage to complete our rocket. 

<mspace=20><voffset=.3em><sprite=""input-useractions"" index=1></voffset></mspace> Select the subassembly you set aside earlier by clicking at the top decoupler of the subassembly","Now take a look at the <b><color=#FFA114><cspace=-.1>Delta-V</cspace></color></b> of this section of the rocket before we reattach the rest of it. 
Woah! It went from 1349m/s to 3843m/s just by replacing an engine and adding a bit more fuel to it! This has plenty of <b><color=#FFA114><cspace=-.1>Delta-V</cspace></color></b> to get back from the Mun. 

We can now reattach the first stage under the last stage to complete our rocket. 

<mspace=20><voffset=.3em><sprite=""input-useractions"" index=1></voffset></mspace> Select the subassembly you set aside earlier by clicking at the top decoupler of the subassembly","Now take a look at the <b><color=#FFA114><cspace=-.1>Delta-V</cspace></color></b> of this section of the rocket before we reattach the rest of it. 
Woah! It went from 1349m/s to 3843m/s just by replacing an engine and adding a bit more fuel to it! This has plenty of <b><color=#FFA114><cspace=-.1>Delta-V</cspace></color></b> to get back from the Mun. 

We can now reattach the first stage under the last stage to complete our rocket. 

<mspace=20><voffset=.3em><sprite=""input-useractions"" index=1></voffset></mspace> Select the subassembly you set aside earlier by clicking at the top decoupler of the subassembly","Теперь взгляните на <b><color=#FFA114><cspace=-.1>Δv</cspace></color></b> этой ступени ракеты, прежде чем мы соединим остальную часть.

Отлично! Здесь достаточно <b><color=#FFA114><cspace=-.1>Δv</cspace></color></b>, чтобы вернуться с Луны.

Теперь мы можем снова прикрепить первую ступень под последней ступенью, чтобы завершить сборку ракеты.

<mspace=20><voffset=.3em><sprite=""input-useractions"" index=1></voffset></mspace> Выберите отложенную ранее конструкцию, щелкнув по верхнему отделителю.","现在，在重新连接火箭其余部分之前，先看看这一段的<b><color=#FFA114><cspace=-.1>Δv</cspace></color></b>。
不错！这个Δv足够从Mun回来了。

现在只要我们把第一级重新连接到最后一级下面，这枚火箭就做好了。

<mspace=20><voffset=.3em><sprite=""input-useractions"" index=1></voffset></mspace> 点击之前放在一边的子装配体顶部的分离器来选中它。","Now take a look at the <b><color=#FFA114><cspace=-.1>Delta-V</cspace></color></b> of this section of the rocket before we reattach the rest of it. 
Woah! It went from 1349m/s to 3843m/s just by replacing an engine and adding a bit more fuel to it! This has plenty of <b><color=#FFA114><cspace=-.1>Delta-V</cspace></color></b> to get back from the Mun. 

We can now reattach the first stage under the last stage to complete our rocket. 

<mspace=20><voffset=.3em><sprite=""input-useractions"" index=1></voffset></mspace> Select the subassembly you set aside earlier by clicking at the top decoupler of the subassembly","Now take a look at the <b><color=#FFA114><cspace=-.1>Delta-V</cspace></color></b> of this section of the rocket before we reattach the rest of it. 
Woah! It went from 1349m/s to 3843m/s just by replacing an engine and adding a bit more fuel to it! This has plenty of <b><color=#FFA114><cspace=-.1>Delta-V</cspace></color></b> to get back from the Mun. 

We can now reattach the first stage under the last stage to complete our rocket. 

<mspace=20><voffset=.3em><sprite=""input-useractions"" index=1></voffset></mspace> Select the subassembly you set aside earlier by clicking at the top decoupler of the subassembly","Now take a look at the <b><color=#FFA114><cspace=-.1>Delta-V</cspace></color></b> of this section of the rocket before we reattach the rest of it. 
Woah! It went from 1349m/s to 3843m/s just by replacing an engine and adding a bit more fuel to it! This has plenty of <b><color=#FFA114><cspace=-.1>Delta-V</cspace></color></b> to get back from the Mun. 

We can now reattach the first stage under the last stage to complete our rocket. 

<mspace=20><voffset=.3em><sprite=""input-useractions"" index=1></voffset></mspace> Select the subassembly you set aside earlier by clicking at the top decoupler of the subassembly","Now take a look at the <b><color=#FFA114><cspace=-.1>Delta-V</cspace></color></b> of this section of the rocket before we reattach the rest of it. 
Woah! It went from 1349m/s to 3843m/s just by replacing an engine and adding a bit more fuel to it! This has plenty of <b><color=#FFA114><cspace=-.1>Delta-V</cspace></color></b> to get back from the Mun. 

We can now reattach the first stage under the last stage to complete our rocket. 

<mspace=20><voffset=.3em><sprite=""input-useractions"" index=1></voffset></mspace> Select the subassembly you set aside earlier by clicking at the top decoupler of the subassembly","Now take a look at the <b><color=#FFA114><cspace=-.1>Delta-V</cspace></color></b> of this section of the rocket before we reattach the rest of it. 
Woah! It went from 1349m/s to 3843m/s just by replacing an engine and adding a bit more fuel to it! This has plenty of <b><color=#FFA114><cspace=-.1>Delta-V</cspace></color></b> to get back from the Mun. 

We can now reattach the first stage under the last stage to complete our rocket. 

<mspace=20><voffset=.3em><sprite=""input-useractions"" index=1></voffset></mspace> Select the subassembly you set aside earlier by clicking at the top decoupler of the subassembly","Now take a look at the <b><color=#FFA114><cspace=-.1>Delta-V</cspace></color></b> of this section of the rocket before we reattach the rest of it. 
Woah! It went from 1349m/s to 3843m/s just by replacing an engine and adding a bit more fuel to it! This has plenty of <b><color=#FFA114><cspace=-.1>Delta-V</cspace></color></b> to get back from the Mun. 

We can now reattach the first stage under the last stage to complete our rocket. 

<mspace=20><voffset=.3em><sprite=""input-useractions"" index=1></voffset></mspace> Select the subassembly you set aside earlier by clicking at the top decoupler of the subassembly",,Localized
Tutorials/tutorial_4.2.17,Text,,"<mspace=20><voffset=.3em><sprite=""input-useractions"" index=1></voffset></mspace> Attach it below the engine you just placed.","<mspace=20><voffset=.3em><sprite=""input-useractions"" index=1></voffset></mspace> Attachez-le sous le moteur que vous venez de placer.","<mspace=20><voffset=.3em><sprite=""input-useractions"" index=1></voffset></mspace> Aggancialo sotto il motore che hai appena posizionato.","<mspace=20><voffset=.3em><sprite=""input-useractions"" index=1></voffset></mspace> Attach it below the engine you just placed.","<mspace=20><voffset=.3em><sprite=""input-useractions"" index=1></voffset></mspace> Attach it below the engine you just placed.","<mspace=20><voffset=.3em><sprite=""input-useractions"" index=1></voffset></mspace> Attach it below the engine you just placed.","<mspace=20><voffset=.3em><sprite=""input-useractions"" index=1></voffset></mspace> Attach it below the engine you just placed.","<mspace=20><voffset=.3em><sprite=""input-useractions"" index=1></voffset></mspace> Attach it below the engine you just placed.","<mspace=20><voffset=.3em><sprite=""input-useractions"" index=1></voffset></mspace> Прикрепите его под только что установленным двигателем.","<mspace=20><voffset=.3em><sprite=""input-useractions"" index=1></voffset></mspace> 将其安装在你刚刚放置的引擎下方。","<mspace=20><voffset=.3em><sprite=""input-useractions"" index=1></voffset></mspace> Attach it below the engine you just placed.","<mspace=20><voffset=.3em><sprite=""input-useractions"" index=1></voffset></mspace> Attach it below the engine you just placed.","<mspace=20><voffset=.3em><sprite=""input-useractions"" index=1></voffset></mspace> Attach it below the engine you just placed.","<mspace=20><voffset=.3em><sprite=""input-useractions"" index=1></voffset></mspace> Attach it below the engine you just placed.","<mspace=20><voffset=.3em><sprite=""input-useractions"" index=1></voffset></mspace> Attach it below the engine you just placed.","<mspace=20><voffset=.3em><sprite=""input-useractions"" index=1></voffset></mspace> Attach it below the engine you just placed.",,Localized
Tutorials/tutorial_4.2.18,Text,,"It seems that the staging got messed up when we did our modifications! The upper stage engine is in the same stage as the lower one! 
To correct the staging, we'll have to move our upper stage engine up!

<mspace=20><voffset=.3em><sprite=""input-useractions"" index=1></voffset></mspace> In the staging stack, move the upper stage engine into stage 3","Il semble que le séquençage ait été déréglé lorsque nous avons fait nos modifications ! Le moteur de l'étage supérieur se trouve dans le même étage que celui du bas !
Pour corriger le séquençage, nous allons devoir déplacer notre moteur d'étage supérieur vers le haut !

<mspace=20><voffset=.3em><sprite=""input-useractions"" index=1></voffset></mspace> Dans la file des séquences, déplacez le moteur de l'étage supérieur vers l'étage 3","Sembra che la sequenza degli stadi si sia scompaginata durante le nostre modifiche! Il motore dello stadio superiore si trova nello stesso stadio di quello inferiore!
Per correggere la sequenza, dovremo spostare verso l'alto il motore dello stadio superiore!

<mspace=20><voffset=.3em><sprite=""input-useractions"" index=1></voffset></mspace> Nella pila degli stadi, sposta il motore dello stadio superiore nello stadio 3.","It seems that the staging got messed up when we did our modifications! The upper stage engine is in the same stage as the lower one! 
To correct the staging, we'll have to move our upper stage engine up!

<mspace=20><voffset=.3em><sprite=""input-useractions"" index=1></voffset></mspace> In the staging stack, move the upper stage engine into stage 3","It seems that the staging got messed up when we did our modifications! The upper stage engine is in the same stage as the lower one! 
To correct the staging, we'll have to move our upper stage engine up!

<mspace=20><voffset=.3em><sprite=""input-useractions"" index=1></voffset></mspace> In the staging stack, move the upper stage engine into stage 3","It seems that the staging got messed up when we did our modifications! The upper stage engine is in the same stage as the lower one! 
To correct the staging, we'll have to move our upper stage engine up!

<mspace=20><voffset=.3em><sprite=""input-useractions"" index=1></voffset></mspace> In the staging stack, move the upper stage engine into stage 3","It seems that the staging got messed up when we did our modifications! The upper stage engine is in the same stage as the lower one! 
To correct the staging, we'll have to move our upper stage engine up!

<mspace=20><voffset=.3em><sprite=""input-useractions"" index=1></voffset></mspace> In the staging stack, move the upper stage engine into stage 3","It seems that the staging got messed up when we did our modifications! The upper stage engine is in the same stage as the lower one! 
To correct the staging, we'll have to move our upper stage engine up!

<mspace=20><voffset=.3em><sprite=""input-useractions"" index=1></voffset></mspace> In the staging stack, move the upper stage engine into stage 3","Похоже, что при внесении изменений произошла ошибка в настройке ступеней! Верхний двигатель находится на той же ступени, что и нижний!
Чтобы исправить настройку ступеней, нам придётся переместить двигатель верхней ступени вверх!

<mspace=20><voffset=.3em><sprite=""input-useractions"" index=1></voffset></mspace> В группах настройки ступеней переместите двигатель верхней ступени на ступень 3","看起来我们在修改的时候把分级搞乱了！上面的引擎和下面的引擎在同一个分级里！
要修正分级，我们必须把上面级的引擎往上移！

<mspace=20><voffset=.3em><sprite=""input-useractions"" index=1></voffset></mspace> 在分级组中，将上面级引擎移动到分级3。","It seems that the staging got messed up when we did our modifications! The upper stage engine is in the same stage as the lower one! 
To correct the staging, we'll have to move our upper stage engine up!

<mspace=20><voffset=.3em><sprite=""input-useractions"" index=1></voffset></mspace> In the staging stack, move the upper stage engine into stage 3","It seems that the staging got messed up when we did our modifications! The upper stage engine is in the same stage as the lower one! 
To correct the staging, we'll have to move our upper stage engine up!

<mspace=20><voffset=.3em><sprite=""input-useractions"" index=1></voffset></mspace> In the staging stack, move the upper stage engine into stage 3","It seems that the staging got messed up when we did our modifications! The upper stage engine is in the same stage as the lower one! 
To correct the staging, we'll have to move our upper stage engine up!

<mspace=20><voffset=.3em><sprite=""input-useractions"" index=1></voffset></mspace> In the staging stack, move the upper stage engine into stage 3","It seems that the staging got messed up when we did our modifications! The upper stage engine is in the same stage as the lower one! 
To correct the staging, we'll have to move our upper stage engine up!

<mspace=20><voffset=.3em><sprite=""input-useractions"" index=1></voffset></mspace> In the staging stack, move the upper stage engine into stage 3","It seems that the staging got messed up when we did our modifications! The upper stage engine is in the same stage as the lower one! 
To correct the staging, we'll have to move our upper stage engine up!

<mspace=20><voffset=.3em><sprite=""input-useractions"" index=1></voffset></mspace> In the staging stack, move the upper stage engine into stage 3","It seems that the staging got messed up when we did our modifications! The upper stage engine is in the same stage as the lower one! 
To correct the staging, we'll have to move our upper stage engine up!

<mspace=20><voffset=.3em><sprite=""input-useractions"" index=1></voffset></mspace> In the staging stack, move the upper stage engine into stage 3",,Localized
Tutorials/tutorial_4.2.19,Text,,"Woo! Our Delta-V is now 6514 m/s! 
That's more than enough for this rocket to get to the Mun AND return to Kerbin.","Youpi ! Notre Delta-V est maintenant de 6514 m/s !
C'est amplement suffisant pour que cette fusée atteigne la Mune ET revienne vers Kerbin.","Evviva! Il nostro Delta-V adesso è di 6514 m/s! 
È più che sufficiente per permettere a questo razzo di raggiungere Mun... e tornare su Kerbin.","Woo! Our Delta-V is now 6514 m/s! 
That's more than enough for this rocket to get to the Mun AND return to Kerbin.","Woo! Our Delta-V is now 6514 m/s! 
That's more than enough for this rocket to get to the Mun AND return to Kerbin.","Woo! Our Delta-V is now 6514 m/s! 
That's more than enough for this rocket to get to the Mun AND return to Kerbin.","Woo! Our Delta-V is now 6514 m/s! 
That's more than enough for this rocket to get to the Mun AND return to Kerbin.","Woo! Our Delta-V is now 6514 m/s! 
That's more than enough for this rocket to get to the Mun AND return to Kerbin.","Ура! Наша Δv теперь составляет 6514 м/с!
Этого более чем достаточно, чтобы эта ракета долетела до Луны И вернулась на Кербин.","哇！我们的Δv已经有6514 m/s了！
这枚火箭去Mun再返回Kerbin已经完全绰绰有余了。","Woo! Our Delta-V is now 6514 m/s! 
That's more than enough for this rocket to get to the Mun AND return to Kerbin.","Woo! Our Delta-V is now 6514 m/s! 
That's more than enough for this rocket to get to the Mun AND return to Kerbin.","Woo! Our Delta-V is now 6514 m/s! 
That's more than enough for this rocket to get to the Mun AND return to Kerbin.","Woo! Our Delta-V is now 6514 m/s! 
That's more than enough for this rocket to get to the Mun AND return to Kerbin.","Woo! Our Delta-V is now 6514 m/s! 
That's more than enough for this rocket to get to the Mun AND return to Kerbin.","Woo! Our Delta-V is now 6514 m/s! 
That's more than enough for this rocket to get to the Mun AND return to Kerbin.",,Localized
Tutorials/tutorial_4.2.20,Text,,"When designing your own rockets, play around with various fuel tanks and engines for all of your stages to see how it changes your overall <b><color=#FFA114><cspace=-.1>Delta-V</cspace></color></b>!","Lorsque vous concevez vos propres fusées, amusez-vous à essayer différents réservoirs de carburant et moteurs pour tous vos étages afin de voir comment cela modifie votre <b><color=#FFA114><cspace=-.1>Delta-V</cspace></color></b> global !","Quando progetti i tuoi razzi, sperimenta con diversi serbatoi e motori per tutti i tuoi stadi, così potrai vedere come cambia il tuo <b><color=#FFA114><cspace=-.1>Delta-V</cspace></color></b> complessivo!","When designing your own rockets, play around with various fuel tanks and engines for all of your stages to see how it changes your overall <b><color=#FFA114><cspace=-.1>Delta-V</cspace></color></b>!","When designing your own rockets, play around with various fuel tanks and engines for all of your stages to see how it changes your overall <b><color=#FFA114><cspace=-.1>Delta-V</cspace></color></b>!","When designing your own rockets, play around with various fuel tanks and engines for all of your stages to see how it changes your overall <b><color=#FFA114><cspace=-.1>Delta-V</cspace></color></b>!","When designing your own rockets, play around with various fuel tanks and engines for all of your stages to see how it changes your overall <b><color=#FFA114><cspace=-.1>Delta-V</cspace></color></b>!","When designing your own rockets, play around with various fuel tanks and engines for all of your stages to see how it changes your overall <b><color=#FFA114><cspace=-.1>Delta-V</cspace></color></b>!","При проектировании собственных ракет поэкспериментируйте с различными топливными баками и двигателями для всех ступеней, чтобы увидеть, как это повлияет на вашу общую <b><color=#FFA114><cspace=-.1>Δv</cspace></color></b> !",设计自己的火箭时，多尝试为各级搭配不同的燃料箱和引擎组合，看看它们会如何影响你的整体<b><color=#FFA114><cspace=-.1>Δv</cspace></color></b>！,"When designing your own rockets, play around with various fuel tanks and engines for all of your stages to see how it changes your overall <b><color=#FFA114><cspace=-.1>Delta-V</cspace></color></b>!","When designing your own rockets, play around with various fuel tanks and engines for all of your stages to see how it changes your overall <b><color=#FFA114><cspace=-.1>Delta-V</cspace></color></b>!","When designing your own rockets, play around with various fuel tanks and engines for all of your stages to see how it changes your overall <b><color=#FFA114><cspace=-.1>Delta-V</cspace></color></b>!","When designing your own rockets, play around with various fuel tanks and engines for all of your stages to see how it changes your overall <b><color=#FFA114><cspace=-.1>Delta-V</cspace></color></b>!","When designing your own rockets, play around with various fuel tanks and engines for all of your stages to see how it changes your overall <b><color=#FFA114><cspace=-.1>Delta-V</cspace></color></b>!","When designing your own rockets, play around with various fuel tanks and engines for all of your stages to see how it changes your overall <b><color=#FFA114><cspace=-.1>Delta-V</cspace></color></b>!",,Localized
Tutorials/tutorial_4.2.21,Text,,"Tutorial complete! You have learned:

<mspace=20><voffset=.3em><sprite=""input-useractions"" index=1></voffset></mspace> How to check your current Delta-V 
<mspace=20><voffset=.3em><sprite=""input-useractions"" index=1></voffset></mspace> The use of different types of engine","Didacticiel terminé ! Vous avez appris :

<mspace=20><voffset=.3em><sprite=""input-useractions"" index=1></voffset></mspace> À vérifier votre Delta-V actuel
<mspace=20><voffset=.3em><sprite=""input-useractions"" index=1></voffset></mspace> L'utilisation de différents types de moteurs","Tutorial completato! Hai imparato:

<mspace=20><voffset=.3em><sprite=""input-useractions"" index=1></voffset></mspace> Come controllare il tuo Delta-V attuale 
<mspace=20><voffset=.3em><sprite=""input-useractions"" index=1></voffset></mspace> L'utilizzo di diversi tipi di motore","Tutorial complete! You have learned:

<mspace=20><voffset=.3em><sprite=""input-useractions"" index=1></voffset></mspace> How to check your current Delta-V 
<mspace=20><voffset=.3em><sprite=""input-useractions"" index=1></voffset></mspace> The use of different types of engine","Tutorial complete! You have learned:

<mspace=20><voffset=.3em><sprite=""input-useractions"" index=1></voffset></mspace> How to check your current Delta-V 
<mspace=20><voffset=.3em><sprite=""input-useractions"" index=1></voffset></mspace> The use of different types of engine","Tutorial complete! You have learned:

<mspace=20><voffset=.3em><sprite=""input-useractions"" index=1></voffset></mspace> How to check your current Delta-V 
<mspace=20><voffset=.3em><sprite=""input-useractions"" index=1></voffset></mspace> The use of different types of engine","Tutorial complete! You have learned:

<mspace=20><voffset=.3em><sprite=""input-useractions"" index=1></voffset></mspace> How to check your current Delta-V 
<mspace=20><voffset=.3em><sprite=""input-useractions"" index=1></voffset></mspace> The use of different types of engine","Tutorial complete! You have learned:

<mspace=20><voffset=.3em><sprite=""input-useractions"" index=1></voffset></mspace> How to check your current Delta-V 
<mspace=20><voffset=.3em><sprite=""input-useractions"" index=1></voffset></mspace> The use of different types of engine","Учебное пособие завершено!
Вы узнали:

<mspace=20><voffset=.3em><sprite=""input-useractions"" index=1></voffset></mspace> Как проверить текущую Δv
<mspace=20><voffset=.3em><sprite=""input-useractions"" index=1></voffset></mspace> Применение различных типов двигателей","教程结束！你学会了：

<mspace=20><voffset=.3em><sprite=""input-useractions"" index=1></voffset></mspace> 如何查看当前的Δv
<mspace=20><voffset=.3em><sprite=""input-useractions"" index=1></voffset></mspace> 不同类型引擎的用法","Tutorial complete! You have learned:

<mspace=20><voffset=.3em><sprite=""input-useractions"" index=1></voffset></mspace> How to check your current Delta-V 
<mspace=20><voffset=.3em><sprite=""input-useractions"" index=1></voffset></mspace> The use of different types of engine","Tutorial complete! You have learned:

<mspace=20><voffset=.3em><sprite=""input-useractions"" index=1></voffset></mspace> How to check your current Delta-V 
<mspace=20><voffset=.3em><sprite=""input-useractions"" index=1></voffset></mspace> The use of different types of engine","Tutorial complete! You have learned:

<mspace=20><voffset=.3em><sprite=""input-useractions"" index=1></voffset></mspace> How to check your current Delta-V 
<mspace=20><voffset=.3em><sprite=""input-useractions"" index=1></voffset></mspace> The use of different types of engine","Tutorial complete! You have learned:

<mspace=20><voffset=.3em><sprite=""input-useractions"" index=1></voffset></mspace> How to check your current Delta-V 
<mspace=20><voffset=.3em><sprite=""input-useractions"" index=1></voffset></mspace> The use of different types of engine","Tutorial complete! You have learned:

<mspace=20><voffset=.3em><sprite=""input-useractions"" index=1></voffset></mspace> How to check your current Delta-V 
<mspace=20><voffset=.3em><sprite=""input-useractions"" index=1></voffset></mspace> The use of different types of engine","Tutorial complete! You have learned:

<mspace=20><voffset=.3em><sprite=""input-useractions"" index=1></voffset></mspace> How to check your current Delta-V 
<mspace=20><voffset=.3em><sprite=""input-useractions"" index=1></voffset></mspace> The use of different types of engine",,Localized
Tutorials/tutorial_4.2.22_msg_fail,Text,,"Oops! It seems that some mistakes happened! 
Let's try that again.","Oups ! Il semble que des erreurs se soient produites !
Réessayons.","Ops! Sembra che qualcosa sia andato storto!
Riproviamo.","Oops! It seems that some mistakes happened! 
Let's try that again.","Oops! It seems that some mistakes happened! 
Let's try that again.","Oops! It seems that some mistakes happened! 
Let's try that again.","Oops! It seems that some mistakes happened! 
Let's try that again.","Oops! It seems that some mistakes happened! 
Let's try that again.","Ой! Кажется, произошла ошибка!
Давайте попробуем ещё раз.","哎呀！看来出了一些差错！
我们再试一次。","Oops! It seems that some mistakes happened! 
Let's try that again.","Oops! It seems that some mistakes happened! 
Let's try that again.","Oops! It seems that some mistakes happened! 
Let's try that again.","Oops! It seems that some mistakes happened! 
Let's try that again.","Oops! It seems that some mistakes happened! 
Let's try that again.","Oops! It seems that some mistakes happened! 
Let's try that again.",,Localized
Tutorials/Lessons/Descriptions/Tutorial 4.3,Text,,Learn some tips and tricks to improve vehicle stability.,Découvrez quelques trucs et astuces pour améliorer la stabilité du véhicule.,Scopri consigli e trucchi per migliorare la stabilità del veicolo,Learn some tips and tricks to improve vehicle stability.,Learn some tips and tricks to improve vehicle stability.,Learn some tips and tricks to improve vehicle stability.,Learn some tips and tricks to improve vehicle stability.,Learn some tips and tricks to improve vehicle stability.,Learn some tips and tricks to improve vehicle stability.,学习一些提高车辆稳定性的技巧和窍门。,Learn some tips and tricks to improve vehicle stability.,Learn some tips and tricks to improve vehicle stability.,Learn some tips and tricks to improve vehicle stability.,Learn some tips and tricks to improve vehicle stability.,Learn some tips and tricks to improve vehicle stability.,Learn some tips and tricks to improve vehicle stability.,,Localized
Tutorials/Lessons/Titles/Tutorial4/Passive Stability,Text,,Passive Stability,Stabilité passive,Stabilità passiva,Passive Stability,Passive Stability,Passive Stability,Passive Stability,Passive Stability,Passive Stability,被动稳定性,Passive Stability,Passive Stability,Passive Stability,Passive Stability,Passive Stability,Passive Stability,,Localized
Tutorials/tutorial_4.3.1,Text,,"Director, our engineers are trying to make a rocket, but they can't make it fly straight. 
Let's test it to see what's the issue!

<mspace=20><voffset=.3em><sprite=""input-useractions"" index=1></voffset></mspace>  Press the GO button to launch this rocket","Directeur, nos ingénieurs essaye de faire une fusée mais ils n'arrivent pas à la faire aller droit.
Testons la pour voir quel est le problème !

<mspace=20><voffset=.3em><sprite=""input-useractions"" index=1></voffset></mspace> 
Appuyez sur le bouton GO pour lancer cette fusée","Direttore, i nostri ingegneri stanno cercando di costruire un razzo, ma non riescono a farlo volare dritto
Eseguiamo un test per capire quale sia il problema!

<mspace=20><voffset=.3em><sprite=""input-useractions"" index=1></voffset></mspace> Premi il pulsante VAI per lanciare questo razzo","Director, our engineers are trying to make a rocket, but they can't make it fly straight. 
Let's test it to see what's the issue!

<mspace=20><voffset=.3em><sprite=""input-useractions"" index=1></voffset></mspace>  Press the GO button to launch this rocket","Director, our engineers are trying to make a rocket, but they can't make it fly straight. 
Let's test it to see what's the issue!

<mspace=20><voffset=.3em><sprite=""input-useractions"" index=1></voffset></mspace>  Press the GO button to launch this rocket","Director, our engineers are trying to make a rocket, but they can't make it fly straight. 
Let's test it to see what's the issue!

<mspace=20><voffset=.3em><sprite=""input-useractions"" index=1></voffset></mspace>  Press the GO button to launch this rocket","Director, our engineers are trying to make a rocket, but they can't make it fly straight. 
Let's test it to see what's the issue!

<mspace=20><voffset=.3em><sprite=""input-useractions"" index=1></voffset></mspace>  Press the GO button to launch this rocket","Director, our engineers are trying to make a rocket, but they can't make it fly straight. 
Let's test it to see what's the issue!

<mspace=20><voffset=.3em><sprite=""input-useractions"" index=1></voffset></mspace>  Press the GO button to launch this rocket","Director, our engineers are trying to make a rocket, but they can't make it fly straight. 
Let's test it to see what's the issue!

<mspace=20><voffset=.3em><sprite=""input-useractions"" index=1></voffset></mspace>  Press the GO button to launch this rocket","主管，我们的工程师正在尝试制造一枚火箭，但他们没法让它飞直。
我们来测试一下，看看问题出在哪！

<mspace=20><voffset=.3em><sprite=""input-useractions"" index=1></voffset></mspace> 按下启动分级按钮发射这枚火箭。","Director, our engineers are trying to make a rocket, but they can't make it fly straight. 
Let's test it to see what's the issue!

<mspace=20><voffset=.3em><sprite=""input-useractions"" index=1></voffset></mspace>  Press the GO button to launch this rocket","Director, our engineers are trying to make a rocket, but they can't make it fly straight. 
Let's test it to see what's the issue!

<mspace=20><voffset=.3em><sprite=""input-useractions"" index=1></voffset></mspace>  Press the GO button to launch this rocket","Director, our engineers are trying to make a rocket, but they can't make it fly straight. 
Let's test it to see what's the issue!

<mspace=20><voffset=.3em><sprite=""input-useractions"" index=1></voffset></mspace>  Press the GO button to launch this rocket","Director, our engineers are trying to make a rocket, but they can't make it fly straight. 
Let's test it to see what's the issue!

<mspace=20><voffset=.3em><sprite=""input-useractions"" index=1></voffset></mspace>  Press the GO button to launch this rocket","Director, our engineers are trying to make a rocket, but they can't make it fly straight. 
Let's test it to see what's the issue!

<mspace=20><voffset=.3em><sprite=""input-useractions"" index=1></voffset></mspace>  Press the GO button to launch this rocket","Director, our engineers are trying to make a rocket, but they can't make it fly straight. 
Let's test it to see what's the issue!

<mspace=20><voffset=.3em><sprite=""input-useractions"" index=1></voffset></mspace>  Press the GO button to launch this rocket",,Localized
Tutorials/tutorial_4.3.3,Text,,"It seems that this rocket indeed is unstable!

Let's go to the VAB and try to fix it.","On dirait bien que cette fusée est vraiment instable !

Allons dans le BAV pour essayer de régler ça.","A quanto pare questo razzo è davvero instabile!

Torniamo nel VAB e proviamo a sistemarlo","It seems that this rocket indeed is unstable!

Let's go to the VAB and try to fix it.","It seems that this rocket indeed is unstable!

Let's go to the VAB and try to fix it.","It seems that this rocket indeed is unstable!

Let's go to the VAB and try to fix it.","It seems that this rocket indeed is unstable!

Let's go to the VAB and try to fix it.","It seems that this rocket indeed is unstable!

Let's go to the VAB and try to fix it.","It seems that this rocket indeed is unstable!

Let's go to the VAB and try to fix it.","看来这枚火箭确实不太稳！

我们回组装大楼修修它。","It seems that this rocket indeed is unstable!

Let's go to the VAB and try to fix it.","It seems that this rocket indeed is unstable!

Let's go to the VAB and try to fix it.","It seems that this rocket indeed is unstable!

Let's go to the VAB and try to fix it.","It seems that this rocket indeed is unstable!

Let's go to the VAB and try to fix it.","It seems that this rocket indeed is unstable!

Let's go to the VAB and try to fix it.","It seems that this rocket indeed is unstable!

Let's go to the VAB and try to fix it.",,Localized
Tutorials/tutorial_4.3.5,Text,,"Ok, now let's see how we can help them and fix that rocket!","Ok, maintenant voyons comment nous pouvons les aider et réparer cette fusée !","Bene, ora vediamo come possiamo aiutarli e sistemare quel razzo!","Ok, now let's see how we can help them and fix that rocket!","Ok, now let's see how we can help them and fix that rocket!","Ok, now let's see how we can help them and fix that rocket!","Ok, now let's see how we can help them and fix that rocket!","Ok, now let's see how we can help them and fix that rocket!","Ok, now let's see how we can help them and fix that rocket!",好，来看看我们怎么帮他们把这枚火箭修好！,"Ok, now let's see how we can help them and fix that rocket!","Ok, now let's see how we can help them and fix that rocket!","Ok, now let's see how we can help them and fix that rocket!","Ok, now let's see how we can help them and fix that rocket!","Ok, now let's see how we can help them and fix that rocket!","Ok, now let's see how we can help them and fix that rocket!",,Localized
Tutorials/tutorial_4.3.6,Text,,It seems that this ship's first stage is way too wide and short!,On dirait que le premier étage de ce vaisseau est bien trop large et court !,A quanto pare il primo stadio di questo veicolo è decisamente troppo largo e corto!,It seems that this ship's first stage is way too wide and short!,It seems that this ship's first stage is way too wide and short!,It seems that this ship's first stage is way too wide and short!,It seems that this ship's first stage is way too wide and short!,It seems that this ship's first stage is way too wide and short!,It seems that this ship's first stage is way too wide and short!,看起来这艘飞船的第一级太宽太短了！,It seems that this ship's first stage is way too wide and short!,It seems that this ship's first stage is way too wide and short!,It seems that this ship's first stage is way too wide and short!,It seems that this ship's first stage is way too wide and short!,It seems that this ship's first stage is way too wide and short!,It seems that this ship's first stage is way too wide and short!,,Localized
Tutorials/tutorial_4.3.7,Text,,"First things first, short rockets are far less stable than taller rockets. 

Let's increase the height of this rocket.","Commençons par le commencement, les fusées plus courtes sont bien moins stables que les plus grandes.

Agrandissons cette fusée.","Prima di tutto, i razzi corti sono decisamente meno stabili di quelli lunghi

Incrementiamo l'altezza di questo razzo","First things first, short rockets are far less stable than taller rockets. 

Let's increase the height of this rocket.","First things first, short rockets are far less stable than taller rockets. 

Let's increase the height of this rocket.","First things first, short rockets are far less stable than taller rockets. 

Let's increase the height of this rocket.","First things first, short rockets are far less stable than taller rockets. 

Let's increase the height of this rocket.","First things first, short rockets are far less stable than taller rockets. 

Let's increase the height of this rocket.","First things first, short rockets are far less stable than taller rockets. 

Let's increase the height of this rocket.","首先，个矮的火箭远不如个高的火箭稳定。

我们把这枚火箭加高一些。","First things first, short rockets are far less stable than taller rockets. 

Let's increase the height of this rocket.","First things first, short rockets are far less stable than taller rockets. 

Let's increase the height of this rocket.","First things first, short rockets are far less stable than taller rockets. 

Let's increase the height of this rocket.","First things first, short rockets are far less stable than taller rockets. 

Let's increase the height of this rocket.","First things first, short rockets are far less stable than taller rockets. 

Let's increase the height of this rocket.","First things first, short rockets are far less stable than taller rockets. 

Let's increase the height of this rocket.",,Localized
Tutorials/tutorial_4.3.8,Text,,"First, we will delete the first stage of the rocket and make a new one that will be more stable.

<mspace=20><voffset=.3em><sprite=""input-useractions"" index=1></voffset></mspace> Select the ""S4-6400"" fuel tank below the decoupler that connects the second orbital stage to the wider first stage.","Premièrement, effaçons le premier étage pour en faire un nouveau plus stable.

<mspace=20><voffset=.3em><sprite=""input-useractions"" index=1></voffset></mspace> Sélectionnez le réservoir ""S4-6400"" en dessous du découpleur qui connecte le deuxième étage orbital au premier étage plus large.","Per prima cosa elimineremo il primo stadio del razzo e ne realizzeremo uno nuovo che sarà più stabile

<mspace=20><voffset=.3em><sprite=""input-useractions"" index=1></voffset></mspace> Seleziona il serbatoio di carburante ""S4-6400"" sotto il disaccoppiatore che collega il secondo stadio orbitale al primo stadio più largo","First, we will delete the first stage of the rocket and make a new one that will be more stable.

<mspace=20><voffset=.3em><sprite=""input-useractions"" index=1></voffset></mspace> Select the ""S4-6400"" fuel tank below the decoupler that connects the second orbital stage to the wider first stage.","First, we will delete the first stage of the rocket and make a new one that will be more stable.

<mspace=20><voffset=.3em><sprite=""input-useractions"" index=1></voffset></mspace> Select the ""S4-6400"" fuel tank below the decoupler that connects the second orbital stage to the wider first stage.","First, we will delete the first stage of the rocket and make a new one that will be more stable.

<mspace=20><voffset=.3em><sprite=""input-useractions"" index=1></voffset></mspace> Select the ""S4-6400"" fuel tank below the decoupler that connects the second orbital stage to the wider first stage.","First, we will delete the first stage of the rocket and make a new one that will be more stable.

<mspace=20><voffset=.3em><sprite=""input-useractions"" index=1></voffset></mspace> Select the ""S4-6400"" fuel tank below the decoupler that connects the second orbital stage to the wider first stage.","First, we will delete the first stage of the rocket and make a new one that will be more stable.

<mspace=20><voffset=.3em><sprite=""input-useractions"" index=1></voffset></mspace> Select the ""S4-6400"" fuel tank below the decoupler that connects the second orbital stage to the wider first stage.","First, we will delete the first stage of the rocket and make a new one that will be more stable.

<mspace=20><voffset=.3em><sprite=""input-useractions"" index=1></voffset></mspace> Select the ""S4-6400"" fuel tank below the decoupler that connects the second orbital stage to the wider first stage.","我们先删除火箭的第一级，并建造一个更稳定的新第一级。

<mspace=20><voffset=.3em><sprite=""input-useractions"" index=1></voffset></mspace> 选择位于连接第二级与更宽第一级的分离器下方的“S4-6400”燃料箱。","First, we will delete the first stage of the rocket and make a new one that will be more stable.

<mspace=20><voffset=.3em><sprite=""input-useractions"" index=1></voffset></mspace> Select the ""S4-6400"" fuel tank below the decoupler that connects the second orbital stage to the wider first stage.","First, we will delete the first stage of the rocket and make a new one that will be more stable.

<mspace=20><voffset=.3em><sprite=""input-useractions"" index=1></voffset></mspace> Select the ""S4-6400"" fuel tank below the decoupler that connects the second orbital stage to the wider first stage.","First, we will delete the first stage of the rocket and make a new one that will be more stable.

<mspace=20><voffset=.3em><sprite=""input-useractions"" index=1></voffset></mspace> Select the ""S4-6400"" fuel tank below the decoupler that connects the second orbital stage to the wider first stage.","First, we will delete the first stage of the rocket and make a new one that will be more stable.

<mspace=20><voffset=.3em><sprite=""input-useractions"" index=1></voffset></mspace> Select the ""S4-6400"" fuel tank below the decoupler that connects the second orbital stage to the wider first stage.","First, we will delete the first stage of the rocket and make a new one that will be more stable.

<mspace=20><voffset=.3em><sprite=""input-useractions"" index=1></voffset></mspace> Select the ""S4-6400"" fuel tank below the decoupler that connects the second orbital stage to the wider first stage.","First, we will delete the first stage of the rocket and make a new one that will be more stable.

<mspace=20><voffset=.3em><sprite=""input-useractions"" index=1></voffset></mspace> Select the ""S4-6400"" fuel tank below the decoupler that connects the second orbital stage to the wider first stage.",,Localized
Tutorials/tutorial_4.3.9,Text,,"<mspace=20><voffset=.3em><sprite=""input-useractions"" index=1></voffset></mspace> Place the removed section in the Trash area.","<mspace=20><voffset=.3em><sprite=""input-useractions"" index=1></voffset></mspace> Déplacer la section que vous avez retiré dans la zone poubelle.","<mspace=20><voffset=.3em><sprite=""input-useractions"" index=1></voffset></mspace> Posiziona la parte rimossa nel Cestino","<mspace=20><voffset=.3em><sprite=""input-useractions"" index=1></voffset></mspace> Place the removed section in the Trash area.","<mspace=20><voffset=.3em><sprite=""input-useractions"" index=1></voffset></mspace> Place the removed section in the Trash area.","<mspace=20><voffset=.3em><sprite=""input-useractions"" index=1></voffset></mspace> Place the removed section in the Trash area.","<mspace=20><voffset=.3em><sprite=""input-useractions"" index=1></voffset></mspace> Place the removed section in the Trash area.","<mspace=20><voffset=.3em><sprite=""input-useractions"" index=1></voffset></mspace> Place the removed section in the Trash area.","<mspace=20><voffset=.3em><sprite=""input-useractions"" index=1></voffset></mspace> Place the removed section in the Trash area.","<mspace=20><voffset=.3em><sprite=""input-useractions"" index=1></voffset></mspace> 将移除的部分放入弃置区。","<mspace=20><voffset=.3em><sprite=""input-useractions"" index=1></voffset></mspace> Place the removed section in the Trash area.","<mspace=20><voffset=.3em><sprite=""input-useractions"" index=1></voffset></mspace> Place the removed section in the Trash area.","<mspace=20><voffset=.3em><sprite=""input-useractions"" index=1></voffset></mspace> Place the removed section in the Trash area.","<mspace=20><voffset=.3em><sprite=""input-useractions"" index=1></voffset></mspace> Place the removed section in the Trash area.","<mspace=20><voffset=.3em><sprite=""input-useractions"" index=1></voffset></mspace> Place the removed section in the Trash area.","<mspace=20><voffset=.3em><sprite=""input-useractions"" index=1></voffset></mspace> Place the removed section in the Trash area.",,Localized
Tutorials/tutorial_4.3.10,Text,,"Now, we also need to remove those stabilizers at the top of the rocket.

Those are useful, but incorrectly placed. We'll need them later.

<mspace=20><voffset=.3em><sprite=""input-useractions"" index=1></voffset></mspace> Select and delete the stabilizers","Maintenant nous devons retirer ces stabilisateurs en haut de la fusée.

Ils sont utiles, mais placés au mauvais endroit

<mspace=20><voffset=.3em><sprite=""input-useractions"" index=1></voffset></mspace> Sélectionnez les stabilisateurs et supprimer les","Ora dobbiamo rimuovere anche quegli stabilizzatori in cima al razzo.

Sono utili, ma posizionati nel punto sbagliato. Ci serviranno più tardi.

<mspace=20><voffset=.3em><sprite=""input-useractions"" index=1></voffset></mspace> Seleziona ed elimina gli stabilizzatori","Now, we also need to remove those stabilizers at the top of the rocket.

Those are useful, but incorrectly placed. We'll need them later.

<mspace=20><voffset=.3em><sprite=""input-useractions"" index=1></voffset></mspace> Select and delete the stabilizers","Now, we also need to remove those stabilizers at the top of the rocket.

Those are useful, but incorrectly placed. We'll need them later.

<mspace=20><voffset=.3em><sprite=""input-useractions"" index=1></voffset></mspace> Select and delete the stabilizers","Now, we also need to remove those stabilizers at the top of the rocket.

Those are useful, but incorrectly placed. We'll need them later.

<mspace=20><voffset=.3em><sprite=""input-useractions"" index=1></voffset></mspace> Select and delete the stabilizers","Now, we also need to remove those stabilizers at the top of the rocket.

Those are useful, but incorrectly placed. We'll need them later.

<mspace=20><voffset=.3em><sprite=""input-useractions"" index=1></voffset></mspace> Select and delete the stabilizers","Now, we also need to remove those stabilizers at the top of the rocket.

Those are useful, but incorrectly placed. We'll need them later.

<mspace=20><voffset=.3em><sprite=""input-useractions"" index=1></voffset></mspace> Select and delete the stabilizers","Now, we also need to remove those stabilizers at the top of the rocket.

Those are useful, but incorrectly placed. We'll need them later.

<mspace=20><voffset=.3em><sprite=""input-useractions"" index=1></voffset></mspace> Select and delete the stabilizers","现在，我们还要移除火箭顶部的那些稳定翼。

它们虽然有用，但放错了位置。我们之后还会用到它们

<mspace=20><voffset=.3em><sprite=""input-useractions"" index=1></voffset></mspace> 选中并删除这些稳定翼。","Now, we also need to remove those stabilizers at the top of the rocket.

Those are useful, but incorrectly placed. We'll need them later.

<mspace=20><voffset=.3em><sprite=""input-useractions"" index=1></voffset></mspace> Select and delete the stabilizers","Now, we also need to remove those stabilizers at the top of the rocket.

Those are useful, but incorrectly placed. We'll need them later.

<mspace=20><voffset=.3em><sprite=""input-useractions"" index=1></voffset></mspace> Select and delete the stabilizers","Now, we also need to remove those stabilizers at the top of the rocket.

Those are useful, but incorrectly placed. We'll need them later.

<mspace=20><voffset=.3em><sprite=""input-useractions"" index=1></voffset></mspace> Select and delete the stabilizers","Now, we also need to remove those stabilizers at the top of the rocket.

Those are useful, but incorrectly placed. We'll need them later.

<mspace=20><voffset=.3em><sprite=""input-useractions"" index=1></voffset></mspace> Select and delete the stabilizers","Now, we also need to remove those stabilizers at the top of the rocket.

Those are useful, but incorrectly placed. We'll need them later.

<mspace=20><voffset=.3em><sprite=""input-useractions"" index=1></voffset></mspace> Select and delete the stabilizers","Now, we also need to remove those stabilizers at the top of the rocket.

Those are useful, but incorrectly placed. We'll need them later.

<mspace=20><voffset=.3em><sprite=""input-useractions"" index=1></voffset></mspace> Select and delete the stabilizers",,Localized
Tutorials/tutorial_4.3.11,Text,,"Goodbye! Now, let's attach longer and thinner fuel tanks to this rocket.

Fuel tanks like the X200-32 Methalox Fuel Tank would be perfect for that!

<mspace=20><voffset=.3em><sprite=""input-useractions"" index=1></voffset></mspace> Select the Fuel Tank category in the Parts Picker menu.","Goodbye! Now, let's attach longer and thinner fuel tanks to this rocket.

Fuel tanks like the X200-32 Methalox Fuel Tank would be perfect for that!

<mspace=20><voffset=.3em><sprite=""input-useractions"" index=1></voffset></mspace> Select the Fuel Tank category in the Parts Picker menu.","Addio! Ora agganciamo a questo razzo dei serbatoi di carburante più lunghi e sottili

Dei serbatoi come l'X200-32 sarebbero perfetti!

<mspace=20><voffset=.3em><sprite=""input-useractions"" index=1></voffset></mspace> Seleziona la categoria Serbatoi nel menu Selezionatore Parti","Goodbye! Now, let's attach longer and thinner fuel tanks to this rocket.

Fuel tanks like the X200-32 Methalox Fuel Tank would be perfect for that!

<mspace=20><voffset=.3em><sprite=""input-useractions"" index=1></voffset></mspace> Select the Fuel Tank category in the Parts Picker menu.","Goodbye! Now, let's attach longer and thinner fuel tanks to this rocket.

Fuel tanks like the X200-32 Methalox Fuel Tank would be perfect for that!

<mspace=20><voffset=.3em><sprite=""input-useractions"" index=1></voffset></mspace> Select the Fuel Tank category in the Parts Picker menu.","Goodbye! Now, let's attach longer and thinner fuel tanks to this rocket.

Fuel tanks like the X200-32 Methalox Fuel Tank would be perfect for that!

<mspace=20><voffset=.3em><sprite=""input-useractions"" index=1></voffset></mspace> Select the Fuel Tank category in the Parts Picker menu.","Goodbye! Now, let's attach longer and thinner fuel tanks to this rocket.

Fuel tanks like the X200-32 Methalox Fuel Tank would be perfect for that!

<mspace=20><voffset=.3em><sprite=""input-useractions"" index=1></voffset></mspace> Select the Fuel Tank category in the Parts Picker menu.","Goodbye! Now, let's attach longer and thinner fuel tanks to this rocket.

Fuel tanks like the X200-32 Methalox Fuel Tank would be perfect for that!

<mspace=20><voffset=.3em><sprite=""input-useractions"" index=1></voffset></mspace> Select the Fuel Tank category in the Parts Picker menu.","Goodbye! Now, let's attach longer and thinner fuel tanks to this rocket.

Fuel tanks like the X200-32 Methalox Fuel Tank would be perfect for that!

<mspace=20><voffset=.3em><sprite=""input-useractions"" index=1></voffset></mspace> Select the Fuel Tank category in the Parts Picker menu.","再见！现在我们来给这枚火箭装上更长更细的燃料箱。

像X200-32液氧甲烷燃料箱这样的就很合适！

<mspace=20><voffset=.3em><sprite=""input-useractions"" index=1></voffset></mspace> 在部件菜单中选择燃料箱类别。","Goodbye! Now, let's attach longer and thinner fuel tanks to this rocket.

Fuel tanks like the X200-32 Methalox Fuel Tank would be perfect for that!

<mspace=20><voffset=.3em><sprite=""input-useractions"" index=1></voffset></mspace> Select the Fuel Tank category in the Parts Picker menu.","Goodbye! Now, let's attach longer and thinner fuel tanks to this rocket.

Fuel tanks like the X200-32 Methalox Fuel Tank would be perfect for that!

<mspace=20><voffset=.3em><sprite=""input-useractions"" index=1></voffset></mspace> Select the Fuel Tank category in the Parts Picker menu.","Goodbye! Now, let's attach longer and thinner fuel tanks to this rocket.

Fuel tanks like the X200-32 Methalox Fuel Tank would be perfect for that!

<mspace=20><voffset=.3em><sprite=""input-useractions"" index=1></voffset></mspace> Select the Fuel Tank category in the Parts Picker menu.","Goodbye! Now, let's attach longer and thinner fuel tanks to this rocket.

Fuel tanks like the X200-32 Methalox Fuel Tank would be perfect for that!

<mspace=20><voffset=.3em><sprite=""input-useractions"" index=1></voffset></mspace> Select the Fuel Tank category in the Parts Picker menu.","Goodbye! Now, let's attach longer and thinner fuel tanks to this rocket.

Fuel tanks like the X200-32 Methalox Fuel Tank would be perfect for that!

<mspace=20><voffset=.3em><sprite=""input-useractions"" index=1></voffset></mspace> Select the Fuel Tank category in the Parts Picker menu.","Goodbye! Now, let's attach longer and thinner fuel tanks to this rocket.

Fuel tanks like the X200-32 Methalox Fuel Tank would be perfect for that!

<mspace=20><voffset=.3em><sprite=""input-useractions"" index=1></voffset></mspace> Select the Fuel Tank category in the Parts Picker menu.",,Localized
Tutorials/tutorial_4.3.12,Text,,"<mspace=20><voffset=.3em><sprite=""input-useractions"" index=1></voffset></mspace> Now select the X200-32 Methalox Fuel Tank.","<mspace=20><voffset=.3em><sprite=""input-useractions"" index=1></voffset></mspace> Now select the X200-32 Methalox Fuel Tank.","<mspace=20><voffset=.3em><sprite=""input-useractions"" index=1></voffset></mspace> Adesso seleziona il serbatoio di carburante Methalox X200-32","<mspace=20><voffset=.3em><sprite=""input-useractions"" index=1></voffset></mspace> Now select the X200-32 Methalox Fuel Tank.","<mspace=20><voffset=.3em><sprite=""input-useractions"" index=1></voffset></mspace> Now select the X200-32 Methalox Fuel Tank.","<mspace=20><voffset=.3em><sprite=""input-useractions"" index=1></voffset></mspace> Now select the X200-32 Methalox Fuel Tank.","<mspace=20><voffset=.3em><sprite=""input-useractions"" index=1></voffset></mspace> Now select the X200-32 Methalox Fuel Tank.","<mspace=20><voffset=.3em><sprite=""input-useractions"" index=1></voffset></mspace> Now select the X200-32 Methalox Fuel Tank.","<mspace=20><voffset=.3em><sprite=""input-useractions"" index=1></voffset></mspace> Now select the X200-32 Methalox Fuel Tank.","<mspace=20><voffset=.3em><sprite=""input-useractions"" index=1></voffset></mspace> 现在选择X200-32液氧甲烷燃料箱。","<mspace=20><voffset=.3em><sprite=""input-useractions"" index=1></voffset></mspace> Now select the X200-32 Methalox Fuel Tank.","<mspace=20><voffset=.3em><sprite=""input-useractions"" index=1></voffset></mspace> Now select the X200-32 Methalox Fuel Tank.","<mspace=20><voffset=.3em><sprite=""input-useractions"" index=1></voffset></mspace> Now select the X200-32 Methalox Fuel Tank.","<mspace=20><voffset=.3em><sprite=""input-useractions"" index=1></voffset></mspace> Now select the X200-32 Methalox Fuel Tank.","<mspace=20><voffset=.3em><sprite=""input-useractions"" index=1></voffset></mspace> Now select the X200-32 Methalox Fuel Tank.","<mspace=20><voffset=.3em><sprite=""input-useractions"" index=1></voffset></mspace> Now select the X200-32 Methalox Fuel Tank.",,Localized
Tutorials/tutorial_4.3.13,Text,,"<mspace=20><voffset=.3em><sprite=""input-useractions"" index=1></voffset></mspace> Place the X200-32 Methalox Fuel Tank below the highlighted decoupler","<mspace=20><voffset=.3em><sprite=""input-useractions"" index=1></voffset></mspace> Place the X200-32 Methalox Fuel Tank below the highlighted decoupler","<mspace=20><voffset=.3em><sprite=""input-useractions"" index=1></voffset></mspace> Posiziona il serbatoio di carburante Methalox X200-32 sotto il disaccoppiatore evidenziato","<mspace=20><voffset=.3em><sprite=""input-useractions"" index=1></voffset></mspace> Place the X200-32 Methalox Fuel Tank below the highlighted decoupler","<mspace=20><voffset=.3em><sprite=""input-useractions"" index=1></voffset></mspace> Place the X200-32 Methalox Fuel Tank below the highlighted decoupler","<mspace=20><voffset=.3em><sprite=""input-useractions"" index=1></voffset></mspace> Place the X200-32 Methalox Fuel Tank below the highlighted decoupler","<mspace=20><voffset=.3em><sprite=""input-useractions"" index=1></voffset></mspace> Place the X200-32 Methalox Fuel Tank below the highlighted decoupler","<mspace=20><voffset=.3em><sprite=""input-useractions"" index=1></voffset></mspace> Place the X200-32 Methalox Fuel Tank below the highlighted decoupler","<mspace=20><voffset=.3em><sprite=""input-useractions"" index=1></voffset></mspace> Place the X200-32 Methalox Fuel Tank below the highlighted decoupler","<mspace=20><voffset=.3em><sprite=""input-useractions"" index=1></voffset></mspace> 将X200-32液氧甲烷燃料箱放在高亮显示的分离器下方。","<mspace=20><voffset=.3em><sprite=""input-useractions"" index=1></voffset></mspace> Place the X200-32 Methalox Fuel Tank below the highlighted decoupler","<mspace=20><voffset=.3em><sprite=""input-useractions"" index=1></voffset></mspace> Place the X200-32 Methalox Fuel Tank below the highlighted decoupler","<mspace=20><voffset=.3em><sprite=""input-useractions"" index=1></voffset></mspace> Place the X200-32 Methalox Fuel Tank below the highlighted decoupler","<mspace=20><voffset=.3em><sprite=""input-useractions"" index=1></voffset></mspace> Place the X200-32 Methalox Fuel Tank below the highlighted decoupler","<mspace=20><voffset=.3em><sprite=""input-useractions"" index=1></voffset></mspace> Place the X200-32 Methalox Fuel Tank below the highlighted decoupler","<mspace=20><voffset=.3em><sprite=""input-useractions"" index=1></voffset></mspace> Place the X200-32 Methalox Fuel Tank below the highlighted decoupler",,Localized
Tutorials/tutorial_4.3.14,Text,,"Let's add another one to make our rocket taller and make sure that we have enough fuel.

Instead of using another X200-32 tank, let's use a X200-64 fuel tank, this will provide more fuel to our first stage!

<mspace=20><voffset=.3em><sprite=""input-useractions"" index=1></voffset></mspace> Select the X200-64 Methalox Fuel Tank.","Let's add another one to make our rocket taller and make sure that we have enough fuel.

Instead of using another X200-32 tank, let's use a X200-64 fuel tank, this will provide more fuel to our first stage!

<mspace=20><voffset=.3em><sprite=""input-useractions"" index=1></voffset></mspace> Select the X200-64 Methalox Fuel Tank.","Aggiungiamone un altro per rendere il nostro razzo più alto e assicurarci di avere abbastanza carburante

Invece di usare un altro serbatoio X200-32, usiamo un serbatoio di carburante X200-64: questo fornirà più carburante al nostro primo stadio!

<mspace=20><voffset=.3em><sprite=""input-useractions"" index=1></voffset></mspace> Seleziona il serbatoio di carburante Methalox X200-64","Let's add another one to make our rocket taller and make sure that we have enough fuel.

Instead of using another X200-32 tank, let's use a X200-64 fuel tank, this will provide more fuel to our first stage!

<mspace=20><voffset=.3em><sprite=""input-useractions"" index=1></voffset></mspace> Select the X200-64 Methalox Fuel Tank.","Let's add another one to make our rocket taller and make sure that we have enough fuel.

Instead of using another X200-32 tank, let's use a X200-64 fuel tank, this will provide more fuel to our first stage!

<mspace=20><voffset=.3em><sprite=""input-useractions"" index=1></voffset></mspace> Select the X200-64 Methalox Fuel Tank.","Let's add another one to make our rocket taller and make sure that we have enough fuel.

Instead of using another X200-32 tank, let's use a X200-64 fuel tank, this will provide more fuel to our first stage!

<mspace=20><voffset=.3em><sprite=""input-useractions"" index=1></voffset></mspace> Select the X200-64 Methalox Fuel Tank.","Let's add another one to make our rocket taller and make sure that we have enough fuel.

Instead of using another X200-32 tank, let's use a X200-64 fuel tank, this will provide more fuel to our first stage!

<mspace=20><voffset=.3em><sprite=""input-useractions"" index=1></voffset></mspace> Select the X200-64 Methalox Fuel Tank.","Let's add another one to make our rocket taller and make sure that we have enough fuel.

Instead of using another X200-32 tank, let's use a X200-64 fuel tank, this will provide more fuel to our first stage!

<mspace=20><voffset=.3em><sprite=""input-useractions"" index=1></voffset></mspace> Select the X200-64 Methalox Fuel Tank.","Let's add another one to make our rocket taller and make sure that we have enough fuel.

Instead of using another X200-32 tank, let's use a X200-64 fuel tank, this will provide more fuel to our first stage!

<mspace=20><voffset=.3em><sprite=""input-useractions"" index=1></voffset></mspace> Select the X200-64 Methalox Fuel Tank.","让我们再加一个，让火箭更高，并确保我们有足够的燃料。

与其再用一个X200-32燃料箱，不如用X200-64燃料箱，这将为我们的第一级提供更多燃料！

<mspace=20><voffset=.3em><sprite=""input-useractions"" index=1></voffset></mspace> 选择X200-64液氧甲烷燃料箱。","Let's add another one to make our rocket taller and make sure that we have enough fuel.

Instead of using another X200-32 tank, let's use a X200-64 fuel tank, this will provide more fuel to our first stage!

<mspace=20><voffset=.3em><sprite=""input-useractions"" index=1></voffset></mspace> Select the X200-64 Methalox Fuel Tank.","Let's add another one to make our rocket taller and make sure that we have enough fuel.

Instead of using another X200-32 tank, let's use a X200-64 fuel tank, this will provide more fuel to our first stage!

<mspace=20><voffset=.3em><sprite=""input-useractions"" index=1></voffset></mspace> Select the X200-64 Methalox Fuel Tank.","Let's add another one to make our rocket taller and make sure that we have enough fuel.

Instead of using another X200-32 tank, let's use a X200-64 fuel tank, this will provide more fuel to our first stage!

<mspace=20><voffset=.3em><sprite=""input-useractions"" index=1></voffset></mspace> Select the X200-64 Methalox Fuel Tank.","Let's add another one to make our rocket taller and make sure that we have enough fuel.

Instead of using another X200-32 tank, let's use a X200-64 fuel tank, this will provide more fuel to our first stage!

<mspace=20><voffset=.3em><sprite=""input-useractions"" index=1></voffset></mspace> Select the X200-64 Methalox Fuel Tank.","Let's add another one to make our rocket taller and make sure that we have enough fuel.

Instead of using another X200-32 tank, let's use a X200-64 fuel tank, this will provide more fuel to our first stage!

<mspace=20><voffset=.3em><sprite=""input-useractions"" index=1></voffset></mspace> Select the X200-64 Methalox Fuel Tank.","Let's add another one to make our rocket taller and make sure that we have enough fuel.

Instead of using another X200-32 tank, let's use a X200-64 fuel tank, this will provide more fuel to our first stage!

<mspace=20><voffset=.3em><sprite=""input-useractions"" index=1></voffset></mspace> Select the X200-64 Methalox Fuel Tank.",,Localized
Tutorials/tutorial_4.3.15,Text,,"<mspace=20><voffset=.3em><sprite=""input-useractions"" index=1></voffset></mspace> Place a X200-64 Methalox Fuel Tank below the previously placed fuel tank.","<mspace=20><voffset=.3em><sprite=""input-useractions"" index=1></voffset></mspace> Place a X200-64 Methalox Fuel Tank below the previously placed fuel tank.","<mspace=20><voffset=.3em><sprite=""input-useractions"" index=1></voffset></mspace> Posiziona un serbatoio di carburante Methalox X200-64 sotto il serbatoio di carburante posizionato in precedenza","<mspace=20><voffset=.3em><sprite=""input-useractions"" index=1></voffset></mspace> Place a X200-64 Methalox Fuel Tank below the previously placed fuel tank.","<mspace=20><voffset=.3em><sprite=""input-useractions"" index=1></voffset></mspace> Place a X200-64 Methalox Fuel Tank below the previously placed fuel tank.","<mspace=20><voffset=.3em><sprite=""input-useractions"" index=1></voffset></mspace> Place a X200-64 Methalox Fuel Tank below the previously placed fuel tank.","<mspace=20><voffset=.3em><sprite=""input-useractions"" index=1></voffset></mspace> Place a X200-64 Methalox Fuel Tank below the previously placed fuel tank.","<mspace=20><voffset=.3em><sprite=""input-useractions"" index=1></voffset></mspace> Place a X200-64 Methalox Fuel Tank below the previously placed fuel tank.","<mspace=20><voffset=.3em><sprite=""input-useractions"" index=1></voffset></mspace> Place a X200-64 Methalox Fuel Tank below the previously placed fuel tank.","<mspace=20><voffset=.3em><sprite=""input-useractions"" index=1></voffset></mspace> 将X200-64液氧甲烷燃料箱放在先前放置的燃料箱下方。","<mspace=20><voffset=.3em><sprite=""input-useractions"" index=1></voffset></mspace> Place a X200-64 Methalox Fuel Tank below the previously placed fuel tank.","<mspace=20><voffset=.3em><sprite=""input-useractions"" index=1></voffset></mspace> Place a X200-64 Methalox Fuel Tank below the previously placed fuel tank.","<mspace=20><voffset=.3em><sprite=""input-useractions"" index=1></voffset></mspace> Place a X200-64 Methalox Fuel Tank below the previously placed fuel tank.","<mspace=20><voffset=.3em><sprite=""input-useractions"" index=1></voffset></mspace> Place a X200-64 Methalox Fuel Tank below the previously placed fuel tank.","<mspace=20><voffset=.3em><sprite=""input-useractions"" index=1></voffset></mspace> Place a X200-64 Methalox Fuel Tank below the previously placed fuel tank.","<mspace=20><voffset=.3em><sprite=""input-useractions"" index=1></voffset></mspace> Place a X200-64 Methalox Fuel Tank below the previously placed fuel tank.",,Localized
Tutorials/tutorial_4.3.16,Text,,"Wow, it's so much taller! Now it needs an engine.

<mspace=20><voffset=.3em><sprite=""input-useractions"" index=1></voffset></mspace> Select the Engine category in the Parts Picker menu.","Wow, it's so much taller! Now it needs an engine.

<mspace=20><voffset=.3em><sprite=""input-useractions"" index=1></voffset></mspace> Select the Engine category in the Parts Picker menu.","Wow, molto più alto! Ora ci serve un motore

<mspace=20><voffset=.3em><sprite=""input-useractions"" index=1></voffset></mspace> Seleziona la categoria Motori nel menu Selezionatore Parti","Wow, it's so much taller! Now it needs an engine.

<mspace=20><voffset=.3em><sprite=""input-useractions"" index=1></voffset></mspace> Select the Engine category in the Parts Picker menu.","Wow, it's so much taller! Now it needs an engine.

<mspace=20><voffset=.3em><sprite=""input-useractions"" index=1></voffset></mspace> Select the Engine category in the Parts Picker menu.","Wow, it's so much taller! Now it needs an engine.

<mspace=20><voffset=.3em><sprite=""input-useractions"" index=1></voffset></mspace> Select the Engine category in the Parts Picker menu.","Wow, it's so much taller! Now it needs an engine.

<mspace=20><voffset=.3em><sprite=""input-useractions"" index=1></voffset></mspace> Select the Engine category in the Parts Picker menu.","Wow, it's so much taller! Now it needs an engine.

<mspace=20><voffset=.3em><sprite=""input-useractions"" index=1></voffset></mspace> Select the Engine category in the Parts Picker menu.","Wow, it's so much taller! Now it needs an engine.

<mspace=20><voffset=.3em><sprite=""input-useractions"" index=1></voffset></mspace> Select the Engine category in the Parts Picker menu.","不错，高多了！现在它需要一个引擎。

<mspace=20><voffset=.3em><sprite=""input-useractions"" index=1></voffset></mspace> 在部件菜单中选择引擎类别。","Wow, it's so much taller! Now it needs an engine.

<mspace=20><voffset=.3em><sprite=""input-useractions"" index=1></voffset></mspace> Select the Engine category in the Parts Picker menu.","Wow, it's so much taller! Now it needs an engine.

<mspace=20><voffset=.3em><sprite=""input-useractions"" index=1></voffset></mspace> Select the Engine category in the Parts Picker menu.","Wow, it's so much taller! Now it needs an engine.

<mspace=20><voffset=.3em><sprite=""input-useractions"" index=1></voffset></mspace> Select the Engine category in the Parts Picker menu.","Wow, it's so much taller! Now it needs an engine.

<mspace=20><voffset=.3em><sprite=""input-useractions"" index=1></voffset></mspace> Select the Engine category in the Parts Picker menu.","Wow, it's so much taller! Now it needs an engine.

<mspace=20><voffset=.3em><sprite=""input-useractions"" index=1></voffset></mspace> Select the Engine category in the Parts Picker menu.","Wow, it's so much taller! Now it needs an engine.

<mspace=20><voffset=.3em><sprite=""input-useractions"" index=1></voffset></mspace> Select the Engine category in the Parts Picker menu.",,Localized
Tutorials/tutorial_4.3.17,Text,,"We need a powerful launcher engine for our first stage. Ooh! A perfect engine for this task would be the RE-M3 ""Mainsail"" engine!


<mspace=20><voffset=.3em><sprite=""input-useractions"" index=1></voffset></mspace> Select the RE-M3 ""Mainsail"" engine","We need a powerful launcher engine for our first stage. Ooh! A perfect engine for this task would be the RE-M3 ""Mainsail"" engine!


<mspace=20><voffset=.3em><sprite=""input-useractions"" index=1></voffset></mspace> Select the RE-M3 ""Mainsail"" engine","Ci serve un potente motore da lancio per il nostro primo stadio. Uh! Un motore perfetto per questo compito sarebbe il motore RE-M3 ""Mainsail""!


<mspace=20><voffset=.3em><sprite=""input-useractions"" index=1></voffset></mspace> Seleziona il motore RE-M3 ""Mainsail""","We need a powerful launcher engine for our first stage. Ooh! A perfect engine for this task would be the RE-M3 ""Mainsail"" engine!


<mspace=20><voffset=.3em><sprite=""input-useractions"" index=1></voffset></mspace> Select the RE-M3 ""Mainsail"" engine","We need a powerful launcher engine for our first stage. Ooh! A perfect engine for this task would be the RE-M3 ""Mainsail"" engine!


<mspace=20><voffset=.3em><sprite=""input-useractions"" index=1></voffset></mspace> Select the RE-M3 ""Mainsail"" engine","We need a powerful launcher engine for our first stage. Ooh! A perfect engine for this task would be the RE-M3 ""Mainsail"" engine!


<mspace=20><voffset=.3em><sprite=""input-useractions"" index=1></voffset></mspace> Select the RE-M3 ""Mainsail"" engine","We need a powerful launcher engine for our first stage. Ooh! A perfect engine for this task would be the RE-M3 ""Mainsail"" engine!


<mspace=20><voffset=.3em><sprite=""input-useractions"" index=1></voffset></mspace> Select the RE-M3 ""Mainsail"" engine","We need a powerful launcher engine for our first stage. Ooh! A perfect engine for this task would be the RE-M3 ""Mainsail"" engine!


<mspace=20><voffset=.3em><sprite=""input-useractions"" index=1></voffset></mspace> Select the RE-M3 ""Mainsail"" engine","We need a powerful launcher engine for our first stage. Ooh! A perfect engine for this task would be the RE-M3 ""Mainsail"" engine!


<mspace=20><voffset=.3em><sprite=""input-useractions"" index=1></voffset></mspace> Select the RE-M3 ""Mainsail"" engine","我们需要一个强大的一级发射引擎。哦！这项任务的完美引擎是RE-M3“主帆”引擎！


<mspace=20><voffset=.3em><sprite=""input-useractions"" index=1></voffset></mspace> 选择RE-M3“主帆”引擎。","We need a powerful launcher engine for our first stage. Ooh! A perfect engine for this task would be the RE-M3 ""Mainsail"" engine!


<mspace=20><voffset=.3em><sprite=""input-useractions"" index=1></voffset></mspace> Select the RE-M3 ""Mainsail"" engine","We need a powerful launcher engine for our first stage. Ooh! A perfect engine for this task would be the RE-M3 ""Mainsail"" engine!


<mspace=20><voffset=.3em><sprite=""input-useractions"" index=1></voffset></mspace> Select the RE-M3 ""Mainsail"" engine","We need a powerful launcher engine for our first stage. Ooh! A perfect engine for this task would be the RE-M3 ""Mainsail"" engine!


<mspace=20><voffset=.3em><sprite=""input-useractions"" index=1></voffset></mspace> Select the RE-M3 ""Mainsail"" engine","We need a powerful launcher engine for our first stage. Ooh! A perfect engine for this task would be the RE-M3 ""Mainsail"" engine!


<mspace=20><voffset=.3em><sprite=""input-useractions"" index=1></voffset></mspace> Select the RE-M3 ""Mainsail"" engine","We need a powerful launcher engine for our first stage. Ooh! A perfect engine for this task would be the RE-M3 ""Mainsail"" engine!


<mspace=20><voffset=.3em><sprite=""input-useractions"" index=1></voffset></mspace> Select the RE-M3 ""Mainsail"" engine","We need a powerful launcher engine for our first stage. Ooh! A perfect engine for this task would be the RE-M3 ""Mainsail"" engine!


<mspace=20><voffset=.3em><sprite=""input-useractions"" index=1></voffset></mspace> Select the RE-M3 ""Mainsail"" engine",,Localized
Tutorials/tutorial_4.3.18,Text,,"<mspace=20><voffset=.3em><sprite=""input-useractions"" index=1></voffset></mspace> Attach the RE-M3 ""Mainsail"" engine to the bottom of the X200-64 Methalox Fuel Tank.","<mspace=20><voffset=.3em><sprite=""input-useractions"" index=1></voffset></mspace> Attach the RE-M3 ""Mainsail"" engine to the bottom of the X200-64 Methalox Fuel Tank.","<mspace=20><voffset=.3em><sprite=""input-useractions"" index=1></voffset></mspace> Aggancia il motore RE-M3 ""Mainsail"" alla base del serbatoio di carburante Methalox X200-64","<mspace=20><voffset=.3em><sprite=""input-useractions"" index=1></voffset></mspace> Attach the RE-M3 ""Mainsail"" engine to the bottom of the X200-64 Methalox Fuel Tank.","<mspace=20><voffset=.3em><sprite=""input-useractions"" index=1></voffset></mspace> Attach the RE-M3 ""Mainsail"" engine to the bottom of the X200-64 Methalox Fuel Tank.","<mspace=20><voffset=.3em><sprite=""input-useractions"" index=1></voffset></mspace> Attach the RE-M3 ""Mainsail"" engine to the bottom of the X200-64 Methalox Fuel Tank.","<mspace=20><voffset=.3em><sprite=""input-useractions"" index=1></voffset></mspace> Attach the RE-M3 ""Mainsail"" engine to the bottom of the X200-64 Methalox Fuel Tank.","<mspace=20><voffset=.3em><sprite=""input-useractions"" index=1></voffset></mspace> Attach the RE-M3 ""Mainsail"" engine to the bottom of the X200-64 Methalox Fuel Tank.","<mspace=20><voffset=.3em><sprite=""input-useractions"" index=1></voffset></mspace> Attach the RE-M3 ""Mainsail"" engine to the bottom of the X200-64 Methalox Fuel Tank.","<mspace=20><voffset=.3em><sprite=""input-useractions"" index=1></voffset></mspace> 将RE-M3“主帆”引擎安装到X200-64液氧甲烷燃料箱的底部。","<mspace=20><voffset=.3em><sprite=""input-useractions"" index=1></voffset></mspace> Attach the RE-M3 ""Mainsail"" engine to the bottom of the X200-64 Methalox Fuel Tank.","<mspace=20><voffset=.3em><sprite=""input-useractions"" index=1></voffset></mspace> Attach the RE-M3 ""Mainsail"" engine to the bottom of the X200-64 Methalox Fuel Tank.","<mspace=20><voffset=.3em><sprite=""input-useractions"" index=1></voffset></mspace> Attach the RE-M3 ""Mainsail"" engine to the bottom of the X200-64 Methalox Fuel Tank.","<mspace=20><voffset=.3em><sprite=""input-useractions"" index=1></voffset></mspace> Attach the RE-M3 ""Mainsail"" engine to the bottom of the X200-64 Methalox Fuel Tank.","<mspace=20><voffset=.3em><sprite=""input-useractions"" index=1></voffset></mspace> Attach the RE-M3 ""Mainsail"" engine to the bottom of the X200-64 Methalox Fuel Tank.","<mspace=20><voffset=.3em><sprite=""input-useractions"" index=1></voffset></mspace> Attach the RE-M3 ""Mainsail"" engine to the bottom of the X200-64 Methalox Fuel Tank.",,Localized
Tutorials/tutorial_4.3.19,Text,,"Perfect, this rocket has a taller, but thinner first stage which will make it more stable in-flight.","Perfect, this rocket has a taller, but thinner first stage which will make it more stable in-flight.","Perfetto, questo razzo ha un primo stadio più lungo, ma più sottile, il che lo renderà più stabile in volo","Perfect, this rocket has a taller, but thinner first stage which will make it more stable in-flight.","Perfect, this rocket has a taller, but thinner first stage which will make it more stable in-flight.","Perfect, this rocket has a taller, but thinner first stage which will make it more stable in-flight.","Perfect, this rocket has a taller, but thinner first stage which will make it more stable in-flight.","Perfect, this rocket has a taller, but thinner first stage which will make it more stable in-flight.","Perfect, this rocket has a taller, but thinner first stage which will make it more stable in-flight.",完美，这枚火箭的第一级更高但更细，这将使其在飞行中更加稳定。,"Perfect, this rocket has a taller, but thinner first stage which will make it more stable in-flight.","Perfect, this rocket has a taller, but thinner first stage which will make it more stable in-flight.","Perfect, this rocket has a taller, but thinner first stage which will make it more stable in-flight.","Perfect, this rocket has a taller, but thinner first stage which will make it more stable in-flight.","Perfect, this rocket has a taller, but thinner first stage which will make it more stable in-flight.","Perfect, this rocket has a taller, but thinner first stage which will make it more stable in-flight.",,Localized
Tutorials/tutorial_4.3.20,Text,,"As mentioned before, this rocket needs some stabilizers. Ideally, at the bottom of the rocket!

To make sure that we have 4 stabilizers placed perfectly, we can use Symmetry.

<mspace=20><voffset=.3em><sprite=""input-useractions"" index=1></voffset></mspace> Click on the symmetry mode button to select the 4x symmetry mode.","As mentioned before, this rocket needs some stabilizers. Ideally, at the bottom of the rocket!

To make sure that we have 4 stabilizers placed perfectly, we can use Symmetry.

<mspace=20><voffset=.3em><sprite=""input-useractions"" index=1></voffset></mspace> Click on the symmetry mode button to select the 4x symmetry mode.","Come detto prima, il nostro razzo ha bisogno di alcuni stabilizzatori. Idealmente, alla base del razzo!

Per assicurarci che i 4 stabilizzatori siano posizionati alla perfezione, possiamo usare la Simmetria

<mspace=20><voffset=.3em><sprite=""input-useractions"" index=1></voffset></mspace> Fai clic sul pulsante della modalità Simmetria per selezionare la simmetria 4x","As mentioned before, this rocket needs some stabilizers. Ideally, at the bottom of the rocket!

To make sure that we have 4 stabilizers placed perfectly, we can use Symmetry.

<mspace=20><voffset=.3em><sprite=""input-useractions"" index=1></voffset></mspace> Click on the symmetry mode button to select the 4x symmetry mode.","As mentioned before, this rocket needs some stabilizers. Ideally, at the bottom of the rocket!

To make sure that we have 4 stabilizers placed perfectly, we can use Symmetry.

<mspace=20><voffset=.3em><sprite=""input-useractions"" index=1></voffset></mspace> Click on the symmetry mode button to select the 4x symmetry mode.","As mentioned before, this rocket needs some stabilizers. Ideally, at the bottom of the rocket!

To make sure that we have 4 stabilizers placed perfectly, we can use Symmetry.

<mspace=20><voffset=.3em><sprite=""input-useractions"" index=1></voffset></mspace> Click on the symmetry mode button to select the 4x symmetry mode.","As mentioned before, this rocket needs some stabilizers. Ideally, at the bottom of the rocket!

To make sure that we have 4 stabilizers placed perfectly, we can use Symmetry.

<mspace=20><voffset=.3em><sprite=""input-useractions"" index=1></voffset></mspace> Click on the symmetry mode button to select the 4x symmetry mode.","As mentioned before, this rocket needs some stabilizers. Ideally, at the bottom of the rocket!

To make sure that we have 4 stabilizers placed perfectly, we can use Symmetry.

<mspace=20><voffset=.3em><sprite=""input-useractions"" index=1></voffset></mspace> Click on the symmetry mode button to select the 4x symmetry mode.","As mentioned before, this rocket needs some stabilizers. Ideally, at the bottom of the rocket!

To make sure that we have 4 stabilizers placed perfectly, we can use Symmetry.

<mspace=20><voffset=.3em><sprite=""input-useractions"" index=1></voffset></mspace> Click on the symmetry mode button to select the 4x symmetry mode.","正如之前所说，我们的火箭需要一些稳定翼。理想情况下，应该装在火箭底部！

为了确保完美地装上4个稳定翼，我们可以使用对称模式。

<mspace=20><voffset=.3em><sprite=""input-useractions"" index=1></voffset></mspace> 点击对称模式按钮，选择4x对称模式。","As mentioned before, this rocket needs some stabilizers. Ideally, at the bottom of the rocket!

To make sure that we have 4 stabilizers placed perfectly, we can use Symmetry.

<mspace=20><voffset=.3em><sprite=""input-useractions"" index=1></voffset></mspace> Click on the symmetry mode button to select the 4x symmetry mode.","As mentioned before, this rocket needs some stabilizers. Ideally, at the bottom of the rocket!

To make sure that we have 4 stabilizers placed perfectly, we can use Symmetry.

<mspace=20><voffset=.3em><sprite=""input-useractions"" index=1></voffset></mspace> Click on the symmetry mode button to select the 4x symmetry mode.","As mentioned before, this rocket needs some stabilizers. Ideally, at the bottom of the rocket!

To make sure that we have 4 stabilizers placed perfectly, we can use Symmetry.

<mspace=20><voffset=.3em><sprite=""input-useractions"" index=1></voffset></mspace> Click on the symmetry mode button to select the 4x symmetry mode.","As mentioned before, this rocket needs some stabilizers. Ideally, at the bottom of the rocket!

To make sure that we have 4 stabilizers placed perfectly, we can use Symmetry.

<mspace=20><voffset=.3em><sprite=""input-useractions"" index=1></voffset></mspace> Click on the symmetry mode button to select the 4x symmetry mode.","As mentioned before, this rocket needs some stabilizers. Ideally, at the bottom of the rocket!

To make sure that we have 4 stabilizers placed perfectly, we can use Symmetry.

<mspace=20><voffset=.3em><sprite=""input-useractions"" index=1></voffset></mspace> Click on the symmetry mode button to select the 4x symmetry mode.","As mentioned before, this rocket needs some stabilizers. Ideally, at the bottom of the rocket!

To make sure that we have 4 stabilizers placed perfectly, we can use Symmetry.

<mspace=20><voffset=.3em><sprite=""input-useractions"" index=1></voffset></mspace> Click on the symmetry mode button to select the 4x symmetry mode.",,Localized
Tutorials/tutorial_4.3.21,Text,,"<mspace=20><voffset=.3em><sprite=""input-useractions"" index=1></voffset></mspace> Select the Aerodynamics category in the Parts Picker menu.","<mspace=20><voffset=.3em><sprite=""input-useractions"" index=1></voffset></mspace> Select the Aerodynamics category in the Parts Picker menu.","<mspace=20><voffset=.3em><sprite=""input-useractions"" index=1></voffset></mspace> Seleziona la categoria Aerodinamica nel menu Selezionatore Parti","<mspace=20><voffset=.3em><sprite=""input-useractions"" index=1></voffset></mspace> Select the Aerodynamics category in the Parts Picker menu.","<mspace=20><voffset=.3em><sprite=""input-useractions"" index=1></voffset></mspace> Select the Aerodynamics category in the Parts Picker menu.","<mspace=20><voffset=.3em><sprite=""input-useractions"" index=1></voffset></mspace> Select the Aerodynamics category in the Parts Picker menu.","<mspace=20><voffset=.3em><sprite=""input-useractions"" index=1></voffset></mspace> Select the Aerodynamics category in the Parts Picker menu.","<mspace=20><voffset=.3em><sprite=""input-useractions"" index=1></voffset></mspace> Select the Aerodynamics category in the Parts Picker menu.","<mspace=20><voffset=.3em><sprite=""input-useractions"" index=1></voffset></mspace> Select the Aerodynamics category in the Parts Picker menu.","<mspace=20><voffset=.3em><sprite=""input-useractions"" index=1></voffset></mspace> 在部件菜单中选择空气动力学类别。","<mspace=20><voffset=.3em><sprite=""input-useractions"" index=1></voffset></mspace> Select the Aerodynamics category in the Parts Picker menu.","<mspace=20><voffset=.3em><sprite=""input-useractions"" index=1></voffset></mspace> Select the Aerodynamics category in the Parts Picker menu.","<mspace=20><voffset=.3em><sprite=""input-useractions"" index=1></voffset></mspace> Select the Aerodynamics category in the Parts Picker menu.","<mspace=20><voffset=.3em><sprite=""input-useractions"" index=1></voffset></mspace> Select the Aerodynamics category in the Parts Picker menu.","<mspace=20><voffset=.3em><sprite=""input-useractions"" index=1></voffset></mspace> Select the Aerodynamics category in the Parts Picker menu.","<mspace=20><voffset=.3em><sprite=""input-useractions"" index=1></voffset></mspace> Select the Aerodynamics category in the Parts Picker menu.",,Localized
Tutorials/tutorial_4.3.22,Text,,"The LPS-250 ""Transform"" stabilizer fins would look really good on this vessel!

The reason we want this is so our <b><color=#FFA114><cspace=-.1>Center Of Pressure (CoP)</cspace></color></b> stays below our <b><color=#FFA114><cspace=-.1>Center Of Mass (CoM)</cspace></color></b>. Ever wonder why darts fly stably? Well, it's because of fins! While the top of our rocket wants to tip down, the air pushes on the fins in the other way, ensuring it doesn't veer off course!

Also, its small control surface will help this craft be more responsive in the atmosphere! It's a win-win situation!

<mspace=20><voffset=.3em><sprite=""input-useractions"" index=1></voffset></mspace> Select the LPS-250 ""Transform"" stabilizer in the Parts Picker menu.","The LPS-250 ""Transform"" stabilizer fins would look really good on this vessel!

The reason we want this is so our <b><color=#FFA114><cspace=-.1>Center Of Pressure (CoP)</cspace></color></b> stays below our <b><color=#FFA114><cspace=-.1>Center Of Mass (CoM)</cspace></color></b>. Ever wonder why darts fly stably? Well, it's because of fins! While the top of our rocket wants to tip down, the air pushes on the fins in the other way, ensuring it doesn't veer off course!

Also, its small control surface will help this craft be more responsive in the atmosphere! It's a win-win situation!

<mspace=20><voffset=.3em><sprite=""input-useractions"" index=1></voffset></mspace> Select the LPS-250 ""Transform"" stabilizer in the Parts Picker menu.","Le alette stabilizzatrici LPS-250 ""Transform"" starebbero benissimo sul nostro veicolo!

Il motivo per cui le vogliamo è fare in modo che il nostro <b><color=#FFA114><cspace=-.1>Centro di Pressione (CoP)</cspace></color></b> rimanga al di sotto del nostro <b><color=#FFA114><cspace=-.1>Centro di Massa (CoM)</cspace></color></b>. Ti sei mai chiesto perché le freccette volano in modo stabile? Beh, è grazie alle alette! Mentre la cima del nostro razzo tende a inclinarsi verso il basso, l'aria spinge sulle alette nel senso opposto, garantendo che non vada fuori rotta!

Inoltre, la sua piccola superficie di controllo aiuterà il nostro veicolo a essere più reattivo nell'atmosfera! È un vantaggio da tutti i punti di vista!

<mspace=20><voffset=.3em><sprite=""input-useractions"" index=1></voffset></mspace> Seleziona lo stabilizzatore LPS-250 ""Transform"" nel menu Selezionatore Parti","The LPS-250 ""Transform"" stabilizer fins would look really good on this vessel!

The reason we want this is so our <b><color=#FFA114><cspace=-.1>Center Of Pressure (CoP)</cspace></color></b> stays below our <b><color=#FFA114><cspace=-.1>Center Of Mass (CoM)</cspace></color></b>. Ever wonder why darts fly stably? Well, it's because of fins! While the top of our rocket wants to tip down, the air pushes on the fins in the other way, ensuring it doesn't veer off course!

Also, its small control surface will help this craft be more responsive in the atmosphere! It's a win-win situation!

<mspace=20><voffset=.3em><sprite=""input-useractions"" index=1></voffset></mspace> Select the LPS-250 ""Transform"" stabilizer in the Parts Picker menu.","The LPS-250 ""Transform"" stabilizer fins would look really good on this vessel!

The reason we want this is so our <b><color=#FFA114><cspace=-.1>Center Of Pressure (CoP)</cspace></color></b> stays below our <b><color=#FFA114><cspace=-.1>Center Of Mass (CoM)</cspace></color></b>. Ever wonder why darts fly stably? Well, it's because of fins! While the top of our rocket wants to tip down, the air pushes on the fins in the other way, ensuring it doesn't veer off course!

Also, its small control surface will help this craft be more responsive in the atmosphere! It's a win-win situation!

<mspace=20><voffset=.3em><sprite=""input-useractions"" index=1></voffset></mspace> Select the LPS-250 ""Transform"" stabilizer in the Parts Picker menu.","The LPS-250 ""Transform"" stabilizer fins would look really good on this vessel!

The reason we want this is so our <b><color=#FFA114><cspace=-.1>Center Of Pressure (CoP)</cspace></color></b> stays below our <b><color=#FFA114><cspace=-.1>Center Of Mass (CoM)</cspace></color></b>. Ever wonder why darts fly stably? Well, it's because of fins! While the top of our rocket wants to tip down, the air pushes on the fins in the other way, ensuring it doesn't veer off course!

Also, its small control surface will help this craft be more responsive in the atmosphere! It's a win-win situation!

<mspace=20><voffset=.3em><sprite=""input-useractions"" index=1></voffset></mspace> Select the LPS-250 ""Transform"" stabilizer in the Parts Picker menu.","The LPS-250 ""Transform"" stabilizer fins would look really good on this vessel!

The reason we want this is so our <b><color=#FFA114><cspace=-.1>Center Of Pressure (CoP)</cspace></color></b> stays below our <b><color=#FFA114><cspace=-.1>Center Of Mass (CoM)</cspace></color></b>. Ever wonder why darts fly stably? Well, it's because of fins! While the top of our rocket wants to tip down, the air pushes on the fins in the other way, ensuring it doesn't veer off course!

Also, its small control surface will help this craft be more responsive in the atmosphere! It's a win-win situation!

<mspace=20><voffset=.3em><sprite=""input-useractions"" index=1></voffset></mspace> Select the LPS-250 ""Transform"" stabilizer in the Parts Picker menu.","The LPS-250 ""Transform"" stabilizer fins would look really good on this vessel!

The reason we want this is so our <b><color=#FFA114><cspace=-.1>Center Of Pressure (CoP)</cspace></color></b> stays below our <b><color=#FFA114><cspace=-.1>Center Of Mass (CoM)</cspace></color></b>. Ever wonder why darts fly stably? Well, it's because of fins! While the top of our rocket wants to tip down, the air pushes on the fins in the other way, ensuring it doesn't veer off course!

Also, its small control surface will help this craft be more responsive in the atmosphere! It's a win-win situation!

<mspace=20><voffset=.3em><sprite=""input-useractions"" index=1></voffset></mspace> Select the LPS-250 ""Transform"" stabilizer in the Parts Picker menu.","The LPS-250 ""Transform"" stabilizer fins would look really good on this vessel!

The reason we want this is so our <b><color=#FFA114><cspace=-.1>Center Of Pressure (CoP)</cspace></color></b> stays below our <b><color=#FFA114><cspace=-.1>Center Of Mass (CoM)</cspace></color></b>. Ever wonder why darts fly stably? Well, it's because of fins! While the top of our rocket wants to tip down, the air pushes on the fins in the other way, ensuring it doesn't veer off course!

Also, its small control surface will help this craft be more responsive in the atmosphere! It's a win-win situation!

<mspace=20><voffset=.3em><sprite=""input-useractions"" index=1></voffset></mspace> Select the LPS-250 ""Transform"" stabilizer in the Parts Picker menu.","LPS-250“转换”稳定翼装在我们的航天器上肯定很好看！

我们选择它的原因是，这能让<b><color=#FFA114><cspace=-.1>升力中心（CoP）</cspace></color></b>保持在<b><color=#FFA114><cspace=-.1>质心（CoM）</cspace></color></b>下方。你想过飞镖为什么能稳定飞行吗？就是因为有尾翼！当火箭顶部想要向下倾斜时，空气会以相反方向推动尾翼，确保它不会偏离航线！

此外，它的小型控制舵面还能让我们的飞行器在大气层中响应更灵敏！可谓是双赢！

<mspace=20><voffset=.3em><sprite=""input-useractions"" index=1></voffset></mspace> 在部件菜单中选择LPS-250“转换”稳定翼。","The LPS-250 ""Transform"" stabilizer fins would look really good on this vessel!

The reason we want this is so our <b><color=#FFA114><cspace=-.1>Center Of Pressure (CoP)</cspace></color></b> stays below our <b><color=#FFA114><cspace=-.1>Center Of Mass (CoM)</cspace></color></b>. Ever wonder why darts fly stably? Well, it's because of fins! While the top of our rocket wants to tip down, the air pushes on the fins in the other way, ensuring it doesn't veer off course!

Also, its small control surface will help this craft be more responsive in the atmosphere! It's a win-win situation!

<mspace=20><voffset=.3em><sprite=""input-useractions"" index=1></voffset></mspace> Select the LPS-250 ""Transform"" stabilizer in the Parts Picker menu.","The LPS-250 ""Transform"" stabilizer fins would look really good on this vessel!

The reason we want this is so our <b><color=#FFA114><cspace=-.1>Center Of Pressure (CoP)</cspace></color></b> stays below our <b><color=#FFA114><cspace=-.1>Center Of Mass (CoM)</cspace></color></b>. Ever wonder why darts fly stably? Well, it's because of fins! While the top of our rocket wants to tip down, the air pushes on the fins in the other way, ensuring it doesn't veer off course!

Also, its small control surface will help this craft be more responsive in the atmosphere! It's a win-win situation!

<mspace=20><voffset=.3em><sprite=""input-useractions"" index=1></voffset></mspace> Select the LPS-250 ""Transform"" stabilizer in the Parts Picker menu.","The LPS-250 ""Transform"" stabilizer fins would look really good on this vessel!

The reason we want this is so our <b><color=#FFA114><cspace=-.1>Center Of Pressure (CoP)</cspace></color></b> stays below our <b><color=#FFA114><cspace=-.1>Center Of Mass (CoM)</cspace></color></b>. Ever wonder why darts fly stably? Well, it's because of fins! While the top of our rocket wants to tip down, the air pushes on the fins in the other way, ensuring it doesn't veer off course!

Also, its small control surface will help this craft be more responsive in the atmosphere! It's a win-win situation!

<mspace=20><voffset=.3em><sprite=""input-useractions"" index=1></voffset></mspace> Select the LPS-250 ""Transform"" stabilizer in the Parts Picker menu.","The LPS-250 ""Transform"" stabilizer fins would look really good on this vessel!

The reason we want this is so our <b><color=#FFA114><cspace=-.1>Center Of Pressure (CoP)</cspace></color></b> stays below our <b><color=#FFA114><cspace=-.1>Center Of Mass (CoM)</cspace></color></b>. Ever wonder why darts fly stably? Well, it's because of fins! While the top of our rocket wants to tip down, the air pushes on the fins in the other way, ensuring it doesn't veer off course!

Also, its small control surface will help this craft be more responsive in the atmosphere! It's a win-win situation!

<mspace=20><voffset=.3em><sprite=""input-useractions"" index=1></voffset></mspace> Select the LPS-250 ""Transform"" stabilizer in the Parts Picker menu.","The LPS-250 ""Transform"" stabilizer fins would look really good on this vessel!

The reason we want this is so our <b><color=#FFA114><cspace=-.1>Center Of Pressure (CoP)</cspace></color></b> stays below our <b><color=#FFA114><cspace=-.1>Center Of Mass (CoM)</cspace></color></b>. Ever wonder why darts fly stably? Well, it's because of fins! While the top of our rocket wants to tip down, the air pushes on the fins in the other way, ensuring it doesn't veer off course!

Also, its small control surface will help this craft be more responsive in the atmosphere! It's a win-win situation!

<mspace=20><voffset=.3em><sprite=""input-useractions"" index=1></voffset></mspace> Select the LPS-250 ""Transform"" stabilizer in the Parts Picker menu.","The LPS-250 ""Transform"" stabilizer fins would look really good on this vessel!

The reason we want this is so our <b><color=#FFA114><cspace=-.1>Center Of Pressure (CoP)</cspace></color></b> stays below our <b><color=#FFA114><cspace=-.1>Center Of Mass (CoM)</cspace></color></b>. Ever wonder why darts fly stably? Well, it's because of fins! While the top of our rocket wants to tip down, the air pushes on the fins in the other way, ensuring it doesn't veer off course!

Also, its small control surface will help this craft be more responsive in the atmosphere! It's a win-win situation!

<mspace=20><voffset=.3em><sprite=""input-useractions"" index=1></voffset></mspace> Select the LPS-250 ""Transform"" stabilizer in the Parts Picker menu.",,Localized
Tutorials/tutorial_4.3.23,Text,,"<mspace=20><voffset=.3em><sprite=""input-useractions"" index=1></voffset></mspace> Attach the LPS-250 ""Transform"" stabilizers to the base of this rocket.","<mspace=20><voffset=.3em><sprite=""input-useractions"" index=1></voffset></mspace> Attach the LPS-250 ""Transform"" stabilizers to the base of this rocket.","<mspace=20><voffset=.3em><sprite=""input-useractions"" index=1></voffset></mspace> Fissa gli stabilizzatori LPS-250 ""Transform"" alla base del tuo razzo","<mspace=20><voffset=.3em><sprite=""input-useractions"" index=1></voffset></mspace> Attach the LPS-250 ""Transform"" stabilizers to the base of this rocket.","<mspace=20><voffset=.3em><sprite=""input-useractions"" index=1></voffset></mspace> Attach the LPS-250 ""Transform"" stabilizers to the base of this rocket.","<mspace=20><voffset=.3em><sprite=""input-useractions"" index=1></voffset></mspace> Attach the LPS-250 ""Transform"" stabilizers to the base of this rocket.","<mspace=20><voffset=.3em><sprite=""input-useractions"" index=1></voffset></mspace> Attach the LPS-250 ""Transform"" stabilizers to the base of this rocket.","<mspace=20><voffset=.3em><sprite=""input-useractions"" index=1></voffset></mspace> Attach the LPS-250 ""Transform"" stabilizers to the base of this rocket.","<mspace=20><voffset=.3em><sprite=""input-useractions"" index=1></voffset></mspace> Attach the LPS-250 ""Transform"" stabilizers to the base of this rocket.","<mspace=20><voffset=.3em><sprite=""input-useractions"" index=1></voffset></mspace> 将LPS-250“转换”稳定翼安装到火箭底部。","<mspace=20><voffset=.3em><sprite=""input-useractions"" index=1></voffset></mspace> Attach the LPS-250 ""Transform"" stabilizers to the base of this rocket.","<mspace=20><voffset=.3em><sprite=""input-useractions"" index=1></voffset></mspace> Attach the LPS-250 ""Transform"" stabilizers to the base of this rocket.","<mspace=20><voffset=.3em><sprite=""input-useractions"" index=1></voffset></mspace> Attach the LPS-250 ""Transform"" stabilizers to the base of this rocket.","<mspace=20><voffset=.3em><sprite=""input-useractions"" index=1></voffset></mspace> Attach the LPS-250 ""Transform"" stabilizers to the base of this rocket.","<mspace=20><voffset=.3em><sprite=""input-useractions"" index=1></voffset></mspace> Attach the LPS-250 ""Transform"" stabilizers to the base of this rocket.","<mspace=20><voffset=.3em><sprite=""input-useractions"" index=1></voffset></mspace> Attach the LPS-250 ""Transform"" stabilizers to the base of this rocket.",,Localized
Tutorials/tutorial_4.3.24,Text,,"Okay, let's see how this rocket flies!
Don't forget to make sure that the staging order is correct!

<mspace=20><voffset=.3em><sprite=""input-useractions"" index=1></voffset></mspace> Press the Launch Button to place it on the launch pad.","Okay, let's see how this rocket flies!
Don't forget to make sure that the staging order is correct!

<mspace=20><voffset=.3em><sprite=""input-useractions"" index=1></voffset></mspace> Press the Launch Button to place it on the launch pad.","Bene, vediamo come vola questo razzo!
Non dimenticare di verificare che l'ordine degli stadi sia corretto!

<mspace=20><voffset=.3em><sprite=""input-useractions"" index=1></voffset></mspace> Premi il pulsante Lancio per posizionarlo sulla rampa di lancio.","Okay, let's see how this rocket flies!
Don't forget to make sure that the staging order is correct!

<mspace=20><voffset=.3em><sprite=""input-useractions"" index=1></voffset></mspace> Press the Launch Button to place it on the launch pad.","Okay, let's see how this rocket flies!
Don't forget to make sure that the staging order is correct!

<mspace=20><voffset=.3em><sprite=""input-useractions"" index=1></voffset></mspace> Press the Launch Button to place it on the launch pad.","Okay, let's see how this rocket flies!
Don't forget to make sure that the staging order is correct!

<mspace=20><voffset=.3em><sprite=""input-useractions"" index=1></voffset></mspace> Press the Launch Button to place it on the launch pad.","Okay, let's see how this rocket flies!
Don't forget to make sure that the staging order is correct!

<mspace=20><voffset=.3em><sprite=""input-useractions"" index=1></voffset></mspace> Press the Launch Button to place it on the launch pad.","Okay, let's see how this rocket flies!
Don't forget to make sure that the staging order is correct!

<mspace=20><voffset=.3em><sprite=""input-useractions"" index=1></voffset></mspace> Press the Launch Button to place it on the launch pad.","Okay, let's see how this rocket flies!
Don't forget to make sure that the staging order is correct!

<mspace=20><voffset=.3em><sprite=""input-useractions"" index=1></voffset></mspace> Press the Launch Button to place it on the launch pad.","好，来看看这枚火箭飞得怎么样！
别忘了检查分级顺序是否正确！

<mspace=20><voffset=.3em><sprite=""input-useractions"" index=1></voffset></mspace> 按下发射按钮将其放到发射台上。","Okay, let's see how this rocket flies!
Don't forget to make sure that the staging order is correct!

<mspace=20><voffset=.3em><sprite=""input-useractions"" index=1></voffset></mspace> Press the Launch Button to place it on the launch pad.","Okay, let's see how this rocket flies!
Don't forget to make sure that the staging order is correct!

<mspace=20><voffset=.3em><sprite=""input-useractions"" index=1></voffset></mspace> Press the Launch Button to place it on the launch pad.","Okay, let's see how this rocket flies!
Don't forget to make sure that the staging order is correct!

<mspace=20><voffset=.3em><sprite=""input-useractions"" index=1></voffset></mspace> Press the Launch Button to place it on the launch pad.","Okay, let's see how this rocket flies!
Don't forget to make sure that the staging order is correct!

<mspace=20><voffset=.3em><sprite=""input-useractions"" index=1></voffset></mspace> Press the Launch Button to place it on the launch pad.","Okay, let's see how this rocket flies!
Don't forget to make sure that the staging order is correct!

<mspace=20><voffset=.3em><sprite=""input-useractions"" index=1></voffset></mspace> Press the Launch Button to place it on the launch pad.","Okay, let's see how this rocket flies!
Don't forget to make sure that the staging order is correct!

<mspace=20><voffset=.3em><sprite=""input-useractions"" index=1></voffset></mspace> Press the Launch Button to place it on the launch pad.",,Localized
Tutorials/tutorial_4.3.25,Text,,"Before we launch, there's one more thing we can use to help us stabilize this rocket. 
Any rocket with a Part attached that holds Kerbals provides your vehicles with the latest in rocketry technology called <b><color=#FFA114><cspace=-.1>Stability Assist System</cspace></color></b> or <b><color=#FFA114><cspace=-.1>SAS</cspace></color></b> for short.


While active, <b><color=#FFA114><cspace=-.1>SAS</cspace></color></b> will assist you in keeping your rocket oriented in the direction it's heading, provided it's a stable rocket to begin with. Additionally, it enables you to select various orientations such as prograde, retrograde, etc.","Before we launch, there's one more thing we can use to help us stabilize this rocket. 
Any rocket with a Part attached that holds Kerbals provides your vehicles with the latest in rocketry technology called <b><color=#FFA114><cspace=-.1>Stability Assist System</cspace></color></b> or <b><color=#FFA114><cspace=-.1>SAS</cspace></color></b> for short.


While active, <b><color=#FFA114><cspace=-.1>SAS</cspace></color></b> will assist you in keeping your rocket oriented in the direction it's heading, provided it's a stable rocket to begin with. Additionally, it enables you to select various orientations such as prograde, retrograde, etc.","Prima del lancio, c'è un'ultima risorsa che possiamo usare per aiutarci a stabilizzare questo razzo.
Qualsiasi razzo dotato di un componente in grado di ospitare Kerbal fornisce ai tuoi veicoli la più recente tecnologia missilistica, chiamata <b><color=#FFA114><cspace=-.1>Sistema d'Assistenza alla Stabilità</cspace></color></b> o <b><color=#FFA114><cspace=-.1>SAS</cspace></color></b> in breve


Quando è attivo, il <b><color=#FFA114><cspace=-.1>SAS</cspace></color></b> ti aiuterà a mantenere il razzo orientato nella direzione in cui sta procedendo, a patto che il vettore sia già stabile di partenza. Inoltre, ti permette di selezionare vari assetti come prograde, retrograde, ecc","Before we launch, there's one more thing we can use to help us stabilize this rocket. 
Any rocket with a Part attached that holds Kerbals provides your vehicles with the latest in rocketry technology called <b><color=#FFA114><cspace=-.1>Stability Assist System</cspace></color></b> or <b><color=#FFA114><cspace=-.1>SAS</cspace></color></b> for short.


While active, <b><color=#FFA114><cspace=-.1>SAS</cspace></color></b> will assist you in keeping your rocket oriented in the direction it's heading, provided it's a stable rocket to begin with. Additionally, it enables you to select various orientations such as prograde, retrograde, etc.","Before we launch, there's one more thing we can use to help us stabilize this rocket. 
Any rocket with a Part attached that holds Kerbals provides your vehicles with the latest in rocketry technology called <b><color=#FFA114><cspace=-.1>Stability Assist System</cspace></color></b> or <b><color=#FFA114><cspace=-.1>SAS</cspace></color></b> for short.


While active, <b><color=#FFA114><cspace=-.1>SAS</cspace></color></b> will assist you in keeping your rocket oriented in the direction it's heading, provided it's a stable rocket to begin with. Additionally, it enables you to select various orientations such as prograde, retrograde, etc.","Before we launch, there's one more thing we can use to help us stabilize this rocket. 
Any rocket with a Part attached that holds Kerbals provides your vehicles with the latest in rocketry technology called <b><color=#FFA114><cspace=-.1>Stability Assist System</cspace></color></b> or <b><color=#FFA114><cspace=-.1>SAS</cspace></color></b> for short.


While active, <b><color=#FFA114><cspace=-.1>SAS</cspace></color></b> will assist you in keeping your rocket oriented in the direction it's heading, provided it's a stable rocket to begin with. Additionally, it enables you to select various orientations such as prograde, retrograde, etc.","Before we launch, there's one more thing we can use to help us stabilize this rocket. 
Any rocket with a Part attached that holds Kerbals provides your vehicles with the latest in rocketry technology called <b><color=#FFA114><cspace=-.1>Stability Assist System</cspace></color></b> or <b><color=#FFA114><cspace=-.1>SAS</cspace></color></b> for short.


While active, <b><color=#FFA114><cspace=-.1>SAS</cspace></color></b> will assist you in keeping your rocket oriented in the direction it's heading, provided it's a stable rocket to begin with. Additionally, it enables you to select various orientations such as prograde, retrograde, etc.","Before we launch, there's one more thing we can use to help us stabilize this rocket. 
Any rocket with a Part attached that holds Kerbals provides your vehicles with the latest in rocketry technology called <b><color=#FFA114><cspace=-.1>Stability Assist System</cspace></color></b> or <b><color=#FFA114><cspace=-.1>SAS</cspace></color></b> for short.


While active, <b><color=#FFA114><cspace=-.1>SAS</cspace></color></b> will assist you in keeping your rocket oriented in the direction it's heading, provided it's a stable rocket to begin with. Additionally, it enables you to select various orientations such as prograde, retrograde, etc.","Before we launch, there's one more thing we can use to help us stabilize this rocket. 
Any rocket with a Part attached that holds Kerbals provides your vehicles with the latest in rocketry technology called <b><color=#FFA114><cspace=-.1>Stability Assist System</cspace></color></b> or <b><color=#FFA114><cspace=-.1>SAS</cspace></color></b> for short.


While active, <b><color=#FFA114><cspace=-.1>SAS</cspace></color></b> will assist you in keeping your rocket oriented in the direction it's heading, provided it's a stable rocket to begin with. Additionally, it enables you to select various orientations such as prograde, retrograde, etc.","发射之前，我们还有一样东西可以帮助稳定这枚火箭。
任何带有搭载指令舱的火箭，都能为你的载具提供一项被称为<b><color=#FFA114><cspace=-.1>稳定辅助系统</cspace></color></b>（简称<b><color=#FFA114><cspace=-.1>SAS</cspace></color></b>）的最新技术。


启用后，<b><color=#FFA114><cspace=-.1>SAS</cspace></color></b>将帮助你保持火箭沿当前方向飞行，前提是它本身是一枚稳定的火箭。此外，它还能让你选择多种方向模式，例如顺向、逆向等。","Before we launch, there's one more thing we can use to help us stabilize this rocket. 
Any rocket with a Part attached that holds Kerbals provides your vehicles with the latest in rocketry technology called <b><color=#FFA114><cspace=-.1>Stability Assist System</cspace></color></b> or <b><color=#FFA114><cspace=-.1>SAS</cspace></color></b> for short.


While active, <b><color=#FFA114><cspace=-.1>SAS</cspace></color></b> will assist you in keeping your rocket oriented in the direction it's heading, provided it's a stable rocket to begin with. Additionally, it enables you to select various orientations such as prograde, retrograde, etc.","Before we launch, there's one more thing we can use to help us stabilize this rocket. 
Any rocket with a Part attached that holds Kerbals provides your vehicles with the latest in rocketry technology called <b><color=#FFA114><cspace=-.1>Stability Assist System</cspace></color></b> or <b><color=#FFA114><cspace=-.1>SAS</cspace></color></b> for short.


While active, <b><color=#FFA114><cspace=-.1>SAS</cspace></color></b> will assist you in keeping your rocket oriented in the direction it's heading, provided it's a stable rocket to begin with. Additionally, it enables you to select various orientations such as prograde, retrograde, etc.","Before we launch, there's one more thing we can use to help us stabilize this rocket. 
Any rocket with a Part attached that holds Kerbals provides your vehicles with the latest in rocketry technology called <b><color=#FFA114><cspace=-.1>Stability Assist System</cspace></color></b> or <b><color=#FFA114><cspace=-.1>SAS</cspace></color></b> for short.


While active, <b><color=#FFA114><cspace=-.1>SAS</cspace></color></b> will assist you in keeping your rocket oriented in the direction it's heading, provided it's a stable rocket to begin with. Additionally, it enables you to select various orientations such as prograde, retrograde, etc.","Before we launch, there's one more thing we can use to help us stabilize this rocket. 
Any rocket with a Part attached that holds Kerbals provides your vehicles with the latest in rocketry technology called <b><color=#FFA114><cspace=-.1>Stability Assist System</cspace></color></b> or <b><color=#FFA114><cspace=-.1>SAS</cspace></color></b> for short.


While active, <b><color=#FFA114><cspace=-.1>SAS</cspace></color></b> will assist you in keeping your rocket oriented in the direction it's heading, provided it's a stable rocket to begin with. Additionally, it enables you to select various orientations such as prograde, retrograde, etc.","Before we launch, there's one more thing we can use to help us stabilize this rocket. 
Any rocket with a Part attached that holds Kerbals provides your vehicles with the latest in rocketry technology called <b><color=#FFA114><cspace=-.1>Stability Assist System</cspace></color></b> or <b><color=#FFA114><cspace=-.1>SAS</cspace></color></b> for short.


While active, <b><color=#FFA114><cspace=-.1>SAS</cspace></color></b> will assist you in keeping your rocket oriented in the direction it's heading, provided it's a stable rocket to begin with. Additionally, it enables you to select various orientations such as prograde, retrograde, etc.","Before we launch, there's one more thing we can use to help us stabilize this rocket. 
Any rocket with a Part attached that holds Kerbals provides your vehicles with the latest in rocketry technology called <b><color=#FFA114><cspace=-.1>Stability Assist System</cspace></color></b> or <b><color=#FFA114><cspace=-.1>SAS</cspace></color></b> for short.


While active, <b><color=#FFA114><cspace=-.1>SAS</cspace></color></b> will assist you in keeping your rocket oriented in the direction it's heading, provided it's a stable rocket to begin with. Additionally, it enables you to select various orientations such as prograde, retrograde, etc.",,Localized
Tutorials/tutorial_4.3.26,Text,,"<b><color=#FFA114><cspace=-.1>SAS</cspace></color></b> defaults to the ON position so we don't have to do anything except be aware of it!

<mspace=20><voffset=.3em><sprite=""input-useractions"" index=1></voffset></mspace> Press the GO Button to launch this super-stable rocket!","<b><color=#FFA114><cspace=-.1>SAS</cspace></color></b> defaults to the ON position so we don't have to do anything except be aware of it!

<mspace=20><voffset=.3em><sprite=""input-useractions"" index=1></voffset></mspace> Press the GO Button to launch this super-stable rocket!","<b><color=#FFA114><cspace=-.1>SAS</cspace></color></b> è attivo di default, quindi non dobbiamo fare nulla se non esserne consapevoli!

<mspace=20><voffset=.3em><sprite=""input-useractions"" index=1></voffset></mspace> Premi il pulsante VAI per lanciare questo razzo super-stabile!","<b><color=#FFA114><cspace=-.1>SAS</cspace></color></b> defaults to the ON position so we don't have to do anything except be aware of it!

<mspace=20><voffset=.3em><sprite=""input-useractions"" index=1></voffset></mspace> Press the GO Button to launch this super-stable rocket!","<b><color=#FFA114><cspace=-.1>SAS</cspace></color></b> defaults to the ON position so we don't have to do anything except be aware of it!

<mspace=20><voffset=.3em><sprite=""input-useractions"" index=1></voffset></mspace> Press the GO Button to launch this super-stable rocket!","<b><color=#FFA114><cspace=-.1>SAS</cspace></color></b> defaults to the ON position so we don't have to do anything except be aware of it!

<mspace=20><voffset=.3em><sprite=""input-useractions"" index=1></voffset></mspace> Press the GO Button to launch this super-stable rocket!","<b><color=#FFA114><cspace=-.1>SAS</cspace></color></b> defaults to the ON position so we don't have to do anything except be aware of it!

<mspace=20><voffset=.3em><sprite=""input-useractions"" index=1></voffset></mspace> Press the GO Button to launch this super-stable rocket!","<b><color=#FFA114><cspace=-.1>SAS</cspace></color></b> defaults to the ON position so we don't have to do anything except be aware of it!

<mspace=20><voffset=.3em><sprite=""input-useractions"" index=1></voffset></mspace> Press the GO Button to launch this super-stable rocket!","<b><color=#FFA114><cspace=-.1>SAS</cspace></color></b> defaults to the ON position so we don't have to do anything except be aware of it!

<mspace=20><voffset=.3em><sprite=""input-useractions"" index=1></voffset></mspace> Press the GO Button to launch this super-stable rocket!","<b><color=#FFA114><cspace=-.1>稳定辅助系统</cspace></color></b>默认处于开启状态，所以我们除了知晓它之外不需要做任何操作！

<mspace=20><voffset=.3em><sprite=""input-useractions"" index=1></voffset></mspace> 按下启动分级按钮发射这枚超稳定的火箭！","<b><color=#FFA114><cspace=-.1>SAS</cspace></color></b> defaults to the ON position so we don't have to do anything except be aware of it!

<mspace=20><voffset=.3em><sprite=""input-useractions"" index=1></voffset></mspace> Press the GO Button to launch this super-stable rocket!","<b><color=#FFA114><cspace=-.1>SAS</cspace></color></b> defaults to the ON position so we don't have to do anything except be aware of it!

<mspace=20><voffset=.3em><sprite=""input-useractions"" index=1></voffset></mspace> Press the GO Button to launch this super-stable rocket!","<b><color=#FFA114><cspace=-.1>SAS</cspace></color></b> defaults to the ON position so we don't have to do anything except be aware of it!

<mspace=20><voffset=.3em><sprite=""input-useractions"" index=1></voffset></mspace> Press the GO Button to launch this super-stable rocket!","<b><color=#FFA114><cspace=-.1>SAS</cspace></color></b> defaults to the ON position so we don't have to do anything except be aware of it!

<mspace=20><voffset=.3em><sprite=""input-useractions"" index=1></voffset></mspace> Press the GO Button to launch this super-stable rocket!","<b><color=#FFA114><cspace=-.1>SAS</cspace></color></b> defaults to the ON position so we don't have to do anything except be aware of it!

<mspace=20><voffset=.3em><sprite=""input-useractions"" index=1></voffset></mspace> Press the GO Button to launch this super-stable rocket!","<b><color=#FFA114><cspace=-.1>SAS</cspace></color></b> defaults to the ON position so we don't have to do anything except be aware of it!

<mspace=20><voffset=.3em><sprite=""input-useractions"" index=1></voffset></mspace> Press the GO Button to launch this super-stable rocket!",,Localized
Tutorials/tutorial_4.3.28,Text,,"Nice and smooth! The taller rocket, the fins, and the <b><color=#FFA114><cspace=-.1>SAS</cspace></color></b> helped stabilize this rocket! 

Well done!","Nice and smooth! The taller rocket, the fins, and the <b><color=#FFA114><cspace=-.1>SAS</cspace></color></b> helped stabilize this rocket! 

Well done!","Liscio come l'olio! Il razzo più alto, le alette e i controlli <b><color=#FFA114><cspace=-.1>SAS</cspace></color></b> hanno aiutato a stabilizzare questo razzo!

Ottimo lavoro!","Nice and smooth! The taller rocket, the fins, and the <b><color=#FFA114><cspace=-.1>SAS</cspace></color></b> helped stabilize this rocket! 

Well done!","Nice and smooth! The taller rocket, the fins, and the <b><color=#FFA114><cspace=-.1>SAS</cspace></color></b> helped stabilize this rocket! 

Well done!","Nice and smooth! The taller rocket, the fins, and the <b><color=#FFA114><cspace=-.1>SAS</cspace></color></b> helped stabilize this rocket! 

Well done!","Nice and smooth! The taller rocket, the fins, and the <b><color=#FFA114><cspace=-.1>SAS</cspace></color></b> helped stabilize this rocket! 

Well done!","Nice and smooth! The taller rocket, the fins, and the <b><color=#FFA114><cspace=-.1>SAS</cspace></color></b> helped stabilize this rocket! 

Well done!","Nice and smooth! The taller rocket, the fins, and the <b><color=#FFA114><cspace=-.1>SAS</cspace></color></b> helped stabilize this rocket! 

Well done!","很顺利很平稳！更高大的火箭、稳定翼和<b><color=#FFA114><cspace=-.1>SAS</cspace></color></b>都帮助稳定了这枚火箭！

干得漂亮！","Nice and smooth! The taller rocket, the fins, and the <b><color=#FFA114><cspace=-.1>SAS</cspace></color></b> helped stabilize this rocket! 

Well done!","Nice and smooth! The taller rocket, the fins, and the <b><color=#FFA114><cspace=-.1>SAS</cspace></color></b> helped stabilize this rocket! 

Well done!","Nice and smooth! The taller rocket, the fins, and the <b><color=#FFA114><cspace=-.1>SAS</cspace></color></b> helped stabilize this rocket! 

Well done!","Nice and smooth! The taller rocket, the fins, and the <b><color=#FFA114><cspace=-.1>SAS</cspace></color></b> helped stabilize this rocket! 

Well done!","Nice and smooth! The taller rocket, the fins, and the <b><color=#FFA114><cspace=-.1>SAS</cspace></color></b> helped stabilize this rocket! 

Well done!","Nice and smooth! The taller rocket, the fins, and the <b><color=#FFA114><cspace=-.1>SAS</cspace></color></b> helped stabilize this rocket! 

Well done!",,Localized
Tutorials/tutorial_4.3.29,Text,,"Now that's a nice rocket!
Looks like you've showed the engineers how to make a proper rocket!","Now that's a nice rocket!
Looks like you've showed the engineers how to make a proper rocket!","Questo sì che è un bel razzo!
A quanto pare hai mostrato agli ingegneri come si costruisce un razzo fatto come si deve!","Now that's a nice rocket!
Looks like you've showed the engineers how to make a proper rocket!","Now that's a nice rocket!
Looks like you've showed the engineers how to make a proper rocket!","Now that's a nice rocket!
Looks like you've showed the engineers how to make a proper rocket!","Now that's a nice rocket!
Looks like you've showed the engineers how to make a proper rocket!","Now that's a nice rocket!
Looks like you've showed the engineers how to make a proper rocket!","Now that's a nice rocket!
Looks like you've showed the engineers how to make a proper rocket!","这才是一枚漂亮的火箭！
看来你已经向工程师们展示了如何造出一枚合格的火箭！","Now that's a nice rocket!
Looks like you've showed the engineers how to make a proper rocket!","Now that's a nice rocket!
Looks like you've showed the engineers how to make a proper rocket!","Now that's a nice rocket!
Looks like you've showed the engineers how to make a proper rocket!","Now that's a nice rocket!
Looks like you've showed the engineers how to make a proper rocket!","Now that's a nice rocket!
Looks like you've showed the engineers how to make a proper rocket!","Now that's a nice rocket!
Looks like you've showed the engineers how to make a proper rocket!",,Localized
Tutorials/tutorial_4.3.30,Text,,"Tutorial complete! You have learned:

<mspace=20><voffset=.3em><sprite=""input-useractions"" index=1></voffset></mspace> Shorter vehicles are prone to flipping more often.
<mspace=20><voffset=.3em><sprite=""input-useractions"" index=1></voffset></mspace> Fins are invaluable when it comes to stabilizing rockets.
<mspace=20><voffset=.3em><sprite=""input-useractions"" index=1></voffset></mspace> How to make stable rockets.","Tutorial complete! You have learned:

<mspace=20><voffset=.3em><sprite=""input-useractions"" index=1></voffset></mspace> Shorter vehicles are prone to flipping more often.
<mspace=20><voffset=.3em><sprite=""input-useractions"" index=1></voffset></mspace> Fins are invaluable when it comes to stabilizing rockets.
<mspace=20><voffset=.3em><sprite=""input-useractions"" index=1></voffset></mspace> How to make stable rockets.","Tutorial completato! Hai imparato:

<mspace=20><voffset=.3em><sprite=""input-useractions"" index=1></voffset></mspace> I veicoli più corti tendono a ribaltarsi più facilmente
<mspace=20><voffset=.3em><sprite=""input-useractions"" index=1></voffset></mspace> Le alette sono impagabili per stabilizzare i razzi
<mspace=20><voffset=.3em><sprite=""input-useractions"" index=1></voffset></mspace> Come costruire razzi stabili","Tutorial complete! You have learned:

<mspace=20><voffset=.3em><sprite=""input-useractions"" index=1></voffset></mspace> Shorter vehicles are prone to flipping more often.
<mspace=20><voffset=.3em><sprite=""input-useractions"" index=1></voffset></mspace> Fins are invaluable when it comes to stabilizing rockets.
<mspace=20><voffset=.3em><sprite=""input-useractions"" index=1></voffset></mspace> How to make stable rockets.","Tutorial complete! You have learned:

<mspace=20><voffset=.3em><sprite=""input-useractions"" index=1></voffset></mspace> Shorter vehicles are prone to flipping more often.
<mspace=20><voffset=.3em><sprite=""input-useractions"" index=1></voffset></mspace> Fins are invaluable when it comes to stabilizing rockets.
<mspace=20><voffset=.3em><sprite=""input-useractions"" index=1></voffset></mspace> How to make stable rockets.","Tutorial complete! You have learned:

<mspace=20><voffset=.3em><sprite=""input-useractions"" index=1></voffset></mspace> Shorter vehicles are prone to flipping more often.
<mspace=20><voffset=.3em><sprite=""input-useractions"" index=1></voffset></mspace> Fins are invaluable when it comes to stabilizing rockets.
<mspace=20><voffset=.3em><sprite=""input-useractions"" index=1></voffset></mspace> How to make stable rockets.","Tutorial complete! You have learned:

<mspace=20><voffset=.3em><sprite=""input-useractions"" index=1></voffset></mspace> Shorter vehicles are prone to flipping more often.
<mspace=20><voffset=.3em><sprite=""input-useractions"" index=1></voffset></mspace> Fins are invaluable when it comes to stabilizing rockets.
<mspace=20><voffset=.3em><sprite=""input-useractions"" index=1></voffset></mspace> How to make stable rockets.","Tutorial complete! You have learned:

<mspace=20><voffset=.3em><sprite=""input-useractions"" index=1></voffset></mspace> Shorter vehicles are prone to flipping more often.
<mspace=20><voffset=.3em><sprite=""input-useractions"" index=1></voffset></mspace> Fins are invaluable when it comes to stabilizing rockets.
<mspace=20><voffset=.3em><sprite=""input-useractions"" index=1></voffset></mspace> How to make stable rockets.","Tutorial complete! You have learned:

<mspace=20><voffset=.3em><sprite=""input-useractions"" index=1></voffset></mspace> Shorter vehicles are prone to flipping more often.
<mspace=20><voffset=.3em><sprite=""input-useractions"" index=1></voffset></mspace> Fins are invaluable when it comes to stabilizing rockets.
<mspace=20><voffset=.3em><sprite=""input-useractions"" index=1></voffset></mspace> How to make stable rockets.","教程完成！你学会了：

<mspace=20><voffset=.3em><sprite=""input-useractions"" index=1></voffset></mspace> 较短的航天器更容易翻转。
<mspace=20><voffset=.3em><sprite=""input-useractions"" index=1></voffset></mspace> 在稳定火箭方面，稳定翼不可或缺。
<mspace=20><voffset=.3em><sprite=""input-useractions"" index=1></voffset></mspace> 如何制造稳定的火箭。","Tutorial complete! You have learned:

<mspace=20><voffset=.3em><sprite=""input-useractions"" index=1></voffset></mspace> Shorter vehicles are prone to flipping more often.
<mspace=20><voffset=.3em><sprite=""input-useractions"" index=1></voffset></mspace> Fins are invaluable when it comes to stabilizing rockets.
<mspace=20><voffset=.3em><sprite=""input-useractions"" index=1></voffset></mspace> How to make stable rockets.","Tutorial complete! You have learned:

<mspace=20><voffset=.3em><sprite=""input-useractions"" index=1></voffset></mspace> Shorter vehicles are prone to flipping more often.
<mspace=20><voffset=.3em><sprite=""input-useractions"" index=1></voffset></mspace> Fins are invaluable when it comes to stabilizing rockets.
<mspace=20><voffset=.3em><sprite=""input-useractions"" index=1></voffset></mspace> How to make stable rockets.","Tutorial complete! You have learned:

<mspace=20><voffset=.3em><sprite=""input-useractions"" index=1></voffset></mspace> Shorter vehicles are prone to flipping more often.
<mspace=20><voffset=.3em><sprite=""input-useractions"" index=1></voffset></mspace> Fins are invaluable when it comes to stabilizing rockets.
<mspace=20><voffset=.3em><sprite=""input-useractions"" index=1></voffset></mspace> How to make stable rockets.","Tutorial complete! You have learned:

<mspace=20><voffset=.3em><sprite=""input-useractions"" index=1></voffset></mspace> Shorter vehicles are prone to flipping more often.
<mspace=20><voffset=.3em><sprite=""input-useractions"" index=1></voffset></mspace> Fins are invaluable when it comes to stabilizing rockets.
<mspace=20><voffset=.3em><sprite=""input-useractions"" index=1></voffset></mspace> How to make stable rockets.","Tutorial complete! You have learned:

<mspace=20><voffset=.3em><sprite=""input-useractions"" index=1></voffset></mspace> Shorter vehicles are prone to flipping more often.
<mspace=20><voffset=.3em><sprite=""input-useractions"" index=1></voffset></mspace> Fins are invaluable when it comes to stabilizing rockets.
<mspace=20><voffset=.3em><sprite=""input-useractions"" index=1></voffset></mspace> How to make stable rockets.","Tutorial complete! You have learned:

<mspace=20><voffset=.3em><sprite=""input-useractions"" index=1></voffset></mspace> Shorter vehicles are prone to flipping more often.
<mspace=20><voffset=.3em><sprite=""input-useractions"" index=1></voffset></mspace> Fins are invaluable when it comes to stabilizing rockets.
<mspace=20><voffset=.3em><sprite=""input-useractions"" index=1></voffset></mspace> How to make stable rockets.",,Localized
Tutorials/Lessons/Titles/Tutorial4/Probe Cores,Text,,Probe Cores,Probe Cores,Nuclei sonda,Probe Cores,Probe Cores,Probe Cores,Probe Cores,Probe Cores,Probe Cores,探测核心,Probe Cores,Probe Cores,Probe Cores,Probe Cores,Probe Cores,Probe Cores,,Localized
Tutorials/Lessons/Descriptions/Tutorial 4.5,Text,,Learn how and when to use a probe core for uncrewed missions.,Learn how and when to use a probe core for uncrewed missions.,Impara come usare i nuclei sonda per le missioni senza equipaggio,Learn how and when to use a probe core for uncrewed missions.,Learn how and when to use a probe core for uncrewed missions.,Learn how and when to use a probe core for uncrewed missions.,Learn how and when to use a probe core for uncrewed missions.,Learn how and when to use a probe core for uncrewed missions.,Learn how and when to use a probe core for uncrewed missions.,学习何时，如何在无人任务中使用探测核心。,Learn how and when to use a probe core for uncrewed missions.,Learn how and when to use a probe core for uncrewed missions.,Learn how and when to use a probe core for uncrewed missions.,Learn how and when to use a probe core for uncrewed missions.,Learn how and when to use a probe core for uncrewed missions.,Learn how and when to use a probe core for uncrewed missions.,,Localized
Tutorials/tutorial_4.5.1,Text,,"Did you know you don't have to send a Kerbal to space? 

You can send an uncrewed rocket! An uncrewed rocket is guided by a probe core that contains a computer that attempts to replicate the efforts of a Kerbal pilot.","Did you know you don't have to send a Kerbal to space? 

You can send an uncrewed rocket! An uncrewed rocket is guided by a probe core that contains a computer that attempts to replicate the efforts of a Kerbal pilot.","Sapevi che non devi per forza mandare un Kerbal nello spazio?

Puoi lanciare un razzo senza equipaggio! Un razzo senza equipaggio è guidato da un nucleo sonda contenente un computer che tenta di replicare il lavoro di un pilota Kerbal","Did you know you don't have to send a Kerbal to space? 

You can send an uncrewed rocket! An uncrewed rocket is guided by a probe core that contains a computer that attempts to replicate the efforts of a Kerbal pilot.","Did you know you don't have to send a Kerbal to space? 

You can send an uncrewed rocket! An uncrewed rocket is guided by a probe core that contains a computer that attempts to replicate the efforts of a Kerbal pilot.","Did you know you don't have to send a Kerbal to space? 

You can send an uncrewed rocket! An uncrewed rocket is guided by a probe core that contains a computer that attempts to replicate the efforts of a Kerbal pilot.","Did you know you don't have to send a Kerbal to space? 

You can send an uncrewed rocket! An uncrewed rocket is guided by a probe core that contains a computer that attempts to replicate the efforts of a Kerbal pilot.","Did you know you don't have to send a Kerbal to space? 

You can send an uncrewed rocket! An uncrewed rocket is guided by a probe core that contains a computer that attempts to replicate the efforts of a Kerbal pilot.","Did you know you don't have to send a Kerbal to space? 

You can send an uncrewed rocket! An uncrewed rocket is guided by a probe core that contains a computer that attempts to replicate the efforts of a Kerbal pilot.","你知道吗？你不必把坎巴拉人送入太空。

你可以发射无人火箭！无人火箭由探测核心引导，其中包含一台模拟坎巴拉飞行员操作的计算机。","Did you know you don't have to send a Kerbal to space? 

You can send an uncrewed rocket! An uncrewed rocket is guided by a probe core that contains a computer that attempts to replicate the efforts of a Kerbal pilot.","Did you know you don't have to send a Kerbal to space? 

You can send an uncrewed rocket! An uncrewed rocket is guided by a probe core that contains a computer that attempts to replicate the efforts of a Kerbal pilot.","Did you know you don't have to send a Kerbal to space? 

You can send an uncrewed rocket! An uncrewed rocket is guided by a probe core that contains a computer that attempts to replicate the efforts of a Kerbal pilot.","Did you know you don't have to send a Kerbal to space? 

You can send an uncrewed rocket! An uncrewed rocket is guided by a probe core that contains a computer that attempts to replicate the efforts of a Kerbal pilot.","Did you know you don't have to send a Kerbal to space? 

You can send an uncrewed rocket! An uncrewed rocket is guided by a probe core that contains a computer that attempts to replicate the efforts of a Kerbal pilot.","Did you know you don't have to send a Kerbal to space? 

You can send an uncrewed rocket! An uncrewed rocket is guided by a probe core that contains a computer that attempts to replicate the efforts of a Kerbal pilot.",,Localized
Tutorials/tutorial_4.5.2,Text,,"Let's make a small probe together that we will be able to attach to a rocket.

The plan is to attach the probe to a rocket, fly it to where we plan to release the probe, and then let it go to perform its task independently.

And we won't need any Kerbals on board because the rocket will be controlled by the probe itself!","Let's make a small probe together that we will be able to attach to a rocket.

The plan is to attach the probe to a rocket, fly it to where we plan to release the probe, and then let it go to perform its task independently.

And we won't need any Kerbals on board because the rocket will be controlled by the probe itself!","Costruiamo insieme una piccola sonda da agganciare a un razzo

Il piano è fissare la sonda a un razzo, portarla in volo fino al punto di rilascio previsto e poi sganciarla affinché svolga il suo compito in autonomia

Non avremo bisogno di alcun Kerbal a bordo, perché il razzo sarà controllato dalla sonda stessa!","Let's make a small probe together that we will be able to attach to a rocket.

The plan is to attach the probe to a rocket, fly it to where we plan to release the probe, and then let it go to perform its task independently.

And we won't need any Kerbals on board because the rocket will be controlled by the probe itself!","Let's make a small probe together that we will be able to attach to a rocket.

The plan is to attach the probe to a rocket, fly it to where we plan to release the probe, and then let it go to perform its task independently.

And we won't need any Kerbals on board because the rocket will be controlled by the probe itself!","Let's make a small probe together that we will be able to attach to a rocket.

The plan is to attach the probe to a rocket, fly it to where we plan to release the probe, and then let it go to perform its task independently.

And we won't need any Kerbals on board because the rocket will be controlled by the probe itself!","Let's make a small probe together that we will be able to attach to a rocket.

The plan is to attach the probe to a rocket, fly it to where we plan to release the probe, and then let it go to perform its task independently.

And we won't need any Kerbals on board because the rocket will be controlled by the probe itself!","Let's make a small probe together that we will be able to attach to a rocket.

The plan is to attach the probe to a rocket, fly it to where we plan to release the probe, and then let it go to perform its task independently.

And we won't need any Kerbals on board because the rocket will be controlled by the probe itself!","Let's make a small probe together that we will be able to attach to a rocket.

The plan is to attach the probe to a rocket, fly it to where we plan to release the probe, and then let it go to perform its task independently.

And we won't need any Kerbals on board because the rocket will be controlled by the probe itself!","来一起制作一个小型探测器，然后把它安装到火箭上。

计划是将探测器安装到火箭上，飞到我们计划释放探测器的位置，然后让它脱离火箭，独立执行任务。

而且我们不需要任何坎巴拉人在船上，因为火箭将由探测器本身来控制！","Let's make a small probe together that we will be able to attach to a rocket.

The plan is to attach the probe to a rocket, fly it to where we plan to release the probe, and then let it go to perform its task independently.

And we won't need any Kerbals on board because the rocket will be controlled by the probe itself!","Let's make a small probe together that we will be able to attach to a rocket.

The plan is to attach the probe to a rocket, fly it to where we plan to release the probe, and then let it go to perform its task independently.

And we won't need any Kerbals on board because the rocket will be controlled by the probe itself!","Let's make a small probe together that we will be able to attach to a rocket.

The plan is to attach the probe to a rocket, fly it to where we plan to release the probe, and then let it go to perform its task independently.

And we won't need any Kerbals on board because the rocket will be controlled by the probe itself!","Let's make a small probe together that we will be able to attach to a rocket.

The plan is to attach the probe to a rocket, fly it to where we plan to release the probe, and then let it go to perform its task independently.

And we won't need any Kerbals on board because the rocket will be controlled by the probe itself!","Let's make a small probe together that we will be able to attach to a rocket.

The plan is to attach the probe to a rocket, fly it to where we plan to release the probe, and then let it go to perform its task independently.

And we won't need any Kerbals on board because the rocket will be controlled by the probe itself!","Let's make a small probe together that we will be able to attach to a rocket.

The plan is to attach the probe to a rocket, fly it to where we plan to release the probe, and then let it go to perform its task independently.

And we won't need any Kerbals on board because the rocket will be controlled by the probe itself!",,Localized
Tutorials/tutorial_4.5.3,Text,,"First, we need a probe core (also called a ""Remote Guidance Unit"" in the Part Picker menu) that will control our rocket.
You can think of it as a robotic pilot!

<mspace=20><voffset=.3em><sprite=""input-useractions"" index=1></voffset></mspace> Select the Command Pod category in the Part Picker menu.","First, we need a probe core (also called a ""Remote Guidance Unit"" in the Part Picker menu) that will control our rocket.
You can think of it as a robotic pilot!

<mspace=20><voffset=.3em><sprite=""input-useractions"" index=1></voffset></mspace> Select the Command Pod category in the Part Picker menu.","Per prima cosa ci serve un nucleo sonda (chiamato anche ""Unità di guida remota"" nel menu Selezionatore Parti) che controllerà il nostro razzo
Puoi immaginarlo come un pilota robotico!

<mspace=20><voffset=.3em><sprite=""input-useractions"" index=1></voffset></mspace> Seleziona la categoria Moduli di comando nel menu Selezionatore Parti","First, we need a probe core (also called a ""Remote Guidance Unit"" in the Part Picker menu) that will control our rocket.
You can think of it as a robotic pilot!

<mspace=20><voffset=.3em><sprite=""input-useractions"" index=1></voffset></mspace> Select the Command Pod category in the Part Picker menu.","First, we need a probe core (also called a ""Remote Guidance Unit"" in the Part Picker menu) that will control our rocket.
You can think of it as a robotic pilot!

<mspace=20><voffset=.3em><sprite=""input-useractions"" index=1></voffset></mspace> Select the Command Pod category in the Part Picker menu.","First, we need a probe core (also called a ""Remote Guidance Unit"" in the Part Picker menu) that will control our rocket.
You can think of it as a robotic pilot!

<mspace=20><voffset=.3em><sprite=""input-useractions"" index=1></voffset></mspace> Select the Command Pod category in the Part Picker menu.","First, we need a probe core (also called a ""Remote Guidance Unit"" in the Part Picker menu) that will control our rocket.
You can think of it as a robotic pilot!

<mspace=20><voffset=.3em><sprite=""input-useractions"" index=1></voffset></mspace> Select the Command Pod category in the Part Picker menu.","First, we need a probe core (also called a ""Remote Guidance Unit"" in the Part Picker menu) that will control our rocket.
You can think of it as a robotic pilot!

<mspace=20><voffset=.3em><sprite=""input-useractions"" index=1></voffset></mspace> Select the Command Pod category in the Part Picker menu.","First, we need a probe core (also called a ""Remote Guidance Unit"" in the Part Picker menu) that will control our rocket.
You can think of it as a robotic pilot!

<mspace=20><voffset=.3em><sprite=""input-useractions"" index=1></voffset></mspace> Select the Command Pod category in the Part Picker menu.","首先，我们需要一个探测核心（在部件菜单中也称为“远程控制单元”），它将控制我们的火箭。
你可以把它想象成一个机器人飞行员！

<mspace=20><voffset=.3em><sprite=""input-useractions"" index=1></voffset></mspace> 在部件选取器菜单中选择指令舱类别。","First, we need a probe core (also called a ""Remote Guidance Unit"" in the Part Picker menu) that will control our rocket.
You can think of it as a robotic pilot!

<mspace=20><voffset=.3em><sprite=""input-useractions"" index=1></voffset></mspace> Select the Command Pod category in the Part Picker menu.","First, we need a probe core (also called a ""Remote Guidance Unit"" in the Part Picker menu) that will control our rocket.
You can think of it as a robotic pilot!

<mspace=20><voffset=.3em><sprite=""input-useractions"" index=1></voffset></mspace> Select the Command Pod category in the Part Picker menu.","First, we need a probe core (also called a ""Remote Guidance Unit"" in the Part Picker menu) that will control our rocket.
You can think of it as a robotic pilot!

<mspace=20><voffset=.3em><sprite=""input-useractions"" index=1></voffset></mspace> Select the Command Pod category in the Part Picker menu.","First, we need a probe core (also called a ""Remote Guidance Unit"" in the Part Picker menu) that will control our rocket.
You can think of it as a robotic pilot!

<mspace=20><voffset=.3em><sprite=""input-useractions"" index=1></voffset></mspace> Select the Command Pod category in the Part Picker menu.","First, we need a probe core (also called a ""Remote Guidance Unit"" in the Part Picker menu) that will control our rocket.
You can think of it as a robotic pilot!

<mspace=20><voffset=.3em><sprite=""input-useractions"" index=1></voffset></mspace> Select the Command Pod category in the Part Picker menu.","First, we need a probe core (also called a ""Remote Guidance Unit"" in the Part Picker menu) that will control our rocket.
You can think of it as a robotic pilot!

<mspace=20><voffset=.3em><sprite=""input-useractions"" index=1></voffset></mspace> Select the Command Pod category in the Part Picker menu.",,Localized
Tutorials/tutorial_4.5.4,Text,,"<mspace=20><voffset=.3em><sprite=""input-useractions"" index=1></voffset></mspace> Select the OKTAVA Probe Core to automatically place it in the VAB.","<mspace=20><voffset=.3em><sprite=""input-useractions"" index=1></voffset></mspace> Select the OKTAVA Probe Core to automatically place it in the VAB.","<mspace=20><voffset=.3em><sprite=""input-useractions"" index=1></voffset></mspace> Seleziona il nucleo sonda OKTAVA per posizionarlo automaticamente nell'EAV","<mspace=20><voffset=.3em><sprite=""input-useractions"" index=1></voffset></mspace> Select the OKTAVA Probe Core to automatically place it in the VAB.","<mspace=20><voffset=.3em><sprite=""input-useractions"" index=1></voffset></mspace> Select the OKTAVA Probe Core to automatically place it in the VAB.","<mspace=20><voffset=.3em><sprite=""input-useractions"" index=1></voffset></mspace> Select the OKTAVA Probe Core to automatically place it in the VAB.","<mspace=20><voffset=.3em><sprite=""input-useractions"" index=1></voffset></mspace> Select the OKTAVA Probe Core to automatically place it in the VAB.","<mspace=20><voffset=.3em><sprite=""input-useractions"" index=1></voffset></mspace> Select the OKTAVA Probe Core to automatically place it in the VAB.","<mspace=20><voffset=.3em><sprite=""input-useractions"" index=1></voffset></mspace> Select the OKTAVA Probe Core to automatically place it in the VAB.","<mspace=20><voffset=.3em><sprite=""input-useractions"" index=1></voffset></mspace> 选择八音盒探测核心以自动将其放置在VAB中。","<mspace=20><voffset=.3em><sprite=""input-useractions"" index=1></voffset></mspace> Select the OKTAVA Probe Core to automatically place it in the VAB.","<mspace=20><voffset=.3em><sprite=""input-useractions"" index=1></voffset></mspace> Select the OKTAVA Probe Core to automatically place it in the VAB.","<mspace=20><voffset=.3em><sprite=""input-useractions"" index=1></voffset></mspace> Select the OKTAVA Probe Core to automatically place it in the VAB.","<mspace=20><voffset=.3em><sprite=""input-useractions"" index=1></voffset></mspace> Select the OKTAVA Probe Core to automatically place it in the VAB.","<mspace=20><voffset=.3em><sprite=""input-useractions"" index=1></voffset></mspace> Select the OKTAVA Probe Core to automatically place it in the VAB.","<mspace=20><voffset=.3em><sprite=""input-useractions"" index=1></voffset></mspace> Select the OKTAVA Probe Core to automatically place it in the VAB.",,Localized
Tutorials/tutorial_4.5.5,Text,,"Since we aren't sending a Kerbal, we don't need the probe to come back to Kerbin because we'll be transmitting any data we find with an antenna!

<mspace=20><voffset=.3em><sprite=""input-useractions"" index=1></voffset></mspace> Select the Communications category in the Parts Picker menu.","Since we aren't sending a Kerbal, we don't need the probe to come back to Kerbin because we'll be transmitting any data we find with an antenna!

<mspace=20><voffset=.3em><sprite=""input-useractions"" index=1></voffset></mspace> Select the Communications category in the Parts Picker menu.","Dato che non invieremo Kerbal, non serve che la sonda rientri su Kerbin: trasmetteremo tutti i dati raccolti tramite un'antenna!

<mspace=20><voffset=.3em><sprite=""input-useractions"" index=1></voffset></mspace> Seleziona la categoria Comunicazioni nel menu Selezionatore Parti","Since we aren't sending a Kerbal, we don't need the probe to come back to Kerbin because we'll be transmitting any data we find with an antenna!

<mspace=20><voffset=.3em><sprite=""input-useractions"" index=1></voffset></mspace> Select the Communications category in the Parts Picker menu.","Since we aren't sending a Kerbal, we don't need the probe to come back to Kerbin because we'll be transmitting any data we find with an antenna!

<mspace=20><voffset=.3em><sprite=""input-useractions"" index=1></voffset></mspace> Select the Communications category in the Parts Picker menu.","Since we aren't sending a Kerbal, we don't need the probe to come back to Kerbin because we'll be transmitting any data we find with an antenna!

<mspace=20><voffset=.3em><sprite=""input-useractions"" index=1></voffset></mspace> Select the Communications category in the Parts Picker menu.","Since we aren't sending a Kerbal, we don't need the probe to come back to Kerbin because we'll be transmitting any data we find with an antenna!

<mspace=20><voffset=.3em><sprite=""input-useractions"" index=1></voffset></mspace> Select the Communications category in the Parts Picker menu.","Since we aren't sending a Kerbal, we don't need the probe to come back to Kerbin because we'll be transmitting any data we find with an antenna!

<mspace=20><voffset=.3em><sprite=""input-useractions"" index=1></voffset></mspace> Select the Communications category in the Parts Picker menu.","Since we aren't sending a Kerbal, we don't need the probe to come back to Kerbin because we'll be transmitting any data we find with an antenna!

<mspace=20><voffset=.3em><sprite=""input-useractions"" index=1></voffset></mspace> Select the Communications category in the Parts Picker menu.","既然我们不送坎巴拉人上去，就不需要让探测器返回Kerbin了，因为我们可以用天线传输找到的任何数据！

<mspace=20><voffset=.3em><sprite=""input-useractions"" index=1></voffset></mspace> 在部件菜单中选择通信类别。","Since we aren't sending a Kerbal, we don't need the probe to come back to Kerbin because we'll be transmitting any data we find with an antenna!

<mspace=20><voffset=.3em><sprite=""input-useractions"" index=1></voffset></mspace> Select the Communications category in the Parts Picker menu.","Since we aren't sending a Kerbal, we don't need the probe to come back to Kerbin because we'll be transmitting any data we find with an antenna!

<mspace=20><voffset=.3em><sprite=""input-useractions"" index=1></voffset></mspace> Select the Communications category in the Parts Picker menu.","Since we aren't sending a Kerbal, we don't need the probe to come back to Kerbin because we'll be transmitting any data we find with an antenna!

<mspace=20><voffset=.3em><sprite=""input-useractions"" index=1></voffset></mspace> Select the Communications category in the Parts Picker menu.","Since we aren't sending a Kerbal, we don't need the probe to come back to Kerbin because we'll be transmitting any data we find with an antenna!

<mspace=20><voffset=.3em><sprite=""input-useractions"" index=1></voffset></mspace> Select the Communications category in the Parts Picker menu.","Since we aren't sending a Kerbal, we don't need the probe to come back to Kerbin because we'll be transmitting any data we find with an antenna!

<mspace=20><voffset=.3em><sprite=""input-useractions"" index=1></voffset></mspace> Select the Communications category in the Parts Picker menu.","Since we aren't sending a Kerbal, we don't need the probe to come back to Kerbin because we'll be transmitting any data we find with an antenna!

<mspace=20><voffset=.3em><sprite=""input-useractions"" index=1></voffset></mspace> Select the Communications category in the Parts Picker menu.",,Localized
Tutorials/tutorial_4.5.6,Text,,"For that probe, we'll use an antenna that can contact Kerbin from Duna or Eve.

The Communotron HG-55 is perfect for that. It's even retractable, so it won't be damaged during lift-off!

<mspace=20><voffset=.3em><sprite=""input-useractions"" index=1></voffset></mspace> Select the Communotron HG-55 in the Parts Picker menu.","For that probe, we'll use an antenna that can contact Kerbin from Duna or Eve.

The Communotron HG-55 is perfect for that. It's even retractable, so it won't be damaged during lift-off!

<mspace=20><voffset=.3em><sprite=""input-useractions"" index=1></voffset></mspace> Select the Communotron HG-55 in the Parts Picker menu.","Per quella sonda useremo un'antenna in grado di comunicare con Kerbin da Duna o Eve

La Communotron HG-55 è perfetta per questo scopo. È persino retrattile, così non subirà danni durante il decollo!

<mspace=20><voffset=.3em><sprite=""input-useractions"" index=1></voffset></mspace> Seleziona la Communotron HG-55 nel menu Selezionatore Parti","For that probe, we'll use an antenna that can contact Kerbin from Duna or Eve.

The Communotron HG-55 is perfect for that. It's even retractable, so it won't be damaged during lift-off!

<mspace=20><voffset=.3em><sprite=""input-useractions"" index=1></voffset></mspace> Select the Communotron HG-55 in the Parts Picker menu.","For that probe, we'll use an antenna that can contact Kerbin from Duna or Eve.

The Communotron HG-55 is perfect for that. It's even retractable, so it won't be damaged during lift-off!

<mspace=20><voffset=.3em><sprite=""input-useractions"" index=1></voffset></mspace> Select the Communotron HG-55 in the Parts Picker menu.","For that probe, we'll use an antenna that can contact Kerbin from Duna or Eve.

The Communotron HG-55 is perfect for that. It's even retractable, so it won't be damaged during lift-off!

<mspace=20><voffset=.3em><sprite=""input-useractions"" index=1></voffset></mspace> Select the Communotron HG-55 in the Parts Picker menu.","For that probe, we'll use an antenna that can contact Kerbin from Duna or Eve.

The Communotron HG-55 is perfect for that. It's even retractable, so it won't be damaged during lift-off!

<mspace=20><voffset=.3em><sprite=""input-useractions"" index=1></voffset></mspace> Select the Communotron HG-55 in the Parts Picker menu.","For that probe, we'll use an antenna that can contact Kerbin from Duna or Eve.

The Communotron HG-55 is perfect for that. It's even retractable, so it won't be damaged during lift-off!

<mspace=20><voffset=.3em><sprite=""input-useractions"" index=1></voffset></mspace> Select the Communotron HG-55 in the Parts Picker menu.","For that probe, we'll use an antenna that can contact Kerbin from Duna or Eve.

The Communotron HG-55 is perfect for that. It's even retractable, so it won't be damaged during lift-off!

<mspace=20><voffset=.3em><sprite=""input-useractions"" index=1></voffset></mspace> Select the Communotron HG-55 in the Parts Picker menu.","对于那个探测器，我们将使用一种能从Duna或Eve与Kerbin联系的天线。

通信者HG-55非常适合这个任务。它甚至还是可伸缩的，所以在发射过程中不会受损！

<mspace=20><voffset=.3em><sprite=""input-useractions"" index=1></voffset></mspace> 在部件菜单中选择通信者HG-55。","For that probe, we'll use an antenna that can contact Kerbin from Duna or Eve.

The Communotron HG-55 is perfect for that. It's even retractable, so it won't be damaged during lift-off!

<mspace=20><voffset=.3em><sprite=""input-useractions"" index=1></voffset></mspace> Select the Communotron HG-55 in the Parts Picker menu.","For that probe, we'll use an antenna that can contact Kerbin from Duna or Eve.

The Communotron HG-55 is perfect for that. It's even retractable, so it won't be damaged during lift-off!

<mspace=20><voffset=.3em><sprite=""input-useractions"" index=1></voffset></mspace> Select the Communotron HG-55 in the Parts Picker menu.","For that probe, we'll use an antenna that can contact Kerbin from Duna or Eve.

The Communotron HG-55 is perfect for that. It's even retractable, so it won't be damaged during lift-off!

<mspace=20><voffset=.3em><sprite=""input-useractions"" index=1></voffset></mspace> Select the Communotron HG-55 in the Parts Picker menu.","For that probe, we'll use an antenna that can contact Kerbin from Duna or Eve.

The Communotron HG-55 is perfect for that. It's even retractable, so it won't be damaged during lift-off!

<mspace=20><voffset=.3em><sprite=""input-useractions"" index=1></voffset></mspace> Select the Communotron HG-55 in the Parts Picker menu.","For that probe, we'll use an antenna that can contact Kerbin from Duna or Eve.

The Communotron HG-55 is perfect for that. It's even retractable, so it won't be damaged during lift-off!

<mspace=20><voffset=.3em><sprite=""input-useractions"" index=1></voffset></mspace> Select the Communotron HG-55 in the Parts Picker menu.","For that probe, we'll use an antenna that can contact Kerbin from Duna or Eve.

The Communotron HG-55 is perfect for that. It's even retractable, so it won't be damaged during lift-off!

<mspace=20><voffset=.3em><sprite=""input-useractions"" index=1></voffset></mspace> Select the Communotron HG-55 in the Parts Picker menu.",,Localized
Tutorials/tutorial_4.5.7,Text,,"We'll be decoupling all parts of this rocket except for the probe core itself, so we want to make sure the antenna is attached to it rather than another part of the rocket.

<mspace=20><voffset=.3em><sprite=""input-useractions"" index=1></voffset></mspace> Attach the Communotron HG-55 Antenna to the probe core.","We'll be decoupling all parts of this rocket except for the probe core itself, so we want to make sure the antenna is attached to it rather than another part of the rocket.

<mspace=20><voffset=.3em><sprite=""input-useractions"" index=1></voffset></mspace> Attach the Communotron HG-55 Antenna to the probe core.","Disaccoppieremo tutte le parti di questo razzo tranne il nucleo sonda stesso, quindi dobbiamo assicurarci che l'antenna sia fissata ad esso anziché a un altro componente del razzo

<mspace=20><voffset=.3em><sprite=""input-useractions"" index=1></voffset></mspace> Fissa l'antenna Communotron HG-55 al nucleo sonda","We'll be decoupling all parts of this rocket except for the probe core itself, so we want to make sure the antenna is attached to it rather than another part of the rocket.

<mspace=20><voffset=.3em><sprite=""input-useractions"" index=1></voffset></mspace> Attach the Communotron HG-55 Antenna to the probe core.","We'll be decoupling all parts of this rocket except for the probe core itself, so we want to make sure the antenna is attached to it rather than another part of the rocket.

<mspace=20><voffset=.3em><sprite=""input-useractions"" index=1></voffset></mspace> Attach the Communotron HG-55 Antenna to the probe core.","We'll be decoupling all parts of this rocket except for the probe core itself, so we want to make sure the antenna is attached to it rather than another part of the rocket.

<mspace=20><voffset=.3em><sprite=""input-useractions"" index=1></voffset></mspace> Attach the Communotron HG-55 Antenna to the probe core.","We'll be decoupling all parts of this rocket except for the probe core itself, so we want to make sure the antenna is attached to it rather than another part of the rocket.

<mspace=20><voffset=.3em><sprite=""input-useractions"" index=1></voffset></mspace> Attach the Communotron HG-55 Antenna to the probe core.","We'll be decoupling all parts of this rocket except for the probe core itself, so we want to make sure the antenna is attached to it rather than another part of the rocket.

<mspace=20><voffset=.3em><sprite=""input-useractions"" index=1></voffset></mspace> Attach the Communotron HG-55 Antenna to the probe core.","We'll be decoupling all parts of this rocket except for the probe core itself, so we want to make sure the antenna is attached to it rather than another part of the rocket.

<mspace=20><voffset=.3em><sprite=""input-useractions"" index=1></voffset></mspace> Attach the Communotron HG-55 Antenna to the probe core.","我们要分离火箭的所有部件，只留下探测核心本身，因此要确保天线安装在探测核心上，而不是火箭的其他部分。

<mspace=20><voffset=.3em><sprite=""input-useractions"" index=1></voffset></mspace> 将通信者HG-55天线安装到探测核心上。","We'll be decoupling all parts of this rocket except for the probe core itself, so we want to make sure the antenna is attached to it rather than another part of the rocket.

<mspace=20><voffset=.3em><sprite=""input-useractions"" index=1></voffset></mspace> Attach the Communotron HG-55 Antenna to the probe core.","We'll be decoupling all parts of this rocket except for the probe core itself, so we want to make sure the antenna is attached to it rather than another part of the rocket.

<mspace=20><voffset=.3em><sprite=""input-useractions"" index=1></voffset></mspace> Attach the Communotron HG-55 Antenna to the probe core.","We'll be decoupling all parts of this rocket except for the probe core itself, so we want to make sure the antenna is attached to it rather than another part of the rocket.

<mspace=20><voffset=.3em><sprite=""input-useractions"" index=1></voffset></mspace> Attach the Communotron HG-55 Antenna to the probe core.","We'll be decoupling all parts of this rocket except for the probe core itself, so we want to make sure the antenna is attached to it rather than another part of the rocket.

<mspace=20><voffset=.3em><sprite=""input-useractions"" index=1></voffset></mspace> Attach the Communotron HG-55 Antenna to the probe core.","We'll be decoupling all parts of this rocket except for the probe core itself, so we want to make sure the antenna is attached to it rather than another part of the rocket.

<mspace=20><voffset=.3em><sprite=""input-useractions"" index=1></voffset></mspace> Attach the Communotron HG-55 Antenna to the probe core.","We'll be decoupling all parts of this rocket except for the probe core itself, so we want to make sure the antenna is attached to it rather than another part of the rocket.

<mspace=20><voffset=.3em><sprite=""input-useractions"" index=1></voffset></mspace> Attach the Communotron HG-55 Antenna to the probe core.",,Localized
Tutorials/tutorial_4.5.8,Text,,"To power our probe, we will need a way to produce energy, 
and for a probe like this, solar energy will be perfect!","To power our probe, we will need a way to produce energy, 
and for a probe like this, solar energy will be perfect!","Per alimentare la nostra sonda abbiamo bisogno di produrre energia...
e per una sonda come questa l'energia solare sarà perfetta!","To power our probe, we will need a way to produce energy, 
and for a probe like this, solar energy will be perfect!","To power our probe, we will need a way to produce energy, 
and for a probe like this, solar energy will be perfect!","To power our probe, we will need a way to produce energy, 
and for a probe like this, solar energy will be perfect!","To power our probe, we will need a way to produce energy, 
and for a probe like this, solar energy will be perfect!","To power our probe, we will need a way to produce energy, 
and for a probe like this, solar energy will be perfect!","To power our probe, we will need a way to produce energy, 
and for a probe like this, solar energy will be perfect!","为了给我们的探测器供电，我们需要一个补充能源的方法，
而对于这样的探测器，太阳能将是完美的！","To power our probe, we will need a way to produce energy, 
and for a probe like this, solar energy will be perfect!","To power our probe, we will need a way to produce energy, 
and for a probe like this, solar energy will be perfect!","To power our probe, we will need a way to produce energy, 
and for a probe like this, solar energy will be perfect!","To power our probe, we will need a way to produce energy, 
and for a probe like this, solar energy will be perfect!","To power our probe, we will need a way to produce energy, 
and for a probe like this, solar energy will be perfect!","To power our probe, we will need a way to produce energy, 
and for a probe like this, solar energy will be perfect!",,Localized
Tutorials/tutorial_4.5.9,Text,,"It would be best to have 2 batteries and 2 solar panels, so that our probe is symmetrical and balanced.

To make sure it's symmetrical, click on the symmetry mode button and select the 2x symmetry mode!

<mspace=20><voffset=.3em><sprite=""input-useractions"" index=1></voffset></mspace> Choose 2x symmetry. ","It would be best to have 2 batteries and 2 solar panels, so that our probe is symmetrical and balanced.

To make sure it's symmetrical, click on the symmetry mode button and select the 2x symmetry mode!

<mspace=20><voffset=.3em><sprite=""input-useractions"" index=1></voffset></mspace> Choose 2x symmetry. ","La cosa migliore sarebbe avere 2 batterie e 2 pannelli solari, così che la nostra sonda sia simmetrica e bilanciata

Per assicurarti che sia simmetrica, fai clic sul pulsante della modalità Simmetria e seleziona la simmetria 2x!

<mspace=20><voffset=.3em><sprite=""input-useractions"" index=1></voffset></mspace> Scegli la simmetria 2x ","It would be best to have 2 batteries and 2 solar panels, so that our probe is symmetrical and balanced.

To make sure it's symmetrical, click on the symmetry mode button and select the 2x symmetry mode!

<mspace=20><voffset=.3em><sprite=""input-useractions"" index=1></voffset></mspace> Choose 2x symmetry. ","It would be best to have 2 batteries and 2 solar panels, so that our probe is symmetrical and balanced.

To make sure it's symmetrical, click on the symmetry mode button and select the 2x symmetry mode!

<mspace=20><voffset=.3em><sprite=""input-useractions"" index=1></voffset></mspace> Choose 2x symmetry. ","It would be best to have 2 batteries and 2 solar panels, so that our probe is symmetrical and balanced.

To make sure it's symmetrical, click on the symmetry mode button and select the 2x symmetry mode!

<mspace=20><voffset=.3em><sprite=""input-useractions"" index=1></voffset></mspace> Choose 2x symmetry. ","It would be best to have 2 batteries and 2 solar panels, so that our probe is symmetrical and balanced.

To make sure it's symmetrical, click on the symmetry mode button and select the 2x symmetry mode!

<mspace=20><voffset=.3em><sprite=""input-useractions"" index=1></voffset></mspace> Choose 2x symmetry. ","It would be best to have 2 batteries and 2 solar panels, so that our probe is symmetrical and balanced.

To make sure it's symmetrical, click on the symmetry mode button and select the 2x symmetry mode!

<mspace=20><voffset=.3em><sprite=""input-useractions"" index=1></voffset></mspace> Choose 2x symmetry. ","It would be best to have 2 batteries and 2 solar panels, so that our probe is symmetrical and balanced.

To make sure it's symmetrical, click on the symmetry mode button and select the 2x symmetry mode!

<mspace=20><voffset=.3em><sprite=""input-useractions"" index=1></voffset></mspace> Choose 2x symmetry. ","最好配备2个电池和2个太阳能板，这样我们的探测器就是对称且平衡的。

为确保对称，点击对称模式按钮并选择2x对称模式！

<mspace=20><voffset=.3em><sprite=""input-useractions"" index=1></voffset></mspace> 选择2x对称。 ","It would be best to have 2 batteries and 2 solar panels, so that our probe is symmetrical and balanced.

To make sure it's symmetrical, click on the symmetry mode button and select the 2x symmetry mode!

<mspace=20><voffset=.3em><sprite=""input-useractions"" index=1></voffset></mspace> Choose 2x symmetry. ","It would be best to have 2 batteries and 2 solar panels, so that our probe is symmetrical and balanced.

To make sure it's symmetrical, click on the symmetry mode button and select the 2x symmetry mode!

<mspace=20><voffset=.3em><sprite=""input-useractions"" index=1></voffset></mspace> Choose 2x symmetry. ","It would be best to have 2 batteries and 2 solar panels, so that our probe is symmetrical and balanced.

To make sure it's symmetrical, click on the symmetry mode button and select the 2x symmetry mode!

<mspace=20><voffset=.3em><sprite=""input-useractions"" index=1></voffset></mspace> Choose 2x symmetry. ","It would be best to have 2 batteries and 2 solar panels, so that our probe is symmetrical and balanced.

To make sure it's symmetrical, click on the symmetry mode button and select the 2x symmetry mode!

<mspace=20><voffset=.3em><sprite=""input-useractions"" index=1></voffset></mspace> Choose 2x symmetry. ","It would be best to have 2 batteries and 2 solar panels, so that our probe is symmetrical and balanced.

To make sure it's symmetrical, click on the symmetry mode button and select the 2x symmetry mode!

<mspace=20><voffset=.3em><sprite=""input-useractions"" index=1></voffset></mspace> Choose 2x symmetry. ","It would be best to have 2 batteries and 2 solar panels, so that our probe is symmetrical and balanced.

To make sure it's symmetrical, click on the symmetry mode button and select the 2x symmetry mode!

<mspace=20><voffset=.3em><sprite=""input-useractions"" index=1></voffset></mspace> Choose 2x symmetry. ",,Localized
Tutorials/tutorial_4.5.10,Text,,"Now, let's place the batteries!

<mspace=20><voffset=.3em><sprite=""input-useractions"" index=1></voffset></mspace> Select the electrical category.","Now, let's place the batteries!

<mspace=20><voffset=.3em><sprite=""input-useractions"" index=1></voffset></mspace> Select the electrical category.","Bene, piazziamo le batterie!

<mspace=20><voffset=.3em><sprite=""input-useractions"" index=1></voffset></mspace> Seleziona la categoria Alimentazione","Now, let's place the batteries!

<mspace=20><voffset=.3em><sprite=""input-useractions"" index=1></voffset></mspace> Select the electrical category.","Now, let's place the batteries!

<mspace=20><voffset=.3em><sprite=""input-useractions"" index=1></voffset></mspace> Select the electrical category.","Now, let's place the batteries!

<mspace=20><voffset=.3em><sprite=""input-useractions"" index=1></voffset></mspace> Select the electrical category.","Now, let's place the batteries!

<mspace=20><voffset=.3em><sprite=""input-useractions"" index=1></voffset></mspace> Select the electrical category.","Now, let's place the batteries!

<mspace=20><voffset=.3em><sprite=""input-useractions"" index=1></voffset></mspace> Select the electrical category.","Now, let's place the batteries!

<mspace=20><voffset=.3em><sprite=""input-useractions"" index=1></voffset></mspace> Select the electrical category.","现在我们来放置电池！

<mspace=20><voffset=.3em><sprite=""input-useractions"" index=1></voffset></mspace> 选择电力类别。","Now, let's place the batteries!

<mspace=20><voffset=.3em><sprite=""input-useractions"" index=1></voffset></mspace> Select the electrical category.","Now, let's place the batteries!

<mspace=20><voffset=.3em><sprite=""input-useractions"" index=1></voffset></mspace> Select the electrical category.","Now, let's place the batteries!

<mspace=20><voffset=.3em><sprite=""input-useractions"" index=1></voffset></mspace> Select the electrical category.","Now, let's place the batteries!

<mspace=20><voffset=.3em><sprite=""input-useractions"" index=1></voffset></mspace> Select the electrical category.","Now, let's place the batteries!

<mspace=20><voffset=.3em><sprite=""input-useractions"" index=1></voffset></mspace> Select the electrical category.","Now, let's place the batteries!

<mspace=20><voffset=.3em><sprite=""input-useractions"" index=1></voffset></mspace> Select the electrical category.",,Localized
Tutorials/tutorial_4.5.11,Text,,"For a probe like this, which will have onboard electricity production, we do not need large batteries.

Smaller ones, such as the Z-100 Battery, will be more than enough!

<mspace=20><voffset=.3em><sprite=""input-useractions"" index=1></voffset></mspace> Select the Z-100 Battery in the Parts Picker menu.","For a probe like this, which will have onboard electricity production, we do not need large batteries.

Smaller ones, such as the Z-100 Battery, will be more than enough!

<mspace=20><voffset=.3em><sprite=""input-useractions"" index=1></voffset></mspace> Select the Z-100 Battery in the Parts Picker menu.","Per una sonda di questo tipo, dotata di produzione di elettricità a bordo, non servono batterie grandi

Modelli piccoli, come la batteria Z-100, saranno più che sufficienti!

<mspace=20><voffset=.3em><sprite=""input-useractions"" index=1></voffset></mspace> Seleziona la batteria Z-100 nel menu Selezionatore Parti","For a probe like this, which will have onboard electricity production, we do not need large batteries.

Smaller ones, such as the Z-100 Battery, will be more than enough!

<mspace=20><voffset=.3em><sprite=""input-useractions"" index=1></voffset></mspace> Select the Z-100 Battery in the Parts Picker menu.","For a probe like this, which will have onboard electricity production, we do not need large batteries.

Smaller ones, such as the Z-100 Battery, will be more than enough!

<mspace=20><voffset=.3em><sprite=""input-useractions"" index=1></voffset></mspace> Select the Z-100 Battery in the Parts Picker menu.","For a probe like this, which will have onboard electricity production, we do not need large batteries.

Smaller ones, such as the Z-100 Battery, will be more than enough!

<mspace=20><voffset=.3em><sprite=""input-useractions"" index=1></voffset></mspace> Select the Z-100 Battery in the Parts Picker menu.","For a probe like this, which will have onboard electricity production, we do not need large batteries.

Smaller ones, such as the Z-100 Battery, will be more than enough!

<mspace=20><voffset=.3em><sprite=""input-useractions"" index=1></voffset></mspace> Select the Z-100 Battery in the Parts Picker menu.","For a probe like this, which will have onboard electricity production, we do not need large batteries.

Smaller ones, such as the Z-100 Battery, will be more than enough!

<mspace=20><voffset=.3em><sprite=""input-useractions"" index=1></voffset></mspace> Select the Z-100 Battery in the Parts Picker menu.","For a probe like this, which will have onboard electricity production, we do not need large batteries.

Smaller ones, such as the Z-100 Battery, will be more than enough!

<mspace=20><voffset=.3em><sprite=""input-useractions"" index=1></voffset></mspace> Select the Z-100 Battery in the Parts Picker menu.","对于这种自带发电能力的探测器，我们不需要大电池。

小一点的，比如Z-100电池，就完全够用了！

<mspace=20><voffset=.3em><sprite=""input-useractions"" index=1></voffset></mspace> 在部件菜单中选择Z-100电池。","For a probe like this, which will have onboard electricity production, we do not need large batteries.

Smaller ones, such as the Z-100 Battery, will be more than enough!

<mspace=20><voffset=.3em><sprite=""input-useractions"" index=1></voffset></mspace> Select the Z-100 Battery in the Parts Picker menu.","For a probe like this, which will have onboard electricity production, we do not need large batteries.

Smaller ones, such as the Z-100 Battery, will be more than enough!

<mspace=20><voffset=.3em><sprite=""input-useractions"" index=1></voffset></mspace> Select the Z-100 Battery in the Parts Picker menu.","For a probe like this, which will have onboard electricity production, we do not need large batteries.

Smaller ones, such as the Z-100 Battery, will be more than enough!

<mspace=20><voffset=.3em><sprite=""input-useractions"" index=1></voffset></mspace> Select the Z-100 Battery in the Parts Picker menu.","For a probe like this, which will have onboard electricity production, we do not need large batteries.

Smaller ones, such as the Z-100 Battery, will be more than enough!

<mspace=20><voffset=.3em><sprite=""input-useractions"" index=1></voffset></mspace> Select the Z-100 Battery in the Parts Picker menu.","For a probe like this, which will have onboard electricity production, we do not need large batteries.

Smaller ones, such as the Z-100 Battery, will be more than enough!

<mspace=20><voffset=.3em><sprite=""input-useractions"" index=1></voffset></mspace> Select the Z-100 Battery in the Parts Picker menu.","For a probe like this, which will have onboard electricity production, we do not need large batteries.

Smaller ones, such as the Z-100 Battery, will be more than enough!

<mspace=20><voffset=.3em><sprite=""input-useractions"" index=1></voffset></mspace> Select the Z-100 Battery in the Parts Picker menu.",,Localized
Tutorials/tutorial_4.5.12,Text,,"<mspace=20><voffset=.3em><sprite=""input-useractions"" index=1></voffset></mspace> Now, place the Z-100 Battery on the core! (The best place would be on its side.)","<mspace=20><voffset=.3em><sprite=""input-useractions"" index=1></voffset></mspace> Now, place the Z-100 Battery on the core! (The best place would be on its side.)","<mspace=20><voffset=.3em><sprite=""input-useractions"" index=1></voffset></mspace> Ora, posiziona la batteria Z-100 sullo scafo! (La posizione migliore è sulla fusoliera)","<mspace=20><voffset=.3em><sprite=""input-useractions"" index=1></voffset></mspace> Now, place the Z-100 Battery on the core! (The best place would be on its side.)","<mspace=20><voffset=.3em><sprite=""input-useractions"" index=1></voffset></mspace> Now, place the Z-100 Battery on the core! (The best place would be on its side.)","<mspace=20><voffset=.3em><sprite=""input-useractions"" index=1></voffset></mspace> Now, place the Z-100 Battery on the core! (The best place would be on its side.)","<mspace=20><voffset=.3em><sprite=""input-useractions"" index=1></voffset></mspace> Now, place the Z-100 Battery on the core! (The best place would be on its side.)","<mspace=20><voffset=.3em><sprite=""input-useractions"" index=1></voffset></mspace> Now, place the Z-100 Battery on the core! (The best place would be on its side.)","<mspace=20><voffset=.3em><sprite=""input-useractions"" index=1></voffset></mspace> Now, place the Z-100 Battery on the core! (The best place would be on its side.)","<mspace=20><voffset=.3em><sprite=""input-useractions"" index=1></voffset></mspace> 现在，将Z-100电池放在探测核心上！（最好的位置是放在它的侧面。）","<mspace=20><voffset=.3em><sprite=""input-useractions"" index=1></voffset></mspace> Now, place the Z-100 Battery on the core! (The best place would be on its side.)","<mspace=20><voffset=.3em><sprite=""input-useractions"" index=1></voffset></mspace> Now, place the Z-100 Battery on the core! (The best place would be on its side.)","<mspace=20><voffset=.3em><sprite=""input-useractions"" index=1></voffset></mspace> Now, place the Z-100 Battery on the core! (The best place would be on its side.)","<mspace=20><voffset=.3em><sprite=""input-useractions"" index=1></voffset></mspace> Now, place the Z-100 Battery on the core! (The best place would be on its side.)","<mspace=20><voffset=.3em><sprite=""input-useractions"" index=1></voffset></mspace> Now, place the Z-100 Battery on the core! (The best place would be on its side.)","<mspace=20><voffset=.3em><sprite=""input-useractions"" index=1></voffset></mspace> Now, place the Z-100 Battery on the core! (The best place would be on its side.)",,Localized
Tutorials/tutorial_4.5.13,Text,,"And finally, we can place the solar panel to produce electricity.

We need to keep in mind that the farther we are from Kerbol, the less electricity we will produce.

But don't worry, for a small probe like this, we will produce enough even while orbiting Eeloo!","And finally, we can place the solar panel to produce electricity.

We need to keep in mind that the farther we are from Kerbol, the less electricity we will produce.

But don't worry, for a small probe like this, we will produce enough even while orbiting Eeloo!","E infine, possiamo posizionare i pannelli solari per produrre elettricità

Dobbiamo tenere a mente che più saremo lontani da Kerbol, meno elettricità produrremo

Ma non temere: per una sonda così piccola, ne produrremo abbastanza persino mentre saremo in orbita attorno a Eeloo!","And finally, we can place the solar panel to produce electricity.

We need to keep in mind that the farther we are from Kerbol, the less electricity we will produce.

But don't worry, for a small probe like this, we will produce enough even while orbiting Eeloo!","And finally, we can place the solar panel to produce electricity.

We need to keep in mind that the farther we are from Kerbol, the less electricity we will produce.

But don't worry, for a small probe like this, we will produce enough even while orbiting Eeloo!","And finally, we can place the solar panel to produce electricity.

We need to keep in mind that the farther we are from Kerbol, the less electricity we will produce.

But don't worry, for a small probe like this, we will produce enough even while orbiting Eeloo!","And finally, we can place the solar panel to produce electricity.

We need to keep in mind that the farther we are from Kerbol, the less electricity we will produce.

But don't worry, for a small probe like this, we will produce enough even while orbiting Eeloo!","And finally, we can place the solar panel to produce electricity.

We need to keep in mind that the farther we are from Kerbol, the less electricity we will produce.

But don't worry, for a small probe like this, we will produce enough even while orbiting Eeloo!","And finally, we can place the solar panel to produce electricity.

We need to keep in mind that the farther we are from Kerbol, the less electricity we will produce.

But don't worry, for a small probe like this, we will produce enough even while orbiting Eeloo!","最后，我们可以放置太阳能板来发电。

需要注意的是，离Kerbol越远，产生的电力就越少。

不过别担心，对于这种小探测器来说，即使在环绕Eeloo轨道时，产生的电力也够了。","And finally, we can place the solar panel to produce electricity.

We need to keep in mind that the farther we are from Kerbol, the less electricity we will produce.

But don't worry, for a small probe like this, we will produce enough even while orbiting Eeloo!","And finally, we can place the solar panel to produce electricity.

We need to keep in mind that the farther we are from Kerbol, the less electricity we will produce.

But don't worry, for a small probe like this, we will produce enough even while orbiting Eeloo!","And finally, we can place the solar panel to produce electricity.

We need to keep in mind that the farther we are from Kerbol, the less electricity we will produce.

But don't worry, for a small probe like this, we will produce enough even while orbiting Eeloo!","And finally, we can place the solar panel to produce electricity.

We need to keep in mind that the farther we are from Kerbol, the less electricity we will produce.

But don't worry, for a small probe like this, we will produce enough even while orbiting Eeloo!","And finally, we can place the solar panel to produce electricity.

We need to keep in mind that the farther we are from Kerbol, the less electricity we will produce.

But don't worry, for a small probe like this, we will produce enough even while orbiting Eeloo!","And finally, we can place the solar panel to produce electricity.

We need to keep in mind that the farther we are from Kerbol, the less electricity we will produce.

But don't worry, for a small probe like this, we will produce enough even while orbiting Eeloo!",,Localized
Tutorials/tutorial_4.5.14,Text,,"For that, we'll use a small, retractable solar panel so it's not too heavy to lift!

The OX-10C Solar Panel will be perfect for that task!

<mspace=20><voffset=.3em><sprite=""input-useractions"" index=1></voffset></mspace> Select the OX-10C Solar Panel in the Parts Picker menu.","For that, we'll use a small, retractable solar panel so it's not too heavy to lift!

The OX-10C Solar Panel will be perfect for that task!

<mspace=20><voffset=.3em><sprite=""input-useractions"" index=1></voffset></mspace> Select the OX-10C Solar Panel in the Parts Picker menu.","A questo scopo impiegheremo un pannello solare retrattile di piccole dimensioni, per evitare di appesantire troppo il decollo!

Il pannello solare OX-10C sarà l'ideale per questa missione!

<mspace=20><voffset=.3em><sprite=""input-useractions"" index=1></voffset></mspace> Seleziona il pannello solare OX-10C nel menu Selezionatore Parti","For that, we'll use a small, retractable solar panel so it's not too heavy to lift!

The OX-10C Solar Panel will be perfect for that task!

<mspace=20><voffset=.3em><sprite=""input-useractions"" index=1></voffset></mspace> Select the OX-10C Solar Panel in the Parts Picker menu.","For that, we'll use a small, retractable solar panel so it's not too heavy to lift!

The OX-10C Solar Panel will be perfect for that task!

<mspace=20><voffset=.3em><sprite=""input-useractions"" index=1></voffset></mspace> Select the OX-10C Solar Panel in the Parts Picker menu.","For that, we'll use a small, retractable solar panel so it's not too heavy to lift!

The OX-10C Solar Panel will be perfect for that task!

<mspace=20><voffset=.3em><sprite=""input-useractions"" index=1></voffset></mspace> Select the OX-10C Solar Panel in the Parts Picker menu.","For that, we'll use a small, retractable solar panel so it's not too heavy to lift!

The OX-10C Solar Panel will be perfect for that task!

<mspace=20><voffset=.3em><sprite=""input-useractions"" index=1></voffset></mspace> Select the OX-10C Solar Panel in the Parts Picker menu.","For that, we'll use a small, retractable solar panel so it's not too heavy to lift!

The OX-10C Solar Panel will be perfect for that task!

<mspace=20><voffset=.3em><sprite=""input-useractions"" index=1></voffset></mspace> Select the OX-10C Solar Panel in the Parts Picker menu.","For that, we'll use a small, retractable solar panel so it's not too heavy to lift!

The OX-10C Solar Panel will be perfect for that task!

<mspace=20><voffset=.3em><sprite=""input-useractions"" index=1></voffset></mspace> Select the OX-10C Solar Panel in the Parts Picker menu.","为此，我们将使用一个小型可伸缩太阳能板，这样不会因超重导致发射困难！

OX-10C太阳能板非常适合这项任务！

<mspace=20><voffset=.3em><sprite=""input-useractions"" index=1></voffset></mspace> 在部件菜单中选择OX-10C太阳能板。","For that, we'll use a small, retractable solar panel so it's not too heavy to lift!

The OX-10C Solar Panel will be perfect for that task!

<mspace=20><voffset=.3em><sprite=""input-useractions"" index=1></voffset></mspace> Select the OX-10C Solar Panel in the Parts Picker menu.","For that, we'll use a small, retractable solar panel so it's not too heavy to lift!

The OX-10C Solar Panel will be perfect for that task!

<mspace=20><voffset=.3em><sprite=""input-useractions"" index=1></voffset></mspace> Select the OX-10C Solar Panel in the Parts Picker menu.","For that, we'll use a small, retractable solar panel so it's not too heavy to lift!

The OX-10C Solar Panel will be perfect for that task!

<mspace=20><voffset=.3em><sprite=""input-useractions"" index=1></voffset></mspace> Select the OX-10C Solar Panel in the Parts Picker menu.","For that, we'll use a small, retractable solar panel so it's not too heavy to lift!

The OX-10C Solar Panel will be perfect for that task!

<mspace=20><voffset=.3em><sprite=""input-useractions"" index=1></voffset></mspace> Select the OX-10C Solar Panel in the Parts Picker menu.","For that, we'll use a small, retractable solar panel so it's not too heavy to lift!

The OX-10C Solar Panel will be perfect for that task!

<mspace=20><voffset=.3em><sprite=""input-useractions"" index=1></voffset></mspace> Select the OX-10C Solar Panel in the Parts Picker menu.","For that, we'll use a small, retractable solar panel so it's not too heavy to lift!

The OX-10C Solar Panel will be perfect for that task!

<mspace=20><voffset=.3em><sprite=""input-useractions"" index=1></voffset></mspace> Select the OX-10C Solar Panel in the Parts Picker menu.",,Localized
Tutorials/tutorial_4.5.15,Text,,"<mspace=20><voffset=.3em><sprite=""input-useractions"" index=1></voffset></mspace> Now, place the OX-10C Solar Panel on the core! (The best place would be on its side.)","<mspace=20><voffset=.3em><sprite=""input-useractions"" index=1></voffset></mspace> Now, place the OX-10C Solar Panel on the core! (The best place would be on its side.)","<mspace=20><voffset=.3em><sprite=""input-useractions"" index=1></voffset></mspace> Ora, posiziona il pannello solare OX-10C sullo scafo! (La posizione migliore è sulla fusoliera)","<mspace=20><voffset=.3em><sprite=""input-useractions"" index=1></voffset></mspace> Now, place the OX-10C Solar Panel on the core! (The best place would be on its side.)","<mspace=20><voffset=.3em><sprite=""input-useractions"" index=1></voffset></mspace> Now, place the OX-10C Solar Panel on the core! (The best place would be on its side.)","<mspace=20><voffset=.3em><sprite=""input-useractions"" index=1></voffset></mspace> Now, place the OX-10C Solar Panel on the core! (The best place would be on its side.)","<mspace=20><voffset=.3em><sprite=""input-useractions"" index=1></voffset></mspace> Now, place the OX-10C Solar Panel on the core! (The best place would be on its side.)","<mspace=20><voffset=.3em><sprite=""input-useractions"" index=1></voffset></mspace> Now, place the OX-10C Solar Panel on the core! (The best place would be on its side.)","<mspace=20><voffset=.3em><sprite=""input-useractions"" index=1></voffset></mspace> Now, place the OX-10C Solar Panel on the core! (The best place would be on its side.)","<mspace=20><voffset=.3em><sprite=""input-useractions"" index=1></voffset></mspace> 现在，将OX-10C太阳能板放在核心上！（最好的位置是放在它的侧面。）","<mspace=20><voffset=.3em><sprite=""input-useractions"" index=1></voffset></mspace> Now, place the OX-10C Solar Panel on the core! (The best place would be on its side.)","<mspace=20><voffset=.3em><sprite=""input-useractions"" index=1></voffset></mspace> Now, place the OX-10C Solar Panel on the core! (The best place would be on its side.)","<mspace=20><voffset=.3em><sprite=""input-useractions"" index=1></voffset></mspace> Now, place the OX-10C Solar Panel on the core! (The best place would be on its side.)","<mspace=20><voffset=.3em><sprite=""input-useractions"" index=1></voffset></mspace> Now, place the OX-10C Solar Panel on the core! (The best place would be on its side.)","<mspace=20><voffset=.3em><sprite=""input-useractions"" index=1></voffset></mspace> Now, place the OX-10C Solar Panel on the core! (The best place would be on its side.)","<mspace=20><voffset=.3em><sprite=""input-useractions"" index=1></voffset></mspace> Now, place the OX-10C Solar Panel on the core! (The best place would be on its side.)",,Localized
Tutorials/tutorial_4.5.16,Text,,"Great! That's all there is to it.

Now our probe will be able to transmit any data it retrieves back to Kerbin using the antenna.","Great! That's all there is to it.

Now our probe will be able to transmit any data it retrieves back to Kerbin using the antenna.","Ottimo! Tutto qui, niente di più semplice

Ora la nostra sonda sarà in grado di trasmettere verso Kerbin tutti i dati raccolti utilizzando l'antenna","Great! That's all there is to it.

Now our probe will be able to transmit any data it retrieves back to Kerbin using the antenna.","Great! That's all there is to it.

Now our probe will be able to transmit any data it retrieves back to Kerbin using the antenna.","Great! That's all there is to it.

Now our probe will be able to transmit any data it retrieves back to Kerbin using the antenna.","Great! That's all there is to it.

Now our probe will be able to transmit any data it retrieves back to Kerbin using the antenna.","Great! That's all there is to it.

Now our probe will be able to transmit any data it retrieves back to Kerbin using the antenna.","Great! That's all there is to it.

Now our probe will be able to transmit any data it retrieves back to Kerbin using the antenna.","干得漂亮！就这些东西了。

现在我们的探测器将能够使用天线将其获取的任何数据传输回Kerbin。","Great! That's all there is to it.

Now our probe will be able to transmit any data it retrieves back to Kerbin using the antenna.","Great! That's all there is to it.

Now our probe will be able to transmit any data it retrieves back to Kerbin using the antenna.","Great! That's all there is to it.

Now our probe will be able to transmit any data it retrieves back to Kerbin using the antenna.","Great! That's all there is to it.

Now our probe will be able to transmit any data it retrieves back to Kerbin using the antenna.","Great! That's all there is to it.

Now our probe will be able to transmit any data it retrieves back to Kerbin using the antenna.","Great! That's all there is to it.

Now our probe will be able to transmit any data it retrieves back to Kerbin using the antenna.",,Localized
Tutorials/tutorial_4.5.18_failure_msg,Text,,"Uhmm, our probe core seems to be missing something. Try again?","Uhmm, our probe core seems to be missing something. Try again?",Uhm... Sembra che manchi qualcosa sul nostro nucleo sonda. Vuoi provare di nuovo?,"Uhmm, our probe core seems to be missing something. Try again?","Uhmm, our probe core seems to be missing something. Try again?","Uhmm, our probe core seems to be missing something. Try again?","Uhmm, our probe core seems to be missing something. Try again?","Uhmm, our probe core seems to be missing something. Try again?","Uhmm, our probe core seems to be missing something. Try again?",嗯……我们的探测核心似乎少了点什么。再试一次？,"Uhmm, our probe core seems to be missing something. Try again?","Uhmm, our probe core seems to be missing something. Try again?","Uhmm, our probe core seems to be missing something. Try again?","Uhmm, our probe core seems to be missing something. Try again?","Uhmm, our probe core seems to be missing something. Try again?","Uhmm, our probe core seems to be missing something. Try again?",,Localized
Tutorials/tutorial_4.5.17,Text,,"Tutorial complete! You have learned:

<mspace=20><voffset=.3em><sprite=""input-useractions"" index=1></voffset></mspace> what the difference between a crewed module and a probe core is.
<mspace=20><voffset=.3em><sprite=""input-useractions"" index=1></voffset></mspace> Essentials for probes.
<mspace=20><voffset=.3em><sprite=""input-useractions"" index=1></voffset></mspace> How to make a probe.","Tutorial complete! You have learned:

<mspace=20><voffset=.3em><sprite=""input-useractions"" index=1></voffset></mspace> what the difference between a crewed module and a probe core is.
<mspace=20><voffset=.3em><sprite=""input-useractions"" index=1></voffset></mspace> Essentials for probes.
<mspace=20><voffset=.3em><sprite=""input-useractions"" index=1></voffset></mspace> How to make a probe.","Tutorial completato! Hai imparato:

<mspace=20><voffset=.3em><sprite=""input-useractions"" index=1></voffset></mspace> Qual è la differenza tra un modulo con equipaggio e un nucleo sonda
<mspace=20><voffset=.3em><sprite=""input-useractions"" index=1></voffset></mspace> Gli elementi essenziali per le sonde
<mspace=20><voffset=.3em><sprite=""input-useractions"" index=1></voffset></mspace> Come costruire una sonda","Tutorial complete! You have learned:

<mspace=20><voffset=.3em><sprite=""input-useractions"" index=1></voffset></mspace> what the difference between a crewed module and a probe core is.
<mspace=20><voffset=.3em><sprite=""input-useractions"" index=1></voffset></mspace> Essentials for probes.
<mspace=20><voffset=.3em><sprite=""input-useractions"" index=1></voffset></mspace> How to make a probe.","Tutorial complete! You have learned:

<mspace=20><voffset=.3em><sprite=""input-useractions"" index=1></voffset></mspace> what the difference between a crewed module and a probe core is.
<mspace=20><voffset=.3em><sprite=""input-useractions"" index=1></voffset></mspace> Essentials for probes.
<mspace=20><voffset=.3em><sprite=""input-useractions"" index=1></voffset></mspace> How to make a probe.","Tutorial complete! You have learned:

<mspace=20><voffset=.3em><sprite=""input-useractions"" index=1></voffset></mspace> what the difference between a crewed module and a probe core is.
<mspace=20><voffset=.3em><sprite=""input-useractions"" index=1></voffset></mspace> Essentials for probes.
<mspace=20><voffset=.3em><sprite=""input-useractions"" index=1></voffset></mspace> How to make a probe.","Tutorial complete! You have learned:

<mspace=20><voffset=.3em><sprite=""input-useractions"" index=1></voffset></mspace> what the difference between a crewed module and a probe core is.
<mspace=20><voffset=.3em><sprite=""input-useractions"" index=1></voffset></mspace> Essentials for probes.
<mspace=20><voffset=.3em><sprite=""input-useractions"" index=1></voffset></mspace> How to make a probe.","Tutorial complete! You have learned:

<mspace=20><voffset=.3em><sprite=""input-useractions"" index=1></voffset></mspace> what the difference between a crewed module and a probe core is.
<mspace=20><voffset=.3em><sprite=""input-useractions"" index=1></voffset></mspace> Essentials for probes.
<mspace=20><voffset=.3em><sprite=""input-useractions"" index=1></voffset></mspace> How to make a probe.","Tutorial complete! You have learned:

<mspace=20><voffset=.3em><sprite=""input-useractions"" index=1></voffset></mspace> what the difference between a crewed module and a probe core is.
<mspace=20><voffset=.3em><sprite=""input-useractions"" index=1></voffset></mspace> Essentials for probes.
<mspace=20><voffset=.3em><sprite=""input-useractions"" index=1></voffset></mspace> How to make a probe.","教程完成！你学会了：

<mspace=20><voffset=.3em><sprite=""input-useractions"" index=1></voffset></mspace> 如何区分载人指令舱与探测核心。
<mspace=20><voffset=.3em><sprite=""input-useractions"" index=1></voffset></mspace> 探测器的基本要素。
<mspace=20><voffset=.3em><sprite=""input-useractions"" index=1></voffset></mspace> 如何制作一个探测器。","Tutorial complete! You have learned:

<mspace=20><voffset=.3em><sprite=""input-useractions"" index=1></voffset></mspace> what the difference between a crewed module and a probe core is.
<mspace=20><voffset=.3em><sprite=""input-useractions"" index=1></voffset></mspace> Essentials for probes.
<mspace=20><voffset=.3em><sprite=""input-useractions"" index=1></voffset></mspace> How to make a probe.","Tutorial complete! You have learned:

<mspace=20><voffset=.3em><sprite=""input-useractions"" index=1></voffset></mspace> what the difference between a crewed module and a probe core is.
<mspace=20><voffset=.3em><sprite=""input-useractions"" index=1></voffset></mspace> Essentials for probes.
<mspace=20><voffset=.3em><sprite=""input-useractions"" index=1></voffset></mspace> How to make a probe.","Tutorial complete! You have learned:

<mspace=20><voffset=.3em><sprite=""input-useractions"" index=1></voffset></mspace> what the difference between a crewed module and a probe core is.
<mspace=20><voffset=.3em><sprite=""input-useractions"" index=1></voffset></mspace> Essentials for probes.
<mspace=20><voffset=.3em><sprite=""input-useractions"" index=1></voffset></mspace> How to make a probe.","Tutorial complete! You have learned:

<mspace=20><voffset=.3em><sprite=""input-useractions"" index=1></voffset></mspace> what the difference between a crewed module and a probe core is.
<mspace=20><voffset=.3em><sprite=""input-useractions"" index=1></voffset></mspace> Essentials for probes.
<mspace=20><voffset=.3em><sprite=""input-useractions"" index=1></voffset></mspace> How to make a probe.","Tutorial complete! You have learned:

<mspace=20><voffset=.3em><sprite=""input-useractions"" index=1></voffset></mspace> what the difference between a crewed module and a probe core is.
<mspace=20><voffset=.3em><sprite=""input-useractions"" index=1></voffset></mspace> Essentials for probes.
<mspace=20><voffset=.3em><sprite=""input-useractions"" index=1></voffset></mspace> How to make a probe.","Tutorial complete! You have learned:

<mspace=20><voffset=.3em><sprite=""input-useractions"" index=1></voffset></mspace> what the difference between a crewed module and a probe core is.
<mspace=20><voffset=.3em><sprite=""input-useractions"" index=1></voffset></mspace> Essentials for probes.
<mspace=20><voffset=.3em><sprite=""input-useractions"" index=1></voffset></mspace> How to make a probe.",,Localized
