Key,Type,Desc,English,French,Italian,German,Spanish,Japanese,Korean,Polish,Russian,Chinese-Simplified [zh-CN],Portuguese-Brazil [pt-BR],Chinese-Traditional [zh-TW],Pirate English [en-PI],Serbian,Swedish,Romanian,$Context,$Status
Menu/Settings/Show Navball in Map View,Text,,Show Navball in Map View,Afficher la navisphère en mode Carte,Mostra NaviSfera in visuale mappa,NavKugel in Kartenansicht anzeigen,Mostrar bola de navegación en la vista de mapa,マップビューの姿勢指示器を自動で非表示にする,맵뷰에서 네비볼 보이기,Pokaż Busolę w Widoku Mapy,Показывать сферу навигации в режиме карты,地图视图显示导航球,Exibir NavBall na visualização do mapa,在地圖檢視中自動隱藏導航球,Show th' Navball in charter view,Покажи навигациону лопту у погледу мапе,Show Navball in Map View,Afișează Navball în Vizualizarea Hărții,,Localized
Menu/Settings/Descriptions/EnhanceJointsMode,Text,,"The chosen option here controls what part in a vessel any additional joints will connect to:

* Heaviest: connect to the part with the greatest mass.
* Root: connect to the part that represents the vessel.
* GrandParent: connect to the part that is 2 parts closer to the root.","L'option choisie ici détermine sur quelle pièce d'un vaisseau les articulations supplémentaires viendront s'attacher :
 
 * Plus lourde : s'attachent à la pièce dont la masse est la plus importante.
 * Racine : s'attachent à la pièce qui représente le vaisseau.
 * Grand-parent : s'attachent à la pièce la plus proche de deux pièces de la racine.","L'opzione selezionata regola le parti del veicolo a cui verranno collegate le giunzioni aggiuntive:
 
 * Più pesante: collegamento alla parte con la massa maggiore.
 * Radice: collegamento alla parte fondamentale del veicolo.
 * Origine: collegamento alla parte che si trova distante 2 parti dalla radice.","Die gewählte Option hier bestimmt, an welchem Teil eines Raumfahrzeugs zusätzliche Verbindungen angebracht werden:
 
 * Gewicht: Teile werden mit dem Teil mit der größten Masse verbunden.
 * Verankerung: Teile werden mit dem Verankerungsteil des Raumfahrzeugs verbunden.
 * Vorläufer: Teile werden mit dem Teil verbunden, das mindestens zwei Teile näher am Verankerungsteil sitzt.","Esta opción designa a qué pieza de la nave se conectarán las juntas adicionales:
 
 * Más pesada: conectar a la pieza de mayor masa.
 * Raíz: conectar a la pieza que representa la nave.
 * Pieza abuela: conectar a la pieza que está 2 espacios más próxima a la de raíz.","ここで選択されたオプションは、機体のどのパーツに追加のジョイントが接続されるかを制御します。
 
 * 最重量パーツ：質量が最大のパーツに接続します。
 * ルートパーツ：機体の基準となるパーツに接続します。
 * 前々パーツ：ルートパーツの2つ前のパーツに接続します。","선택한 옵션은 기체 내에 추가되는 조인트가 어떤 부위에 연결될지를 설정합니다:
 
 * 무거운부품: 중량이 가장 큰 부품에 연결됩니다.
 * 기본부품: 기체의 기본부품에 연결됩니다.
 *중심부품: 기본부품에서 가까운 2개의 부품에 연결됩니다.","Opcja wybrana w tym miejscu decyduje o tym, do której części w pojeździe przyłączą się dodatkowe złącza:
 
 * Najcięższa: przyłączą się do części o największej masie.
 * Macierzysta: przyłączą się do części stanowiącej resztę pojazdu.
 * Przodek: przyłączą się do części odległej o dwie od części macierzystej.","От данной функции зависит, к какой части корабля будут добавлены дополнительные соединения:
 
 * Массивная: добавить к детали, обладающей самой большой массой.
 * Базовая: добавить к детали, которая символизирует собой аппарат.
 * Через одну: добавить к детали, которая на 2 детали ближе к базовой.","此处选择的选项会影响额外关节与载具上哪个部件相连：
 
 *最重部件：与质量最大的部件相连。
 *根部件：与代表载具本身的部件相连。
 *上级部件：与距离根部件更近2个部件的部件相连","A opção escolhida aqui controla qual parte de uma nave quaisquer juntas adicionais serão conectadas:
 
 * Mais pesada: conecte à parte com maior massa.
 * Raiz: conecte à parte que representa a nave.
 * Origem: conecte à parte que está 2 vezes mais próxima da raiz.","此處選擇的選項可控制額外接頭將連接到載具的哪個部分：
 
 *最重：連接到質量最重的部分。
 *根部：連接到代表載具的部分。
 * 祖父節點：連接到距根部更近2個零件的部分。","The chosen option here controls what part in a vessel any additional joints will connect to:

* Heaviest: connect to the part with the greatest mass.
* Root: connect to the part that represents the vessel.
* GrandParent: connect to the part that is 2 parts closer to the root.","The chosen option here controls what part in a vessel any additional joints will connect to:

* Heaviest: connect to the part with the greatest mass.
* Root: connect to the part that represents the vessel.
* GrandParent: connect to the part that is 2 parts closer to the root.","The chosen option here controls what part in a vessel any additional joints will connect to:

* Heaviest: connect to the part with the greatest mass.
* Root: connect to the part that represents the vessel.
* GrandParent: connect to the part that is 2 parts closer to the root.","The chosen option here controls what part in a vessel any additional joints will connect to:

* Heaviest: connect to the part with the greatest mass.
* Root: connect to the part that represents the vessel.
* GrandParent: connect to the part that is 2 parts closer to the root.",,Localized
Menu/Settings/Descriptions/MultiJointEnable,Text,,"The Multi-Joint system adds a ring of joints at configured part to part connections.

These are preconfigured joints on specific parts and not dynamic like the Enhanced Joints System.","Le système d'articulations multiples ajoute un cercle d'articulations aux connexions de pièce à pièce.
 
 Ces articulations sont préconfigurées sur des pièces spécifiques et pas dynamiques comme le système d'articulations améliorées.","Il sistema multi-giunzione aggiunge un anello di giunti nelle connessioni configurate tra le parti.

Si tratta di giunti preconfigurati su parti specifiche e non dinamici come quelli del sistema Enhanced Joints.","Mit dem Multi-Verbindungssystem wird ein Verbindungsring an konfigurierten Teil-zu-Teil-Verbindungen hinzugefügt.
 
 Dabei handelt es sich um vorkonfigurierte Verbindungen an bestimmten Teilen und nicht um dynamische Verbindungen wie beim Verbesserten Verbindungssystem.","Añade un conjunto de juntas a las conexiones pieza con pieza.
 
 Se trata de juntas configuradas previamente para determinadas piezas, por lo que no son tan dinámicas como las del Sistema de juntas mejoradas.","マルチジョイントシステムは、構成されたパーツとパーツの接続部にリング状のジョイントを追加します。
 
 これらのジョイントは特定のパーツに合わせて事前構成されているもので、エンハンスドジョイントシステムのようなダイナミックなシステムではありません。","다중 연결부 시스템은 부품간 연결에 조인트 링을 추가합니다.
 
 이는 특정 부품에 미리 구성된 조인트로, 개선된 연결부 시스템처럼 동적이지 않습니다.","System wielozłączowy dodaje pierścień złączy w skonfigurowanych połączeniach między częściami.
 
 Są to stałe złącza na określonych częściach, a nie dynamiczne jak w systemie ulepszonych złączy.","Система мульти-соединений добавляет кольцо соединений к заданным соединениям деталей.
 
 Это заранее заданные соединения для конкретных деталей, а не динамически меняющиеся, как в «Улучшенной системе соединений».","多关节系统会在部件连接处的配置部件上增加关节环。
 
 这类预配置关节属于特定部件，不具备强化关节系统的动态性。","O Sistema Multijuntas adiciona um aro de juntas nas conexões configuradas entre as peças.
 
 Essas juntas são pré-configuradas em peças específicas e não são dinâmicas como o Sistema de Juntas Aprimoradas.","多接頭系統在配置的零件與零件連接處新增一圈接頭。
 
 這些接頭是特定零件上的預先配置的接頭，而不像增強接頭系統那樣是動態的。","The Multi-Joint system adds a ring of joints at configured part to part connections.

These are preconfigured joints on specific parts and not dynamic like the Enhanced Joints System.","The Multi-Joint system adds a ring of joints at configured part to part connections.

These are preconfigured joints on specific parts and not dynamic like the Enhanced Joints System.","The Multi-Joint system adds a ring of joints at configured part to part connections.

These are preconfigured joints on specific parts and not dynamic like the Enhanced Joints System.","The Multi-Joint system adds a ring of joints at configured part to part connections.

These are preconfigured joints on specific parts and not dynamic like the Enhanced Joints System.",,Localized
Menu/Settings/Descriptions/ScatterClutter Draw Distance,Text,,"Environment Props are the random rocks and trees scattered around the terrain. 

Toggle Environment Prop draw distance low, medium, or high. 

Lower settings can improve performance.","Les éléments d'environnement sont les rochers et arbres répartis aléatoirement sur le terrain. 
 
  
 
 Choisir la distance d'affichage des éléments d'environnement : basse, moyenne, élevée.
 
  
 
 Une distance plus faible peut améliorer les performances.","Gli elementi ambientali sono le rocce e gli alberi sparsi sul terreno. 

 Seleziona il livello di distanza di rendering degli elementi ambientali: basso, medio o alto. 
 
 Un livello più basso può migliorare le prestazioni.","Umgebungseigenschaften sind zufällige Felsen und Bäume, die im Gelände verteilt sind.
 
  
 
 Anziehungsentfernung von Umgebungseigenschaften niedrig, mittel oder hoch.
 
  
 
 Eine niedrigere Einstellung kann die Leistung verbessern.","Los elementos del entorno son las rocas y árboles que hay dispersos por el terreno. 
 
 Puedes cambiar la línea de horizonte de los elementos del entorno a baja, media o alta. 
 
 Los ajustes más bajos pueden mejorar el rendimiento.","環境プロップとは、地形にランダムに配置される岩と木の設定です。
 
  
 
  環境プロップのドローディスタンスを低/標準/高で切り替えます。
 
  
 
  低レベルに設定するとパフォーマンスが向上します。","환경 프롭은 지형 여기저기에 무작위로 흩어져 있는 바위와 나무입니다. 
 
 환경 프롭 가시 거리를 낮음/보통/높음으로 전환합니다. 
 
 설정을 낮추면 게임 성능이 향상될 수 있습니다.","Elementy otoczenia to losowo rozmieszczane kamienie i drzewa, rozproszone po terenie.
 
 Przełącz odległość rysowania elementów otoczenia na małą, średnią lub dużą.
 
 Niższe ustawienie może zwiększyć szybkość działania gry.","«Мусор» — это маленькие объекты среды, такие как камни и деревья.
 
 Изменить расстояние, на котором появляется мусор. 
 
 Выберите низкий уровень параметра, чтобы повысить производительность.","环境道具是散布在地形各处的随机岩石和树木。

 将环境道具绘制距离切换为低、中或高。

 设置为较低可提高游戏性能。","Itens do ambiente são as rochas e árvores espelhadas pelo terreno. 
 
 É possível alternar a distância de dispersão dos itens do ambiente entre baixo, médio e alto. 
 
 Configurações menores podem ajudar a melhorar o desempenho.","環境物體是散落在地形周圍的隨機岩石和樹木。

 可將環境物體繪製距離切換為近、中或遠。

 較近的設定可以提高效能。","Environment Props are the random rocks and trees scattered around the terrain. 

Toggle Environment Prop draw distance low, medium, or high. 

Lower settings can improve performance.","Environment Props are the random rocks and trees scattered around the terrain. 

Toggle Environment Prop draw distance low, medium, or high. 

Lower settings can improve performance.","Environment Props are the random rocks and trees scattered around the terrain. 

Toggle Environment Prop draw distance low, medium, or high. 

Lower settings can improve performance.","Environment Props are the random rocks and trees scattered around the terrain. 

Toggle Environment Prop draw distance low, medium, or high. 

Lower settings can improve performance.",,Localized
Menu/Settings/DockingTolerance,Text,,Tolerance Distance for Docking,Tolérance de distance pour l'amarrage,Distanza accettabile per l'attracco,Entfernungstoleranz für das Andocken,Tolerancia de distancia para acoplamiento,ドッキングの許容距離,도킹 완료 거리,Tolerancja odległości przy dokowaniu,Допустимое расстояние стыковки,对接公差距离,Tolerância de distância para acoplar,對接公差距離,Tolerance Distance for Docking,Tolerance Distance for Docking,Tolerance Distance for Docking,Tolerance Distance for Docking,,Localized
Menu/Settings/Global/ToggleUIVisibility,Text,,Toggle UI Visibility,Activer/Désactiver l'affichage de l'IU,Mostra/Nascondi interfaccia,Interface ein-/ausblenden,Mostrar/ocultar visibilidad de la IU,全てのUIの表示/非表示,UI 표시 전환,Wł./wył. wyświetlanie interfejsu,Показать/скрыть интерфейс,切换无UI模式,Alternar visibilidade da interface,切換UI顯示,Toggle UI Visibility,Toggle UI Visibility,Toggle UI Visibility,Toggle UI Visibility,,Localized
Menu/Settings/HeatEnabled,Text,,Heat Enabled,Chaleur activée,Simulazione termica,Wärme aktiviert,Calor habilitado,熱制御有効,열 활성화,Efekty ciepła włączone,Тепло включено,启用热量,Aquecimento habilitado,啟用高溫,Heat Enabled,Heat Enabled,Heat Enabled,Heat Enabled,,Localized
Menu/Settings/HeatPartDestruction,Text,,Part Overheating,Surchauffe des pièces,Surriscaldamento parti,Teileüberhitzung,Sobrecalentamiento de piezas,パーツのオーバーヒート,부품 과열,Przegrzanie części,Деталь перегревается,部件过热,Peça superaquecendo,零件過熱,Part Overheating,Part Overheating,Part Overheating,Part Overheating,,Localized
Menu/Settings/Joints/EnhanceEnableName,Text,,Enhanced Joints System,Système d'articulations améliorées,Sistema di giunzione avanzato,Verbessertes Verbindungssystem,Sistema de juntas mejoradas,エンハンスドジョイントシステム,개선된 연결부 시스템,System ulepszonych złączy,Улучшенная система соединений,强化关节系统,Sistema de Juntas Aprimoradas,增強型接頭系統,Enhanced Joints System,Enhanced Joints System,Enhanced Joints System,Enhanced Joints System,,Localized
Menu/Settings/Joints/EnhanceModeName,Text,,Enhanced Joints Mode,Mode d'articulations améliorées,Modalità di giunzione avanzata,Verbesserter Verbindungsmodus,Modo de juntas mejoradas,エンハンスドジョイントモード,개선된 연결부 모드,Tryb ulepszonych złączy,Режим улучшенных соединений,强化关节模式,Modo de Juntas Aprimoradas,增強接頭模式,Enhanced Joints Mode,Enhanced Joints Mode,Enhanced Joints Mode,Enhanced Joints Mode,,Localized
Menu/Settings/Joints/MultiJointName,Text,,Multi-Joint System,Système d'articulations multiples,Sistema multi-giunzione,Multi-Verbindungssystem,Sistema de juntas múltiples,マルチジョイントシステム,다중 연결부 시스템,System wielozłączowy,Система мульти-соединений,多关节系统,Sistema multijuntas,多接頭系統,Multi-Joint System,Multi-Joint System,Multi-Joint System,Multi-Joint System,,Localized
Menu/Settings/Max Persistant Debris,Text,,Max Persistent Debris,Débris persistants maximums,Numero massimo detriti persistenti,Max. Trümmerbeständigkeit,Máx. residuos persistentes,最大デブリ数,최대 잔해의 양,Maks. liczba trwałych szczątków,Макс. количество космического мусора,最大残骸保留数量,Máximo de destroços persistentes,持續存在的碎片最大數量,Max Persistent Debris,Max Persistent Debris,Max Persistent Debris,Max Persistent Debris,,Localized
Menu/Settings/MissionRewards,Text,,Mission Rewards,Récompenses de mission,Ricompense missioni,Missionsbelohnungen,Recompensas de misión,ミッション報酬,임무 보상,Nagrody za misje,Награды за миссию,任务奖励,Recompensas de missão,任務獎勵,Mission Rewards,Mission Rewards,Mission Rewards,Mission Rewards,,Localized
Menu/Settings/ResetUserInterface,Text,,Reset User Interface,Réinitialiser les réglages d'interface utilisateur,Ripristina interfaccia utente,Benutzer-Interface zurücksetzen,Restablecer interfaz de usuario,ユーザーインターフェースをリセットする,사용자 인터페이스 초기화,Zresetuj interfejs,Сброс пользовательского интерфейса,重置用户界面,Redefinir interface do usuário,已經發射,Reset User Interface,Reset User Interface,Reset User Interface,Reset User Interface,,Localized
Menu/Settings/Descriptions/ScienceRewards,Text,,Adjusts the amount of science points rewarded by experiments.,Ajuste le nombre de points de science attribués par expérience.,Regola la quantità di punti Scienza ottenuti dagli esperimenti.,Adjusts the amount of science points rewarded by experiments.,Ajusta la cantidad de puntos de ciencia que se obtienen con los experimentos.,Adjusts the amount of science points rewarded by experiments.,실험을 통해 얻는 과학 점수를 조정합니다.,Dostosowuje liczbę punktów nauki zdobywanych dzięki eksperymentom.,"Изменяет количество очков науки, начисляемых за эксперименты.",调整科学实验奖励的科技点数。,Adjusts the amount of science points rewarded by experiments.,Adjusts the amount of science points rewarded by experiments.,Adjusts the amount of science points rewarded by experiments.,Adjusts the amount of science points rewarded by experiments.,Adjusts the amount of science points rewarded by experiments.,Adjusts the amount of science points rewarded by experiments.,,Localized
Menu/Settings/Notifications,Text,,Notifications,Notifications,Notifiche,Notifications,Notificaciones,Notifications,알림,Powiadomienia,Уведомления,通知,Notifications,Notifications,Notifications,Notifications,Notifications,Notifications,,Localized
Menu/Settings/ResetNotifications,Text,,Reset Notifications,Réinitialiser les notifications,Ripristina notifiche,Reset Notifications,Resetear notificaciones,Reset Notifications,알림 초기화,Zresetuj powiadomienia,Сбросить уведомления,清除通知,Reset Notifications,Reset Notifications,Reset Notifications,Reset Notifications,Reset Notifications,Reset Notifications,,Localized
Menu/Settings/Notifications/Alert,Text,,Alerts,Alertes,Avvisi,Alerts,Alertas,Alerts,경고,Alarmy,Оповещения,警报,Alerts,Alerts,Alerts,Alerts,Alerts,Alerts,,Localized
Menu/Settings/Notifications/Passive,Text,,Passive Notifications,Notifications passives,Notifiche informative,Passive Notifications,Notificaciones pasivas,Passive Notifications,무음 알림,Ciche powiadomienia,Пассивные уведомления,被动通知,Passive Notifications,Passive Notifications,Passive Notifications,Passive Notifications,Passive Notifications,Passive Notifications,,Localized
Menu/Settings/Notification/Mute,Text,,Mute,Rendre muet,Disattiva audio,Mute,Silenciar,Mute,음소거,Wycisz,Заглушить,关闭,Mute,Mute,Mute,Mute,Mute,Mute,,Localized
Menu/Settings/Notification/Show,Text,,Show,Montrer,Visualizza,Show,Mostrar,Show,보기,Pokaż,Показывать,展示,Show,Show,Show,Show,Show,Show,,Localized
Menu/Settings/Notification/StopWarp,Text,,Stop Warp,Faire pause,Interrompi accelerazione,Stop Warp,Parar avance del tiempo,Stop Warp,워프 중지,Zatrzymaj przyspieszenie czasu,Остановить искажение времени,无时间加速时,Stop Warp,Stop Warp,Stop Warp,Stop Warp,Stop Warp,Stop Warp,,Localized
Menu/Settings/Notifications/Alert/VesselRecoverable,Text,,Vessel Recoverable,Vaisseau récupérable,Veicolo Recuperabile,Vessel Recoverable,Cápsula recuperable,Vessel Recoverable,기체 회수 가능,Możliwość odzyskania statku,Аппарат подлежит восстановлению,航天器可回收,Vessel Recoverable,Vessel Recoverable,Vessel Recoverable,Vessel Recoverable,Vessel Recoverable,Vessel Recoverable,,Localized
Menu/Settings/Notifications/Alert/VesselRecoverable/Desc,Text,,Appears when an inactive vessel becomes eligible for recovery.,Apparaît lorsqu'un vaisseau inactif est éligible à la récupération.,Viene mostrata quando un veicolo inattivo diventa idoneo al recupero.,Appears when an inactive vessel becomes eligible for recovery.,Aparece cuando un buque inactivo cumple los requisitos para su recuperación.,Appears when an inactive vessel becomes eligible for recovery.,비활성화 기체 회수가 가능해지면 표시되는 알림입니다.,"Pojawia się, gdy nieaktywny statek kwalifikuje się do odzyskania.","Появляется, когда неактивный аппарат становится пригодным для эвакуации.",当航天器处于静止状态且满足回收条件时，会显示此提示。,Appears when an inactive vessel becomes eligible for recovery.,Appears when an inactive vessel becomes eligible for recovery.,Appears when an inactive vessel becomes eligible for recovery.,Appears when an inactive vessel becomes eligible for recovery.,Appears when an inactive vessel becomes eligible for recovery.,Appears when an inactive vessel becomes eligible for recovery.,,Localized
Menu/Settings/Notifications/Alert/VesselLostControl,Text,,Control Lost,Contrôle perdu,Controllo perso,Control Lost,Control perdido,Control Lost,제어 상실,Utrata kontroli,Контроль утрачен,失去控制,Control Lost,Control Lost,Control Lost,Control Lost,Control Lost,Control Lost,,Localized
Menu/Settings/Notifications/Alert/VesselLostControl/Desc,Text,,Appears when the active vessel loses control authority.,Apparaît lorsque le vaisseau actif perd l'autorité de contrôle.,Viene mostrato alla perdita dell'autorità di controllo del veicolo attivo.,Appears when the active vessel loses control authority.,Aparece cuando la embarcación activa pierde el control.,Appears when the active vessel loses control authority.,활성화 기체의 제어를 상실하면 표시되는 알림입니다.,Pojawia się w przypadku utraty kontroli nad aktywnym statkiem.,"Появляется, когда действующий аппарат теряет контроль.",当正在控制的航天器失去控制权时，会显示此提示。,Appears when the active vessel loses control authority.,Appears when the active vessel loses control authority.,Appears when the active vessel loses control authority.,Appears when the active vessel loses control authority.,Appears when the active vessel loses control authority.,Appears when the active vessel loses control authority.,,Localized
Menu/Settings/Notifications/Alert/VesselOutOfElectricity,Text,,Out of Electricity,Plus d'électricité,Carica elettrica esaurita,Out of Electricity,Sin electricidad,Out of Electricity,전력 없음,Brak energii elektrycznej,Закончилось электричество,电量耗尽,Out of Electricity,Out of Electricity,Out of Electricity,Out of Electricity,Out of Electricity,Out of Electricity,,Localized
Menu/Settings/Notifications/Alert/VesselOutOfElectricity/Desc,Text,,Appears when the active vessel runs out of stored electric charge.,Apparaît lorsque le vaisseau actif est à cours de charge électrique.,Viene mostrata quando il veicolo attivo esaurisce la carica elettrica disponibile.,Appears when the active vessel runs out of stored electric charge.,Aparece cuando la nave activa se queda sin carga eléctrica almacenada.,Appears when the active vessel runs out of stored electric charge.,활성화 기체의 전력이 소진되면 표시되는 알림입니다.,"Pojawia się, gdy na aktywnym statku wyczerpią się zapasy energii elektrycznej.","Появляется, когда в активном аппарате заканчивается накопленный электрический заряд.",当正在控制的航天器耗尽储存的电量时，会显示此提示。,Appears when the active vessel runs out of stored electric charge.,Appears when the active vessel runs out of stored electric charge.,Appears when the active vessel runs out of stored electric charge.,Appears when the active vessel runs out of stored electric charge.,Appears when the active vessel runs out of stored electric charge.,Appears when the active vessel runs out of stored electric charge.,,Localized
Menu/Settings/Notifications/Alert/VesselLeftCommNetRange,Text,,Connection Lost,Connexion perdue,Connessione persa,Connection Lost,Conexión perdida,Connection Lost,통신 불가,Połączenie zostało utracone,Соединение потеряно,信号丢失,Connection Lost,Connection Lost,Connection Lost,Connection Lost,Connection Lost,Connection Lost,,Localized
Menu/Settings/Notifications/Alert/VesselLeftCommNetRange/Desc,Text,,Appears when the active vessel leaves communications-network range.,Apparaît lorsque le vaisseau actif est hors de portée du réseau de communication.,Viene mostrata quando il veicolo attivo esce dalla portata delle comunicazioni.,Appears when the active vessel leaves communications-network range.,Aparece cuando la nave activa sale del alcance de la red de comunicaciones.,Appears when the active vessel leaves communications-network range.,활성화 기체가 통신 네트워크의 거리를 벗어나면 표시됩니다.,"Pojawia się, gdy aktywny statek znajdzie się poza zasięgiem sieci komunikacyjnej.","Появляется, когда активный аппарат выходит из зоны действия сети связи.",当控制的航天器超出通信网络范围时，会显示此提示。,Appears when the active vessel leaves communications-network range.,Appears when the active vessel leaves communications-network range.,Appears when the active vessel leaves communications-network range.,Appears when the active vessel leaves communications-network range.,Appears when the active vessel leaves communications-network range.,Appears when the active vessel leaves communications-network range.,,Localized
Menu/Settings/Notifications/Alert/InactiveVesselOnCrashTrajectory,Text,,Crash Trajectory,Trajectoire de collision,Traiettoria di impatto,Crash Trajectory,Trayectoria de choque,Crash Trajectory,충돌 경로,Trajektoria zderzenia,Траектория столкновения,撞击轨道,Crash Trajectory,Crash Trajectory,Crash Trajectory,Crash Trajectory,Crash Trajectory,Crash Trajectory,,Localized
Menu/Settings/Notifications/Alert/InactiveVesselOnCrashTrajectory/Desc,Text,,Appears when an inactive vessel is on a trajectory that will impact a body.,Apparaît lorsqu'un vaisseau inactif est sur une trajectoire d'impact.,Viene mostrata quando un veicolo inattivo si trova su una traiettoria di impatto.,Appears when an inactive vessel is on a trajectory that will impact a body.,Aparece cuando una nave inactiva se encuentra en una trayectoria que la llevará a chocar contra un cuerpo.,Appears when an inactive vessel is on a trajectory that will impact a body.,비활성화 기체가 천체와 충돌 경로에 있을 때 표시됩니다.,"Pojawia się, gdy nieaktywny statek znajduje się na trajektorii kolizyjnej z ciałem niebieskim.","Возникает, когда неактивный аппарат движется по траектории, которая может привести к столкновению с каким-либо объектом.",当非活跃航天器的轨道将撞击某天体时，会显示此提示。,Appears when an inactive vessel is on a trajectory that will impact a body.,Appears when an inactive vessel is on a trajectory that will impact a body.,Appears when an inactive vessel is on a trajectory that will impact a body.,Appears when an inactive vessel is on a trajectory that will impact a body.,Appears when an inactive vessel is on a trajectory that will impact a body.,Appears when an inactive vessel is on a trajectory that will impact a body.,,Localized
Menu/Settings/Notifications/Alert/InactiveVesselNearManeuver,Text,,Maneuver Approaching,Manœuvre en approche,Avvicinamento al punto di manovra,Maneuver Approaching,Maniobra de aproximación,Maneuver Approaching,메뉴버 접근,Zbliżający się manewr,Приближение к Маневру,接近机动节点,Maneuver Approaching,Maneuver Approaching,Maneuver Approaching,Maneuver Approaching,Maneuver Approaching,Maneuver Approaching,,Localized
Menu/Settings/Notifications/Alert/InactiveVesselNearManeuver/Desc,Text,,Appears when an inactive vessel is nearing a planned maneuver.,Apparaît lorsqu'un vaisseau inactif approche un nœud de manœuvre.,Viene mostrata quando un veicolo inattivo si avvicina a un punto di manovra pianificato.,Appears when an inactive vessel is nearing a planned maneuver.,Aparece cuando una nave inactiva se está acercando a una maniobra prevista.,Appears when an inactive vessel is nearing a planned maneuver.,비활성화 기체가 메뉴버 노드에 근접했을 때 나타납니다.,"Pojawia się, gdy nieaktywny statek zbliża się do zaplanowanego manewru.","Появляется, когда неактивный аппарат приближается к запланированному маневру.",当非活跃航天器接近机动节点时，会显示此提示。,Appears when an inactive vessel is nearing a planned maneuver.,Appears when an inactive vessel is nearing a planned maneuver.,Appears when an inactive vessel is nearing a planned maneuver.,Appears when an inactive vessel is nearing a planned maneuver.,Appears when an inactive vessel is nearing a planned maneuver.,Appears when an inactive vessel is nearing a planned maneuver.,,Localized
Menu/Settings/Notifications/Alert/AblatorDepleted,Text,,Ablator Depleted,Ablateur épuisé,Ablatore esaurito,Ablator Depleted,Ablator Depleted,Ablator Depleted,융제재 소진,Ablator wyczerpany,Аблятор истощен,烧蚀剂耗尽,Ablator Depleted,Ablator Depleted,Ablator Depleted,Ablator Depleted,Ablator Depleted,Ablator Depleted,,Localized
Menu/Settings/Notifications/Alert/AblatorDepleted/Desc,Text,,Appears when a heat shield's ablator is fully consumed.,Apparaît lorsque l'ablateur d'un bouclier thermique a été entièrement consommé.,Viene mostrata quando l'ablatore di uno scudo termico è completamente esaurito.,Appears when a heat shield's ablator is fully consumed.,Appears when a heat shield's ablator is fully consumed.,Appears when a heat shield's ablator is fully consumed.,열 차폐막의 융제재가 모두 소진되면 나타납니다.,"Pojawia się, gdy ablator osłony termicznej zostanie całkowicie zużyty.","Появляется, когда абляционный слой теплозащитного экрана полностью израсходован.",当隔热罩的烧蚀材料完全耗尽时，会显示此提示。,Appears when a heat shield's ablator is fully consumed.,Appears when a heat shield's ablator is fully consumed.,Appears when a heat shield's ablator is fully consumed.,Appears when a heat shield's ablator is fully consumed.,Appears when a heat shield's ablator is fully consumed.,Appears when a heat shield's ablator is fully consumed.,,Localized
Menu/Settings/Notifications/Alert/SolarPanelsIneffective,Text,,Solar Panels Ineffective,Panneau solaire inefficace,Pannelli solari inefficienti,Solar Panels Ineffective,Paneles solares inefectivos,Solar Panels Ineffective,태양전지 패널 효율 감소,Niska wydajność paneli słonecznych,Солнечные панели неэффективны,光伏失效,Solar Panels Ineffective,Solar Panels Ineffective,Solar Panels Ineffective,Solar Panels Ineffective,Solar Panels Ineffective,Solar Panels Ineffective,,Localized
Menu/Settings/Notifications/Alert/SolarPanelsIneffective/Desc,Text,,Appears when solar panels are not generating meaningful power.,Apparaît lorsque les panneaux solaires ne produisent pas significativement d'électricité.,Viene mostrata quando i pannelli solari non generano energia sufficiente.,Appears when solar panels are not generating meaningful power.,Aparece cuando los paneles solares no están generando suficiente energía,Appears when solar panels are not generating meaningful power.,태양전지 패널의 전력 생산량이 유의미한 수준에 미치지 못할 때 표시됩니다.,"Pojawia się, gdy panele słoneczne nie generują znaczącej ilości energii.","Появляется, когда солнечные панели не вырабатывают достаточного количества энергии.",当太阳能板无法产生有效电量时，会显示此提示。,Appears when solar panels are not generating meaningful power.,Appears when solar panels are not generating meaningful power.,Appears when solar panels are not generating meaningful power.,Appears when solar panels are not generating meaningful power.,Appears when solar panels are not generating meaningful power.,Appears when solar panels are not generating meaningful power.,,Localized
Menu/Settings/Notifications/Alert/InactiveVesselEnteredSOI,Text,,Sphere of Influence Change,Changement de sphère d'influence,Cambio di Sfera d'Influenza,Sphere of Influence Change,Cambio en la esfera de influencia,Sphere of Influence Change,영향권 변경,Zmiana strefy wpływu grawitacyjnego,Сфера притяжения меняется,引力范围变化,Sphere of Influence Change,Sphere of Influence Change,Sphere of Influence Change,Sphere of Influence Change,Sphere of Influence Change,Sphere of Influence Change,,Localized
Menu/Settings/Notifications/Alert/InactiveVesselEnteredSOI/Desc,Text,,Appears when an inactive vessel enters a new sphere of influence.,Apparaît lorsqu'un vaisseau inactif entre dans une nouvelle sphère d'influence.,Viene mostrata quando un veicolo inattivo entra in una nuova sfera d'influenza.,Appears when an inactive vessel enters a new sphere of influence.,Aparece cuando una nave inactiva entra en una nueva esfera de influencia.,Appears when an inactive vessel enters a new sphere of influence.,비활성화 기체가 새로운 영향권(SOI)에 진입하면 표시되는 알림입니다.,"Pojawia się, gdy nieaktywny statek wchodzi w nową strefę wpływu grawitacyjnego.","Появляется, когда неактивный аппарат входит в новую сферу притяжения.",当非活跃航天器进入新的引力范围时，会显示此提示。,Appears when an inactive vessel enters a new sphere of influence.,Appears when an inactive vessel enters a new sphere of influence.,Appears when an inactive vessel enters a new sphere of influence.,Appears when an inactive vessel enters a new sphere of influence.,Appears when an inactive vessel enters a new sphere of influence.,Appears when an inactive vessel enters a new sphere of influence.,,Localized
Menu/Settings/Notifications/Alert/TechNodeAvailable,Text,,Technology Unlocked,Technologie débloquée,Tecnologia sbloccata,Technology Unlocked,Tecnología desbloqueada,Technology Unlocked,기술 해금,Odblokowano technologię,Технология разблокирована,科技已解锁,Technology Unlocked,Technology Unlocked,Technology Unlocked,Technology Unlocked,Technology Unlocked,Technology Unlocked,,Localized
Menu/Settings/Notifications/Alert/TechNodeAvailable/Desc,Text,,Appears when a new technology node becomes available.,Apparaît lorsque qu'un nouveau nœud technologique est disponible.,Viene mostrata quando una nuova tecnologia diventa disponibile.,Appears when a new technology node becomes available.,Aparece cuando un nuevo nodo de tecnología está disponible,Appears when a new technology node becomes available.,새로운 기술 해금이 가능할 때 표시되는 알림입니다.,"Pojawia się, gdy nowa technologia staje się dostępna.","Появляется, когда становится доступен новый технологический узел.",当新科技节点解锁时，会显示此提示。,Appears when a new technology node becomes available.,Appears when a new technology node becomes available.,Appears when a new technology node becomes available.,Appears when a new technology node becomes available.,Appears when a new technology node becomes available.,Appears when a new technology node becomes available.,,Localized
Menu/Settings/Notifications/Alert/ResearchReportSubmitted,Text,,Research Submitted,Recherche soumise,Dati di ricerca inviati,Research Submitted,Investigación presentada,Research Submitted,연구 제출됨,Przesłano badania,Исследование передано,研究报告已提交,Research Submitted,Research Submitted,Research Submitted,Research Submitted,Research Submitted,Research Submitted,,Localized
Menu/Settings/Notifications/Alert/ResearchReportSubmitted/Desc,Text,,Appears when a research report is submitted.,Apparaît lorsqu'un rapport de recherche est soumis.,Viene mostrata quando viene inviato un rapporto di ricerca.,Appears when a research report is submitted.,Aparece cuando se envía un informe de investigación.,Appears when a research report is submitted.,연구가 제출되었을 때 표시됩니다.,"Pojawia się, gdy raport z badań zostanie przesłany.",Появляется при подаче исследовательского отчета.,当研究报告提交时，会显示此提示。,Appears when a research report is submitted.,Appears when a research report is submitted.,Appears when a research report is submitted.,Appears when a research report is submitted.,Appears when a research report is submitted.,Appears when a research report is submitted.,,Localized
Menu/Settings/Notifications/Alert/EVAReportsStoredOnVessel,Text,,Reports Stored on Vessel,Rapports enregistrés sur le vaisseau,Report archiviati a bordo del veicolo,Reports Stored on Vessel,Informes almacenados en la nave,Reports Stored on Vessel,기체에 보고서 저장됨,Raporty zapisane na statku,Отчеты хранящиеся на аппарате,报告已存储至航天器,Reports Stored on Vessel,Reports Stored on Vessel,Reports Stored on Vessel,Reports Stored on Vessel,Reports Stored on Vessel,Reports Stored on Vessel,,Localized
Menu/Settings/Notifications/Alert/EVAReportsStoredOnVessel/Desc,Text,,Appears when EVA reports are stored aboard the vessel.,Apparaît lorsqu'un rapport d'AEV est enregistré à bord du vaisseau.,Viene mostrata quando i report EVA vengono archiviati a bordo del veicolo.,Appears when EVA reports are stored aboard the vessel.,Aparece cuando los informes de EVA se almacenan a bordo de la nave,Appears when EVA reports are stored aboard the vessel.,기체에 EVA 보고서가 저장되었을 때 나타납니다.,"Pojawia się, gdy raporty z EVA zostaną zapisane na pokładzie statku.","Появляется, когда отчеты внекорабельной деятельности сохраняются на борту аппарата.",当EVA报告存储在航天器上时，会显示此提示。,Appears when EVA reports are stored aboard the vessel.,Appears when EVA reports are stored aboard the vessel.,Appears when EVA reports are stored aboard the vessel.,Appears when EVA reports are stored aboard the vessel.,Appears when EVA reports are stored aboard the vessel.,Appears when EVA reports are stored aboard the vessel.,,Localized
Menu/Settings/Notifications/Alert/ActionBlockedByTimeWarp,Text,,Action Blocked by Time Warp,Action empêchée par l'avance rapide,Impossibile eseguire con accelerazione temporale,Action Blocked by Time Warp,Acción bloqueada por el salto temporal,Action Blocked by Time Warp,타임 워프로 인해 차단됨,Akcja zablokowana przez przyspieszenie czasu,Действие заблокировано искажением времени.,操作被时间加速阻止,Action Blocked by Time Warp,Action Blocked by Time Warp,Action Blocked by Time Warp,Action Blocked by Time Warp,Action Blocked by Time Warp,Action Blocked by Time Warp,,Localized
Menu/Settings/Notifications/Alert/ActionBlockedByTimeWarp/Desc,Text,,Appears when an action cannot be performed while time warp is active.,Apparaît lorsqu'une action ne peut pas être réalisée sous avance rapide.,Viene mostrata quando si cerca di eseguire un'azione che non è consentita durante l'accelerazione temporale.,Appears when an action cannot be performed while time warp is active.,Aparece cuando no se puede realizar una acción mientras está activa la aceleración de tiempo,Appears when an action cannot be performed while time warp is active.,타임 워프로 인해 특정 행동이 불가능할 때 나타납니다.,"Pojawia się, gdy nie można wykonać akcji podczas aktywnego przyspieszenia czasu.","Появляется, когда действие невозможно выполнить, пока активна функция изменения течения времени.",当操作因时间加速激活而无法执行时，会显示此提示。,Appears when an action cannot be performed while time warp is active.,Appears when an action cannot be performed while time warp is active.,Appears when an action cannot be performed while time warp is active.,Appears when an action cannot be performed while time warp is active.,Appears when an action cannot be performed while time warp is active.,Appears when an action cannot be performed while time warp is active.,,Localized
Menu/Settings/Notifications/Alert/ActionBlockedByTimePaused,Text,,Action Blocked While Paused,Action bloquée en pause,Impossibile eseguire mentre il gioco è in pausa,Action Blocked While Paused,Acción bloqueada mientras está en pausa,Action Blocked While Paused,시간 정지로 인해 차단됨,Akcja zablokowana podczas pauzy,Действие заблокировано во время паузы.,操作被暂停阻止,Action Blocked While Paused,Action Blocked While Paused,Action Blocked While Paused,Action Blocked While Paused,Action Blocked While Paused,Action Blocked While Paused,,Localized
Menu/Settings/Notifications/Alert/ActionBlockedByTimePaused/Desc,Text,,Appears when an action cannot be performed while the game is paused.,Apparaît lorsqu'une action ne peut pas être réalisée quand le jeu est en pause.,Viene mostrata quando si cerca di eseguire un'azione che non è consentita mentre il gioco è in pausa.,Appears when an action cannot be performed while the game is paused.,Aparece cuando no se puede realizar una acción mientras el juego está en pausa.,Appears when an action cannot be performed while the game is paused.,시간 정지로 인해 특정 행동이 불가능할 때 나타납니다.,"Pojawia się, gdy nie można wykonać akcji, ponieważ gra jest wstrzymana.","Появляется, когда действие невозможно выполнить, пока игра находится на паузе.",当游戏暂停时操作无法执行，会显示此提示。,Appears when an action cannot be performed while the game is paused.,Appears when an action cannot be performed while the game is paused.,Appears when an action cannot be performed while the game is paused.,Appears when an action cannot be performed while the game is paused.,Appears when an action cannot be performed while the game is paused.,Appears when an action cannot be performed while the game is paused.,,Localized
Menu/Settings/Notifications/Alert/DockingReportsTransferred,Text,,Reports Transferred,Rapports transférés,Rapporti trasferiti,Reports Transferred,Informes transferidos,Reports Transferred,보고서 이전됨,Przeniesiono raporty,Отчеты переданы,报告已转移,Reports Transferred,Reports Transferred,Reports Transferred,Reports Transferred,Reports Transferred,Reports Transferred,,Localized
Menu/Settings/Notifications/Alert/DockingReportsTransferred/Desc,Text,,Appears when science reports are transferred between vessels during docking.,Apparaît lorsqu'un rapport scientifique est transféré entre deux vaisseau lors de l'amarrage.,Viene mostrata quando i rapporti scientifici vengono trasferiti tra veicoli agganciati.,Appears when science reports are transferred between vessels during docking.,Aparece cuando se transfieren informes científicos entre naves durante el acoplamiento.,Appears when science reports are transferred between vessels during docking.,과학 보고서가 도킹으로 인해 이전되었을 때 나타납니다.,"Pojawia się, gdy raporty naukowe zostaną przeniesione między statkami podczas dokowania.",Появляется при передаче научных отчетов между аппаратами во время стыковки.,当研究报告在航天器对接后转移时，会显示此提示。,Appears when science reports are transferred between vessels during docking.,Appears when science reports are transferred between vessels during docking.,Appears when science reports are transferred between vessels during docking.,Appears when science reports are transferred between vessels during docking.,Appears when science reports are transferred between vessels during docking.,Appears when science reports are transferred between vessels during docking.,,Localized
Menu/Settings/Notifications/Alert/TransmissionFailedOutOfResource,Text,,Transmission Failed (No Power),Échec de la transmission (plus d'électricité),Trasmissione fallita (energia esaurita),Transmission Failed (No Power),Error de transmisión (sin energía),Transmission Failed (No Power),전송 실패 (전력 부족),Nieudana transmisja (Brak zasilania),Передача данных не удалась (Нет питания).,传输失败（电力不足）,Transmission Failed (No Power),Transmission Failed (No Power),Transmission Failed (No Power),Transmission Failed (No Power),Transmission Failed (No Power),Transmission Failed (No Power),,Localized
Menu/Settings/Notifications/Alert/TransmissionFailedOutOfResource/Desc,Text,,Appears when a data transmission fails due to insufficient resources.,Apparaît lorsqu'une transmission de données échoue à cause de ressources insuffisantes.,Viene mostrata quando la trasmissione dei dati fallisce per mancanza di risorse.,Appears when a data transmission fails due to insufficient resources.,Aparece cuando falla una transmisión de datos debido a una falta de recursos.,Appears when a data transmission fails due to insufficient resources.,전력 부족으로 인해 데이터 전송이 실패할 때 나타납니다.,"Pojawia się, gdy transmisja danych nie powiedzie się z powodu niewystarczających zasobów.","Появляется, когда передача данных прерывается из-за недостатка энергии.",当数据传输因资源不足而失败时，会显示此提示。,Appears when a data transmission fails due to insufficient resources.,Appears when a data transmission fails due to insufficient resources.,Appears when a data transmission fails due to insufficient resources.,Appears when a data transmission fails due to insufficient resources.,Appears when a data transmission fails due to insufficient resources.,Appears when a data transmission fails due to insufficient resources.,,Localized
Menu/Settings/Notifications/Alert/TransmissionFailedLostComms,Text,,Transmission Failed (No Connection),Échec de la transmission (pas de connexion),Trasmissione fallita (connessione assente),Transmission Failed (No Connection),Error de transmisión (sin conexión),Transmission Failed (No Connection),송신 실패 (연결 없음),Nieudana transmisja (Brak połączenia),Передача данных не удалась (Нет соединения),传输失败（信号丢失）,Transmission Failed (No Connection),Transmission Failed (No Connection),Transmission Failed (No Connection),Transmission Failed (No Connection),Transmission Failed (No Connection),Transmission Failed (No Connection),,Localized
Menu/Settings/Notifications/Alert/TransmissionFailedLostComms/Desc,Text,,Appears when a data transmission fails because the connection was lost.,Apparaît lorsqu'une transmission de données échoue à cause d'une perte de connexion.,Viene mostrata quando la trasmissione dei dati fallisce per via della perdita di connessione.,Appears when a data transmission fails because the connection was lost.,Aparece cuando falla una transmisión de datos debido a que se ha perdido la conexión.,Appears when a data transmission fails because the connection was lost.,통신 연결이 끊어져 데이터 전송에 실패할 때 나타납니다.,"Pojawia się, gdy transmisja danych nie powiedzie się z powodu utraty połączenia.","Появляется, когда передача данных прерывается из-за потери соединения.",当数据传输因通信连接丢失而失败时，会显示此提示。,Appears when a data transmission fails because the connection was lost.,Appears when a data transmission fails because the connection was lost.,Appears when a data transmission fails because the connection was lost.,Appears when a data transmission fails because the connection was lost.,Appears when a data transmission fails because the connection was lost.,Appears when a data transmission fails because the connection was lost.,,Localized
Menu/Settings/Notifications/Alert/ExperimentCompleted,Text,,Experiment Complete,Expérience terminée,Esperimento completato,Experiment Complete,Experimento completado,Experiment Complete,실험 완료,Eksperyment zakończony,Эксперимент завершен.,实验已完成,Experiment Complete,Experiment Complete,Experiment Complete,Experiment Complete,Experiment Complete,Experiment Complete,,Localized
Menu/Settings/Notifications/Alert/ExperimentCompleted/Desc,Text,,Appears when a science experiment finishes running.,S'affiche quand une expérience scientifique se termine.,Viene mostrata al completamento di un esperimento scientifico.,Appears when a science experiment finishes running.,Aparece cuando finaliza un experimento científico.,Appears when a science experiment finishes running.,과학 실험이 완료되었을 때 나타납니다.,"Pojawia się, gdy eksperyment naukowy dobiegnie końca.",Появляется по завершении научного эксперимента.,当科学实验完成时，会显示此提示。,Appears when a science experiment finishes running.,Appears when a science experiment finishes running.,Appears when a science experiment finishes running.,Appears when a science experiment finishes running.,Appears when a science experiment finishes running.,Appears when a science experiment finishes running.,,Localized
Menu/Settings/Notifications/Alert/ExperimentAlreadyStored,Text,,Experiment Already Stored,Expérience déjà stockée,Esperimento già memorizzato,Experiment Already Stored,Experimento ya guardado,Experiment Already Stored,이미 저장된 실험,Eksperyment już zapisany,Эксперимент уже сохранен,实验已存储,Experiment Already Stored,Experiment Already Stored,Experiment Already Stored,Experiment Already Stored,Experiment Already Stored,Experiment Already Stored,,Localized
Menu/Settings/Notifications/Alert/ExperimentAlreadyStored/Desc,Text,,Appears when an experiment's results are already stored.,S'affiche quand les résultats d'une expérience sont déjà stockés.,Viene mostrata quando i risultati di un esperimento sono già memorizzati nel veicolo.,Appears when an experiment's results are already stored.,Aparece cuando los resultados de un experimento ya están guardados.,Appears when an experiment's results are already stored.,실험 결과가 이미 저장되어 있을 때 나타납니다.,"Pojawia się, gdy wyniki eksperymentu zostały już zapisane.","Появляется, когда результаты эксперимента уже сохранены.",当实验结果已存储时，会显示此提示。,Appears when an experiment's results are already stored.,Appears when an experiment's results are already stored.,Appears when an experiment's results are already stored.,Appears when an experiment's results are already stored.,Appears when an experiment's results are already stored.,Appears when an experiment's results are already stored.,,Localized
Menu/Settings/Notifications/Alert/ExperimentOutOfResource,Text,,Experiment Out of Resource,Expérience interrompue par manque de ressources,Risorse esaurite per l'esperimento,Experiment Out of Resource,Experimento sin recursos,Experiment Out of Resource,실험에 자원이 부족함,Brak zasobów dla eksperymentu,Эксперимент - Ресурс исчерпан.,实验资源耗尽,Experiment Out of Resource,Experiment Out of Resource,Experiment Out of Resource,Experiment Out of Resource,Experiment Out of Resource,Experiment Out of Resource,,Localized
Menu/Settings/Notifications/Alert/ExperimentOutOfResource/Desc,Text,,Appears when an experiment cannot run due to insufficient resources.,S'affiche lorsqu'une expérience ne peut pas s'exécuter en raison de ressources insuffisantes.,Viene mostrata quando un esperimento non può essere eseguito per via dell'esaurimento delle risorse richieste.,Appears when an experiment cannot run due to insufficient resources.,Aparece cuando un experimento no se puede ejecutar debido a la falta de recursos.,Appears when an experiment cannot run due to insufficient resources.,자원 부족으로 실험을 진행할 수 없을 때 나타납니다.,"Pojawia się, gdy nie można przeprowadzić eksperymentu z powodu niewystarczających zasobów.","Появляется, когда эксперимент не может быть проведен из-за недостатка ресурсов.",当实验因资源不足而无法运行时，会显示此提示,Appears when an experiment cannot run due to insufficient resources.,Appears when an experiment cannot run due to insufficient resources.,Appears when an experiment cannot run due to insufficient resources.,Appears when an experiment cannot run due to insufficient resources.,Appears when an experiment cannot run due to insufficient resources.,Appears when an experiment cannot run due to insufficient resources.,,Localized
Menu/Settings/Notifications/Alert/ExperimentLeftValidRegion,Text,,Left Valid Region,Sortie de région valide,Regione di ricerca superata,Left Valid Region,Abandonando región válida,Left Valid Region,유효 지역 이탈,Opuszczono wymagany obszar,Покинул необходимую область,离开有效区域,Left Valid Region,Left Valid Region,Left Valid Region,Left Valid Region,Left Valid Region,Left Valid Region,,Localized
Menu/Settings/Notifications/Alert/ExperimentLeftValidRegion/Desc,Text,,Appears when the vessel leaves the region required for a running experiment.,S'affiche lorsque le vaisseau quitte la zone requise pour une expérience en cours.,Viene mostrata quando il veicolo esce dalla regione richiesta per un esperimento in corso.,Appears when the vessel leaves the region required for a running experiment.,Aparece cuando la nave abandona la zona necesaria para la realización de un experimento.,Appears when the vessel leaves the region required for a running experiment.,기체가 실험 유효 지역을 벗어나면 나타납니다.,"Pojawia się, gdy statek opuści obszar wymagany dla trwającego eksperymentu.","Появляется, когда аппарат покидает зону, необходимую для проведения эксперимента.",当航天器离开正在进行实验所需的区域时，会显示此提示。,Appears when the vessel leaves the region required for a running experiment.,Appears when the vessel leaves the region required for a running experiment.,Appears when the vessel leaves the region required for a running experiment.,Appears when the vessel leaves the region required for a running experiment.,Appears when the vessel leaves the region required for a running experiment.,Appears when the vessel leaves the region required for a running experiment.,,Localized
Menu/Settings/Notifications/Alert/ExperimentNotEnoughCrew,Text,,Not Enough Crew,Equipage insuffisant,Membri dell'equipaggio insufficienti,Not Enough Crew,Falta tripulación,Not Enough Crew,승무원 부족,Niewystarczająca załoga,Недостаточно экипажа,乘员不足,Not Enough Crew,Not Enough Crew,Not Enough Crew,Not Enough Crew,Not Enough Crew,Not Enough Crew,,Localized
Menu/Settings/Notifications/Alert/ExperimentNotEnoughCrew/Desc,Text,,Appears when an experiment requires more crew than are aboard.,S'affiche lorsqu'une expérience nécessite un équipage plus important.,Viene mostrata quando il numero dei membri dell'equipaggio a bordo è inferiore a quello richiesto dall'esperimento.,Appears when an experiment requires more crew than are aboard.,Aparece cuando un experimento requiere más tripulación de la que hay a bordo.,Appears when an experiment requires more crew than are aboard.,실험에 탑승한 승무원보다 더 많은 승무원이 필요할 때 나타납니다.,"Pojawia się, gdy eksperyment wymaga liczniejszej załogi, niż znajduje się na pokładzie.","Появляется, когда для проведения эксперимента требуется больше членов экипажа, чем находится на борту.",当实验所需的乘员人数超过当前航天器搭载人数时，会显示此提示。,Appears when an experiment requires more crew than are aboard.,Appears when an experiment requires more crew than are aboard.,Appears when an experiment requires more crew than are aboard.,Appears when an experiment requires more crew than are aboard.,Appears when an experiment requires more crew than are aboard.,Appears when an experiment requires more crew than are aboard.,,Localized
Menu/Settings/Notifications/Alert/ExperimentOutOfStorage,Text,,Out of Storage,Plus de stockage,Spazio di archiviazione esaurito,Out of Storage,Sin almacenamiento,Out of Storage,저장 공간 부족,Brak wolnego miejsca,Место для хранения недоступно,存储已满,Out of Storage,Out of Storage,Out of Storage,Out of Storage,Out of Storage,Out of Storage,,Localized
Menu/Settings/Notifications/Alert/ExperimentOutOfStorage/Desc,Text,,Appears when there is no storage available for an experiment's results.,S'affiche lorsqu'aucun espace de stockage n'est disponible pour les résultats d'une expérience.,Viene mostrata quando lo spazio di archiviazione disponibile è inferiore a quello richiesto per i risultati dell'esperimento.,Appears when there is no storage available for an experiment's results.,Aparece cuando no hay espacio de almacenamiento disponible para los resultados de un experimento.,Appears when there is no storage available for an experiment's results.,실험 결과의 저장 공간이 부족할 때 표시됩니다.,"Pojawia się, gdy brakuje miejsca do zapisania wyników eksperymentu.","Появляется, когда для хранения результатов эксперимента недоступно место хранения.",当存储空间不足以存放实验结果时，会显示此提示。,Appears when there is no storage available for an experiment's results.,Appears when there is no storage available for an experiment's results.,Appears when there is no storage available for an experiment's results.,Appears when there is no storage available for an experiment's results.,Appears when there is no storage available for an experiment's results.,Appears when there is no storage available for an experiment's results.,,Localized
Menu/Settings/Notifications/Alert/ResourceScannerIncorrectAltitude,Text,,Scanner Altitude Incorrect,Altitude du scanner incorrecte,Altitudine dello scanner errata,Scanner Altitude Incorrect,Altitud del escáner incorrecta,Scanner Altitude Incorrect,스캐너 고도 잘못됨,Nieprawidłowa wysokość skanera,Неверная высота для сканирования,扫描仪高度错误,Scanner Altitude Incorrect,Scanner Altitude Incorrect,Scanner Altitude Incorrect,Scanner Altitude Incorrect,Scanner Altitude Incorrect,Scanner Altitude Incorrect,,Localized
Menu/Settings/Notifications/Alert/ResourceScannerIncorrectAltitude/Desc,Text,,Appears when a resource scanner is outside its required altitude band.,S'affiche lorsqu'un scanner de ressources se trouve en dehors de la plage d'altitude requise.,Viene mostrata quando uno scanner di risorse si trova al di fuori della fascia di altitudine richiesta.,Appears when a resource scanner is outside its required altitude band.,Aparece cuando un escáner de recursos se encuentra fuera de su rango de altitud requerido.,Appears when a resource scanner is outside its required altitude band.,자원 스캐너가 요구한 고도를 벗어났을 때 나타납니다.,"Pojawia się, gdy skaner zasobów znajduje się poza wymaganym przedziałem wysokości.","Появляется, когда сканер ресурсов находится за пределами требуемого диапазона высот.",当资源扫描仪超出所需高度范围时，会显示此提示。,Appears when a resource scanner is outside its required altitude band.,Appears when a resource scanner is outside its required altitude band.,Appears when a resource scanner is outside its required altitude band.,Appears when a resource scanner is outside its required altitude band.,Appears when a resource scanner is outside its required altitude band.,Appears when a resource scanner is outside its required altitude band.,,Localized
Menu/Settings/Notifications/Alert/ResourceScannerIncorrectInclination,Text,,Scanner Inclination Incorrect,Inclinaison du scanner incorrecte,Inclinazione dello scanner errata,Scanner Inclination Incorrect,Inclinación del escáner incorrecta,Scanner Inclination Incorrect,스캐너 경사각 잘못됨,Nieprawidłowa inklinacja skanera,Наклон сканера неверный,扫描仪倾角错误,Scanner Inclination Incorrect,Scanner Inclination Incorrect,Scanner Inclination Incorrect,Scanner Inclination Incorrect,Scanner Inclination Incorrect,Scanner Inclination Incorrect,,Localized
Menu/Settings/Notifications/Alert/ResourceScannerIncorrectInclination/Desc,Text,,Appears when a resource scanner is outside its required orbital inclination.,S'affiche lorsqu'un scanner de ressources se trouve en dehors de l'inclinaison orbitale requise.,Viene mostrata quando uno scanner di risorse si trova al di fuori dell'inclinazione orbitale richiesta.,Appears when a resource scanner is outside its required orbital inclination.,Aparece cuando un escáner de recursos se encuentra fuera de la inclinación orbital requerida.,Appears when a resource scanner is outside its required orbital inclination.,스캐너가 요구한 궤도 경사각을 벗어났을 때 나타납니다.,"Pojawia się, gdy skaner zasobów znajduje się poza wymaganą inklinacją orbity.","Появляется, когда сканер ресурсов находится за пределами требуемого наклона орбиты.",当资源扫描仪超出所需轨道倾角时，会显示此提示。,Appears when a resource scanner is outside its required orbital inclination.,Appears when a resource scanner is outside its required orbital inclination.,Appears when a resource scanner is outside its required orbital inclination.,Appears when a resource scanner is outside its required orbital inclination.,Appears when a resource scanner is outside its required orbital inclination.,Appears when a resource scanner is outside its required orbital inclination.,,Localized
Menu/Settings/Notifications/Alert/ResourceScannerScanComplete,Text,,Scan Complete,Scan terminé,Scansione completata,Scan Complete,Escaneo completado,Scan Complete,스캔 완료,Skanowanie zakończone,Сканирование завершено,扫描已完成,Scan Complete,Scan Complete,Scan Complete,Scan Complete,Scan Complete,Scan Complete,,Localized
Menu/Settings/Notifications/Alert/ResourceScannerScanComplete/Desc,Text,,Appears when a resource scan finishes.,S'affiche lorsqu'un scan de ressource se termine.,Viene mostrata al completamento di una scansione delle risorse.,Appears when a resource scan finishes.,Aparece cuando finaliza un escaneo de recursos,Appears when a resource scan finishes.,자원 스캔이 완료되었을 때 나타납니다.,"Pojawia się, gdy skanowanie zasobów dobiegnie końca.",Появляется после завершения сканирования ресурсов.,当资源扫描完成时，会显示此提示。,Appears when a resource scan finishes.,Appears when a resource scan finishes.,Appears when a resource scan finishes.,Appears when a resource scan finishes.,Appears when a resource scan finishes.,Appears when a resource scan finishes.,,Localized
Menu/Settings/Notifications/Alert/ParachuteDestroyedByHeat,Text,,Parachute Destroyed,Parachute détruit,Paracadute distrutto,Parachute Destroyed,Paracaídas destruido,Parachute Destroyed,낙하산 파괴됨,Zniszczono spadochron,Парашют уничтожен,降落伞已损坏,Parachute Destroyed,Parachute Destroyed,Parachute Destroyed,Parachute Destroyed,Parachute Destroyed,Parachute Destroyed,,Localized
Menu/Settings/Notifications/Alert/ParachuteDestroyedByHeat/Desc,Text,,Appears when a parachute is destroyed by aerodynamic heating.,S'affiche lorsqu'un parachute est détruit par l'échauffement aérodynamique.,Viene mostrata quando un paracadute viene distrutto dal riscaldamento aerodinamico.,Appears when a parachute is destroyed by aerodynamic heating.,Aparece cuando un paracaídas se destruye debido al calentamiento aerodinámico.,Appears when a parachute is destroyed by aerodynamic heating.,낙하산이 공기역학적 가열에 의해 파괴될 때 나타납니다.,"Pojawia się, gdy spadochron ulegnie zniszczeniu na skutek nagrzewania aerodynamicznego.","Появляется, когда парашют разрушается в результате аэродинамического нагрева.",当降落伞因气动加热而损毁时，会显示此提示。,Appears when a parachute is destroyed by aerodynamic heating.,Appears when a parachute is destroyed by aerodynamic heating.,Appears when a parachute is destroyed by aerodynamic heating.,Appears when a parachute is destroyed by aerodynamic heating.,Appears when a parachute is destroyed by aerodynamic heating.,Appears when a parachute is destroyed by aerodynamic heating.,,Localized
Menu/Settings/Notifications/Alert/EVAReportsTakenIntoCommandPod,Text,,Reports Collected,Rapports recueillis,Report raccolti,Reports Collected,Informes recopilados,Reports Collected,보고서 수집됨,Zebrano raporty,Отчеты собраны,报告已收集,Reports Collected,Reports Collected,Reports Collected,Reports Collected,Reports Collected,Reports Collected,,Localized
Menu/Settings/Notifications/Alert/EVAReportsTakenIntoCommandPod/Desc,Text,,Appears when EVA reports are collected into a command pod.,S'affiche lorsque les rapports d'AEV sont récupérés dans un module de commande.,Viene mostrata quando i rapporti EVA vengono raccolti in una capsula di comando.,Appears when EVA reports are collected into a command pod.,Aparece cuando los informes de EVA se recopilan en una cápsula de mando.,Appears when EVA reports are collected into a command pod.,EVA 보고서가 조종포드에 수집될 때 나타납니다.,"Pojawia się, gdy raporty z EVA zostaną zebrane w kapsule dowodzenia.",Появляется при сборе отчетов о внекорабельной деятельности в командный модуль.,当舱外活动报告被收集到指令舱时，会显示此提示。,Appears when EVA reports are collected into a command pod.,Appears when EVA reports are collected into a command pod.,Appears when EVA reports are collected into a command pod.,Appears when EVA reports are collected into a command pod.,Appears when EVA reports are collected into a command pod.,Appears when EVA reports are collected into a command pod.,,Localized
Menu/Settings/Notifications/Alert/MissionScienceSubmittable,Text,,Mission Science Ready,Données scientifiques de la mission prêtes,Dati scientifici della missione trasmissibili,Mission Science Ready,Ciencia de la misión lista,Mission Science Ready,임무 과학 준비됨,Dane naukowe gotowe,Научные исследования миссии завершены,任务科学数据就绪,Mission Science Ready,Mission Science Ready,Mission Science Ready,Mission Science Ready,Mission Science Ready,Mission Science Ready,,Localized
Menu/Settings/Notifications/Alert/MissionScienceSubmittable/Desc,Text,,Appears when a mission's science is ready to submit.,S'affiche lorsque les données scientifiques d'une mission sont prêtes à être soumises.,Viene mostrata quando i dati scientifici di una missione sono pronti per essere inviati.,Appears when a mission's science is ready to submit.,Aparece cuando los datos científicos de una misión están listos para enviarse.,Appears when a mission's science is ready to submit.,임무의 과학이 제출할 준비가 되었을 때 나타납니다.,"Pojawia się, gdy dane naukowe z misji są gotowe do przesłania.","Появляется, когда научные данные миссии готовы к отправке.",当任务科学数据准备提交时，会显示此提示。,Appears when a mission's science is ready to submit.,Appears when a mission's science is ready to submit.,Appears when a mission's science is ready to submit.,Appears when a mission's science is ready to submit.,Appears when a mission's science is ready to submit.,Appears when a mission's science is ready to submit.,,Localized
Menu/Settings/Notifications/Passive/ObserverCannotLeaveActiveVessel,Text,,Cannot Leave Active Vessel,Impossible de quitter le vaisseau actif,Impossibile abbandonare il veicolo attivo,Cannot Leave Active Vessel,No se puede abandonar la nave activa,Cannot Leave Active Vessel,활성화 기체 이탈 불가능,Nie można opuścić aktywnego statku,Невозможно покинуть действующий аппарат,无法切离当前航天器,Cannot Leave Active Vessel,Cannot Leave Active Vessel,Cannot Leave Active Vessel,Cannot Leave Active Vessel,Cannot Leave Active Vessel,Cannot Leave Active Vessel,,Localized
Menu/Settings/Notifications/Passive/ObserverCannotLeaveActiveVessel/Desc,Text,,Appears when focus cannot be switched away from the active vessel.,S'affiche lorsque le focus ne peut pas être transféré hors du vaisseau actif.,Viene mostrata quando non è possibile cambiare il veicolo attivo.,Appears when focus cannot be switched away from the active vessel.,Aparece cuando no es posible desviar el foco de atención de la nave activa.,Appears when focus cannot be switched away from the active vessel.,시점이 활성화 기체로부터 이탈이 불가능할 때 나타납니다.,"Pojawia się, gdy nie można przełączyć widoku z aktywnego statku.","Появляется, когда невозможно переключить фокус с активного аппарата.",当无法将聚焦视角从控制的航天器切换开时，会显示此提示。,Appears when focus cannot be switched away from the active vessel.,Appears when focus cannot be switched away from the active vessel.,Appears when focus cannot be switched away from the active vessel.,Appears when focus cannot be switched away from the active vessel.,Appears when focus cannot be switched away from the active vessel.,Appears when focus cannot be switched away from the active vessel.,,Localized
Menu/Settings/Notifications/Passive/VesselInsufficientControl,Text,,Insufficient Control,Contrôle insuffisant,Controllo insufficiente,Insufficient Control,Control insuficiente,Insufficient Control,불충분한 제어,Brak wystarczającej kontroli,Недостаточный контроль,控制权限不足,Insufficient Control,Insufficient Control,Insufficient Control,Insufficient Control,Insufficient Control,Insufficient Control,,Localized
Menu/Settings/Notifications/Passive/VesselInsufficientControl/Desc,Text,,Appears when the active vessel does not have enough control authority to perform a certain action.,S'affiche lorsque le vaisseau actif ne dispose pas d'une autorité de contrôle suffisante pour effectuer une action donnée.,Viene mostrata quando il veicolo attivo non ha sufficiente autorità di controllo per eseguire una determinata azione.,Appears when the active vessel does not have enough control authority to perform a certain action.,Aparece cuando la nave activa no tiene suficiente autoridad de control para realizar una determinada acción.,Appears when the active vessel does not have enough control authority to perform a certain action.,활성 기체가 특정 작업을 수행할 충분한 제어가 없을 때 나타납니다.,"Pojawia się, gdy aktywny statek nie ma wystarczającej możliwości sterowania, aby wykonać określoną akcję.","Появляется, когда у активного аппарата недостаточно контроля для выполнения определенных действий.",当控制的航天器没有足够的控制权限进行机动时，会显示此提示。,Appears when the active vessel does not have enough control authority to perform a certain action.,Appears when the active vessel does not have enough control authority to perform a certain action.,Appears when the active vessel does not have enough control authority to perform a certain action.,Appears when the active vessel does not have enough control authority to perform a certain action.,Appears when the active vessel does not have enough control authority to perform a certain action.,Appears when the active vessel does not have enough control authority to perform a certain action.,,Localized
Menu/Settings/Notifications/Passive/DeployableAvailabilityChanged,Text,,Deployable Availability Changed,La disponibilité pour le déploiement a changé.,Disponibilità dispiegamento modificata,Deployable Availability Changed,Se ha modificado la disponibilidad de implementación,Deployable Availability Changed,Deployable Availability Changed,Zmiana dostępności części rozkładanej,Доступность развертывания изменилась,展开部件可用状态已更改,Deployable Availability Changed,Deployable Availability Changed,Deployable Availability Changed,Deployable Availability Changed,Deployable Availability Changed,Deployable Availability Changed,,Localized
Menu/Settings/Notifications/Passive/DeployableAvailabilityChanged/Desc,Text,,Appears when a deployable part becomes available or unavailable to deploy.,S'affiche lorsqu'un élément déployable devient disponible ou indisponible pour le déploiement.,Viene mostrata quando cambia la disponibilità al dispiegamento di un componente.,Appears when a deployable part becomes available or unavailable to deploy.,Aparece cuando una pieza implementable pasa a estar disponible o no disponible para su implementación.,Appears when a deployable part becomes available or unavailable to deploy.,Appears when a deployable part becomes available or unavailable to deploy.,"Pojawia się, gdy część rozkładana staje się dostępna lub niedostępna do rozłożenia.","Появляется, когда развертываемая деталь становится доступной или недоступной для развертывания.",当可展开部件变为可用或不可用状态时，会显示此提示。,Appears when a deployable part becomes available or unavailable to deploy.,Appears when a deployable part becomes available or unavailable to deploy.,Appears when a deployable part becomes available or unavailable to deploy.,Appears when a deployable part becomes available or unavailable to deploy.,Appears when a deployable part becomes available or unavailable to deploy.,Appears when a deployable part becomes available or unavailable to deploy.,,Localized
Menu/Settings/Notifications/Passive/OABUserMessage,Text,,Editor Message,Message de l'éditeur,Messaggi dell'editor,Editor Message,Mensaje del editor,Editor Message,Editor Message,Komunikat edytora,Сообщение редактора,编辑器消息,Editor Message,Editor Message,Editor Message,Editor Message,Editor Message,Editor Message,,Localized
Menu/Settings/Notifications/Passive/OABUserMessage/Desc,Text,,Appears for general informational messages while building in the Vehicle Assembly Building.,S'affiche pour des messages d'information générale lors de l'assemblage dans le bâtiment d'assemblage des véhicules (BAV).,Viene mostrata per i messaggi informativi generali durante la costruzione nell'Edificio di Assemblaggio Veicoli.,Appears for general informational messages while building in the Vehicle Assembly Building.,Aparece en los mensajes informativos generales durante el proceso de montaje en el edificio de montaje de vehículos.,Appears for general informational messages while building in the Vehicle Assembly Building.,Appears for general informational messages while building in the Vehicle Assembly Building.,Pojawia się w przypadku ogólnych komunikatów informacyjnych podczas budowania w Hali Montażu Pojazdów.,Отображается для общих информационных сообщений во время сборки аппарата в цехе вертикальной сборки.,当在航天器组装大楼中建造时出现一般信息消息时，会显示此提示。,Appears for general informational messages while building in the Vehicle Assembly Building.,Appears for general informational messages while building in the Vehicle Assembly Building.,Appears for general informational messages while building in the Vehicle Assembly Building.,Appears for general informational messages while building in the Vehicle Assembly Building.,Appears for general informational messages while building in the Vehicle Assembly Building.,Appears for general informational messages while building in the Vehicle Assembly Building.,,Localized
Menu/Settings/Notifications/Passive/ShouldDisplayErrorMessage,Text,,Editor Error Message,Message d'erreur de l'éditeur,Errori dell'editor,Editor Error Message,Mensaje de error del editor,Editor Error Message,Editor Error Message,Komunikat o błędzie edytora,Сообщение об ошибке редактора,编辑器错误消息,Editor Error Message,Editor Error Message,Editor Error Message,Editor Error Message,Editor Error Message,Editor Error Message,,Localized
Menu/Settings/Notifications/Passive/ShouldDisplayErrorMessage/Desc,Text,,Appears for error messages surfaced from the editor's debug console.,Apparaît pour les messages d'erreur remontés depuis la console de débogage de l'éditeur.,Viene mostrata quando la console di debug dell'editor genera messaggi di errore.,Appears for error messages surfaced from the editor's debug console.,Aparece cuando se muestran mensajes de error procedentes de la consola de depuración del editor.,Appears for error messages surfaced from the editor's debug console.,Appears for error messages surfaced from the editor's debug console.,Pojawia się dla komunikatów o błędach pochodzących z konsoli debugowania edytora.,"Отображается для сообщений об ошибках, полученных из отладочной консоли редактора.",当编辑器的调试控制台出现错误消息时，会显示此提示。,Appears for error messages surfaced from the editor's debug console.,Appears for error messages surfaced from the editor's debug console.,Appears for error messages surfaced from the editor's debug console.,Appears for error messages surfaced from the editor's debug console.,Appears for error messages surfaced from the editor's debug console.,Appears for error messages surfaced from the editor's debug console.,,Localized
Menu/Settings/Notifications/Passive/OABInvalidSymmetryAttach,Text,,Invalid Symmetry Attachment,Fixation symétrique invalide,Aggancio in simmetria non valido,Invalid Symmetry Attachment,Invalid Symmetry Attachment,Invalid Symmetry Attachment,Invalid Symmetry Attachment,Nieprawidłowe mocowanie symetryczne,Недопустимое крепление симметрии,无效的对称附着,Invalid Symmetry Attachment,Invalid Symmetry Attachment,Invalid Symmetry Attachment,Invalid Symmetry Attachment,Invalid Symmetry Attachment,Invalid Symmetry Attachment,,Localized
Menu/Settings/Notifications/Passive/OABInvalidSymmetryAttach/Desc,Text,,Appears when a part cannot be attached with the current symmetry settings.,Apparaît lorsqu'une pièce ne peut pas être fixée avec les réglages de symétrie actuels.,Viene mostrata quando una parte non può essere agganciata con le impostazioni di simmetria attuali.,Appears when a part cannot be attached with the current symmetry settings.,Appears when a part cannot be attached with the current symmetry settings.,Appears when a part cannot be attached with the current symmetry settings.,Appears when a part cannot be attached with the current symmetry settings.,"Pojawia się, gdy część nie może zostać przymocowana przy obecnych ustawieniach symetrii.","Появляется, когда деталь не удается прикрепить с текущими настройками симметрии.",当部件无法在当前对称设置下附着时，会显示此提示。,Appears when a part cannot be attached with the current symmetry settings.,Appears when a part cannot be attached with the current symmetry settings.,Appears when a part cannot be attached with the current symmetry settings.,Appears when a part cannot be attached with the current symmetry settings.,Appears when a part cannot be attached with the current symmetry settings.,Appears when a part cannot be attached with the current symmetry settings.,,Localized
Menu/Settings/Notifications/Passive/OABInvalidPartAnchor,Text,,Invalid Part Anchor,Ancrage de pièce invalide,Ancoraggio della parte non valido,Invalid Part Anchor,Invalid Part Anchor,Invalid Part Anchor,Invalid Part Anchor,Nieprawidłowe zakotwiczenie części,Недопустимая точка крепления детали,无效的部件附着,Invalid Part Anchor,Invalid Part Anchor,Invalid Part Anchor,Invalid Part Anchor,Invalid Part Anchor,Invalid Part Anchor,,Localized
Menu/Settings/Notifications/Passive/OABInvalidPartAnchor/Desc,Text,,Appears when a part cannot be anchored at the selected location.,Apparaît lorsqu'une pièce ne peut pas être ancrée à l'emplacement sélectionné.,Viene mostrata quando una parte non può essere ancorata nella posizione selezionata.,Appears when a part cannot be anchored at the selected location.,Appears when a part cannot be anchored at the selected location.,Appears when a part cannot be anchored at the selected location.,Appears when a part cannot be anchored at the selected location.,"Pojawia się, gdy część nie może zostać zakotwiczona w wybranym miejscu.","Появляется, когда деталь не удается закрепить в выбранном месте.",当部件无法锚定在所选位置时，会显示此提示。,Appears when a part cannot be anchored at the selected location.,Appears when a part cannot be anchored at the selected location.,Appears when a part cannot be anchored at the selected location.,Appears when a part cannot be anchored at the selected location.,Appears when a part cannot be anchored at the selected location.,Appears when a part cannot be anchored at the selected location.,,Localized
Menu/Settings/Notifications/Passive/OABPasteError,Text,,Paste Failed,Échec du collage,Impossibile incollare,Paste Failed,Paste Failed,Paste Failed,Paste Failed,Błąd wklejania,Вставка не удалась,粘贴失败,Paste Failed,Paste Failed,Paste Failed,Paste Failed,Paste Failed,Paste Failed,,Localized
Menu/Settings/Notifications/Passive/OABPasteError/Desc,Text,,Appears when a copied selection cannot be pasted in the editor.,Apparaît lorsqu'une sélection copiée ne peut pas être collée dans l'éditeur.,Viene mostrata quando una selezione copiata non può essere incollata nell'editor.,Appears when a copied selection cannot be pasted in the editor.,Appears when a copied selection cannot be pasted in the editor.,Appears when a copied selection cannot be pasted in the editor.,Appears when a copied selection cannot be pasted in the editor.,"Pojawia się, gdy skopiowane elementy nie mogą zostać wklejone w edytorze.","Появляется, когда скопированный фрагмент невозможно вставить в редактор.",当复制的部件无法在编辑器中粘贴时，会显示此提示。,Appears when a copied selection cannot be pasted in the editor.,Appears when a copied selection cannot be pasted in the editor.,Appears when a copied selection cannot be pasted in the editor.,Appears when a copied selection cannot be pasted in the editor.,Appears when a copied selection cannot be pasted in the editor.,Appears when a copied selection cannot be pasted in the editor.,,Localized
Menu/Settings/Notifications/Passive/SymmetryPlacementFailed,Text,,Symmetry Placement Failed,Échec du placement en symétrie,Posizionamento in simmetria fallito,Symmetry Placement Failed,Symmetry Placement Failed,Symmetry Placement Failed,Symmetry Placement Failed,Błąd Rozmieszczenia Symetrycznego,Не удалось осуществить симметричное размещение,对称放置失败,Symmetry Placement Failed,Symmetry Placement Failed,Symmetry Placement Failed,Symmetry Placement Failed,Symmetry Placement Failed,Symmetry Placement Failed,,Localized
Menu/Settings/Notifications/Passive/SymmetryPlacementFailed/Desc,Text,,Appears when a part could not be placed across all symmetry slots.,Apparaît lorsqu'une pièce n'a pas pu être placée sur tous les emplacements de symétrie.,Viene mostrata quando un componente non può essere posizionato in tutti i punti di simmetria.,Appears when a part could not be placed across all symmetry slots.,Appears when a part could not be placed across all symmetry slots.,Appears when a part could not be placed across all symmetry slots.,Appears when a part could not be placed across all symmetry slots.,"Pojawia się, gdy część nie mogła zostać umieszczona we wszystkich pozycjach symetrii.","Появляется, когда деталь не удается разместить во всех симметричных узлах.",当部件无法在所有对称槽位上放置时，会显示此提示。,Appears when a part could not be placed across all symmetry slots.,Appears when a part could not be placed across all symmetry slots.,Appears when a part could not be placed across all symmetry slots.,Appears when a part could not be placed across all symmetry slots.,Appears when a part could not be placed across all symmetry slots.,Appears when a part could not be placed across all symmetry slots.,,Localized
Menu/Settings/Notifications/Passive/MouselookActivated,Text,,Mouselook Enabled,Vue souris activée,Visuale libera attivata,Mouselook Enabled,Mouselook Enabled,Mouselook Enabled,Mouselook Enabled,Rozglądanie się włączone,Функция управления мышью включена,鼠标视角已启用,Mouselook Enabled,Mouselook Enabled,Mouselook Enabled,Mouselook Enabled,Mouselook Enabled,Mouselook Enabled,,Localized
Menu/Settings/Notifications/Passive/MouselookActivated/Desc,Text,,Appears when free-look camera control is turned on.,Apparaît lorsque le contrôle de la caméra libre est activé.,Viene mostrata quando viene attivata la visuale libera.,Appears when free-look camera control is turned on.,Appears when free-look camera control is turned on.,Appears when free-look camera control is turned on.,Appears when free-look camera control is turned on.,"Pojawia się, gdy włączone jest sterowanie swobodną kamerą.",Появляется при включении режима свободного обзора камеры.,当鼠标视角控制开启时，会显示此提示。,Appears when free-look camera control is turned on.,Appears when free-look camera control is turned on.,Appears when free-look camera control is turned on.,Appears when free-look camera control is turned on.,Appears when free-look camera control is turned on.,Appears when free-look camera control is turned on.,,Localized
Menu/Settings/Notifications/Passive/MouselookDeactivated,Text,,Mouselook Disabled,Vue souris désactivée,Visuale libera disattivata,Mouselook Disabled,Mouselook Disabled,Mouselook Disabled,Mouselook Disabled,Rozglądanie się wyłączone,Функция управления мышью отключена,鼠标视角已禁用,Mouselook Disabled,Mouselook Disabled,Mouselook Disabled,Mouselook Disabled,Mouselook Disabled,Mouselook Disabled,,Localized
Menu/Settings/Notifications/Passive/MouselookDeactivated/Desc,Text,,Appears when free-look camera control is turned off.,Apparaît lorsque le contrôle de la caméra libre est désactivé.,Viene mostrata quando viene disattivata la visuale libera.,Appears when free-look camera control is turned off.,Appears when free-look camera control is turned off.,Appears when free-look camera control is turned off.,Appears when free-look camera control is turned off.,"Pojawia się, gdy wyłączone jest sterowanie swobodną kamerą.","Появляется, когда функция управления камерой в режиме свободного обзора отключена.",当鼠标视角控制关闭时，会显示此提示。,Appears when free-look camera control is turned off.,Appears when free-look camera control is turned off.,Appears when free-look camera control is turned off.,Appears when free-look camera control is turned off.,Appears when free-look camera control is turned off.,Appears when free-look camera control is turned off.,,Localized
Menu/Settings/Notifications/Passive/CameraModeKey,Text,,Camera Mode Changed,Mode de caméra modifié,Modalità telecamera modificata,Camera Mode Changed,Camera Mode Changed,Camera Mode Changed,Camera Mode Changed,Zmieniono tryb kamery,Режим камеры изменен,相机模式已更改,Camera Mode Changed,Camera Mode Changed,Camera Mode Changed,Camera Mode Changed,Camera Mode Changed,Camera Mode Changed,,Localized
Menu/Settings/Notifications/Passive/CameraModeKey/Desc,Text,,Appears when the camera mode is changed via keyboard shortcut.,Apparaît lorsque le mode de caméra est changé via un raccourci clavier.,Viene mostrata quando si cambia la modalità della telecamera tramite scorciatoia da tastiera.,Appears when the camera mode is changed via keyboard shortcut.,Appears when the camera mode is changed via keyboard shortcut.,Appears when the camera mode is changed via keyboard shortcut.,Appears when the camera mode is changed via keyboard shortcut.,"Pojawia się, gdy tryb kamery zostanie zmieniony za pomocą skrótu klawiszowego.",Появляется при изменении режима камеры с помощью сочетания клавиш.,当通过键盘快捷键更改相机模式时，会显示此提示。,Appears when the camera mode is changed via keyboard shortcut.,Appears when the camera mode is changed via keyboard shortcut.,Appears when the camera mode is changed via keyboard shortcut.,Appears when the camera mode is changed via keyboard shortcut.,Appears when the camera mode is changed via keyboard shortcut.,Appears when the camera mode is changed via keyboard shortcut.,,Localized
Menu/Settings/Notifications/Passive/AutoModeCameraContext,Text,,Automatic Camera Mode,Mode de caméra automatique,Modalità telecamera automatica,Automatic Camera Mode,Automatic Camera Mode,Automatic Camera Mode,Automatic Camera Mode,Automatyczny tryb kamery,Автоматический режим камеры,自动相机模式,Automatic Camera Mode,Automatic Camera Mode,Automatic Camera Mode,Automatic Camera Mode,Automatic Camera Mode,Automatic Camera Mode,,Localized
Menu/Settings/Notifications/Passive/AutoModeCameraContext/Desc,Text,,Appears when the camera automatically switches context.,Apparaît lorsque la caméra change automatiquement de contexte.,Viene mostrata quando la telecamera cambia contesto automaticamente.,Appears when the camera automatically switches context.,Appears when the camera automatically switches context.,Appears when the camera automatically switches context.,Appears when the camera automatically switches context.,"Pojawia się, gdy kamera automatycznie zmienia tryb.",Появляется при автоматическом переключении режима камеры.,当相机根据当前场景自动切换视角模式时，会显示此提示。,Appears when the camera automatically switches context.,Appears when the camera automatically switches context.,Appears when the camera automatically switches context.,Appears when the camera automatically switches context.,Appears when the camera automatically switches context.,Appears when the camera automatically switches context.,,Localized
Menu/Settings/Notifications/Passive/FlightControlsDocking,Text,,Docking Controls,Commandes d'amarrage,Comandi di attracco,Docking Controls,Docking Controls,Docking Controls,Docking Controls,Sterowanie dokowaniem,Управление стыковкой,对接控制,Docking Controls,Docking Controls,Docking Controls,Docking Controls,Docking Controls,Docking Controls,,Localized
Menu/Settings/Notifications/Passive/FlightControlsDocking/Desc,Text,,Appears when flight controls switch to docking mode.,Apparaît lorsque les commandes de vol passent en mode amarrage.,Viene mostrata quando i comandi di volo passano alla modalità di attracco.,Appears when flight controls switch to docking mode.,Appears when flight controls switch to docking mode.,Appears when flight controls switch to docking mode.,Appears when flight controls switch to docking mode.,"Pojawia się, gdy sterowanie lotem przełącza się na tryb dokowania.",Появляется при переключении органов управления полетом в режим стыковки.,当飞行控制切换至对接模式时，会显示此提示。,Appears when flight controls switch to docking mode.,Appears when flight controls switch to docking mode.,Appears when flight controls switch to docking mode.,Appears when flight controls switch to docking mode.,Appears when flight controls switch to docking mode.,Appears when flight controls switch to docking mode.,,Localized
Menu/Settings/Notifications/Passive/FlightControlsNormal,Text,,Standard Controls,Commandes standard,Comandi standard,Standard Controls,Standard Controls,Standard Controls,Standard Controls,Sterowanie standardowe,Стандартное управление,标准控制,Standard Controls,Standard Controls,Standard Controls,Standard Controls,Standard Controls,Standard Controls,,Localized
Menu/Settings/Notifications/Passive/FlightControlsNormal/Desc,Text,,Appears when flight controls switch back to standard mode.,Apparaît lorsque les commandes de vol repassent en mode standard.,Viene mostrata quando i comandi di volo tornano alla modalità standard.,Appears when flight controls switch back to standard mode.,Appears when flight controls switch back to standard mode.,Appears when flight controls switch back to standard mode.,Appears when flight controls switch back to standard mode.,"Pojawia się, gdy sterowanie lotem powraca do trybu standardowego.","Появляется, когда элементы управления полетом переключаются обратно в стандартный режим.",当飞行控制切换回标准模式时，会显示此提示。,Appears when flight controls switch back to standard mode.,Appears when flight controls switch back to standard mode.,Appears when flight controls switch back to standard mode.,Appears when flight controls switch back to standard mode.,Appears when flight controls switch back to standard mode.,Appears when flight controls switch back to standard mode.,,Localized
Menu/Settings/Notifications/Passive/FlightInputPrecisionMode,Text,,Precision Control Enabled,Contrôle de précision activé,Controllo di precisione attivato,Precision Control Enabled,Precision Control Enabled,Precision Control Enabled,Precision Control Enabled,Włączono sterowanie precyzyjne,Включено точное управление,精细控制已启用,Precision Control Enabled,Precision Control Enabled,Precision Control Enabled,Precision Control Enabled,Precision Control Enabled,Precision Control Enabled,,Localized
Menu/Settings/Notifications/Passive/FlightInputPrecisionMode/Desc,Text,,Appears when precision input mode is turned on.,Apparaît lorsque le mode de saisie de précision est activé.,Viene mostrata quando viene attivato il controllo di precisione.,Appears when precision input mode is turned on.,Appears when precision input mode is turned on.,Appears when precision input mode is turned on.,Appears when precision input mode is turned on.,"Pojawia się, gdy włączony jest tryb precyzyjnego sterowania.",Появляется при включении режима точного управления.,当精细输入模式开启时，会显示此提示。,Appears when precision input mode is turned on.,Appears when precision input mode is turned on.,Appears when precision input mode is turned on.,Appears when precision input mode is turned on.,Appears when precision input mode is turned on.,Appears when precision input mode is turned on.,,Localized
Menu/Settings/Notifications/Passive/FlightInputNormalMode,Text,,Precision Control Disabled,Contrôle de précision désactivé,Controllo di precisione disattivato,Precision Control Disabled,Precision Control Disabled,Precision Control Disabled,Precision Control Disabled,Wyłączono sterowanie precyzyjne,Точное управление отключено,精密控制已禁用,Precision Control Disabled,Precision Control Disabled,Precision Control Disabled,Precision Control Disabled,Precision Control Disabled,Precision Control Disabled,,Localized
Menu/Settings/Notifications/Passive/FlightInputNormalMode/Desc,Text,,Appears when precision input mode is turned off.,Apparaît lorsque le mode de saisie de précision est désactivé.,Viene mostrata quando viene disattivata la modalità di precisione dei controlli.,Appears when precision input mode is turned off.,Appears when precision input mode is turned off.,Appears when precision input mode is turned off.,Appears when precision input mode is turned off.,"Pojawia się, gdy wyłączony jest tryb precyzyjnego sterowania.","Появляется, когда режим точного управления отключен.",当精密输入模式关闭时，会显示此提示。,Appears when precision input mode is turned off.,Appears when precision input mode is turned off.,Appears when precision input mode is turned off.,Appears when precision input mode is turned off.,Appears when precision input mode is turned off.,Appears when precision input mode is turned off.,,Localized
Menu/Settings/Notifications/Passive/FlightTrimApplied,Text,,Trim Applied,Trim appliqué,Compensazione applicata,Trim Applied,Trim Applied,Trim Applied,Trim Applied,Zastosowano trymowanie,Триммер включен,配平已应用,Compensador aplicado,Trim Applied,Trim Applied,Trim Applied,Trim Applied,Trim Applied,,Localized
Menu/Settings/Notifications/Passive/FlightTrimApplied/Desc,Text,,Appears when control trim is applied.,Apparaît lorsqu'un trim de commande est appliqué.,Viene mostrata quando viene applicata la compensazione dei comandi.,Appears when control trim is applied.,Appears when control trim is applied.,Appears when control trim is applied.,Appears when control trim is applied.,"Pojawia się, gdy zastosowane zostanie trymowanie sterów.",Появляется при включении триммера управления.,当应用了配平时，会显示此提示。,Aparece quando o compensador é aplicado,Appears when control trim is applied.,Appears when control trim is applied.,Appears when control trim is applied.,Appears when control trim is applied.,Appears when control trim is applied.,,Localized
Menu/Settings/Notifications/Passive/FlightTrimReset,Text,,Trim Reset,Trim réinitialisé,Compensazione azzerata,Trim Reset,Trim Reset,Trim Reset,Trim Reset,Zresetowano trymowanie,Сброс триммера,配平已重置,Compensador redefinido,Trim Reset,Trim Reset,Trim Reset,Trim Reset,Trim Reset,,Localized
Menu/Settings/Notifications/Passive/FlightTrimReset/Desc,Text,,Appears when control trim is cleared.,Apparaît lorsque le trim de commande est effacé.,Viene mostrata quando viene cancellata la compensazione dei comandi.,Appears when control trim is cleared.,Appears when control trim is cleared.,Appears when control trim is cleared.,Appears when control trim is cleared.,"Pojawia się, gdy trymowanie sterów zostanie wyzerowane.",Появляется при сбросе настроек триммера управления.,当配平被清除时，会显示此提示。,Aparece quando o compensador de comando é zerado.,Appears when control trim is cleared.,Appears when control trim is cleared.,Appears when control trim is cleared.,Appears when control trim is cleared.,Appears when control trim is cleared.,,Localized
Menu/Settings/Notifications/Passive/TimeWarpCantIncreaseAltitude,Text,,Time Warp Limited by Altitude,Avance rapide limitée par l'altitude,Accelerazione temporale limitata dall'altitudine,Time Warp Limited by Altitude,Time Warp Limited by Altitude,Time Warp Limited by Altitude,Time Warp Limited by Altitude,Przyspieszenie czasu ograniczone przez wysokość,Искажение времени ограничено высотой,时间加速受高度限制,Time Warp Limited by Altitude,Time Warp Limited by Altitude,Time Warp Limited by Altitude,Time Warp Limited by Altitude,Time Warp Limited by Altitude,Time Warp Limited by Altitude,,Localized
Menu/Settings/Notifications/Passive/TimeWarpCantIncreaseAltitude/Desc,Text,,Appears when time warp cannot be increased because the vessel is too low.,Apparaît lorsque l'avance rapide ne peut pas être augmentée car le vaisseau est trop bas.,Viene mostrata quando non è possibile aumentare l'accelerazione temporale perché il veicolo si trova a un'altitudine troppo bassa.,Appears when time warp cannot be increased because the vessel is too low.,Appears when time warp cannot be increased because the vessel is too low.,Appears when time warp cannot be increased because the vessel is too low.,Appears when time warp cannot be increased because the vessel is too low.,"Pojawia się, gdy nie można zwiększyć przyspieszenia czasu, ponieważ statek znajduje się zbyt nisko.","Появляется, когда скорость изменения времени невозможно увеличить, потому что аппарат находится слишком низко.",当航天器因高度过低而无法提高时间加速倍率时，会显示此提示。,Appears when time warp cannot be increased because the vessel is too low.,Appears when time warp cannot be increased because the vessel is too low.,Appears when time warp cannot be increased because the vessel is too low.,Appears when time warp cannot be increased because the vessel is too low.,Appears when time warp cannot be increased because the vessel is too low.,Appears when time warp cannot be increased because the vessel is too low.,,Localized
Menu/Settings/Notifications/Passive/TimeWarpToLocationCompleted,Text,,Warp-To Complete,Avance rapide terminée,Accelerazione temporale completata,Warp-To Complete,Warp-To Complete,Warp-To Complete,Warp-To Complete,Zakończono przyspieszanie do celu,Перемещение к точке завершено,时间加速已完成,Warp-To Complete,Warp-To Complete,Warp-To Complete,Warp-To Complete,Warp-To Complete,Warp-To Complete,,Localized
Menu/Settings/Notifications/Passive/TimeWarpToLocationCompleted/Desc,Text,,Appears when an automatic warp to a target time finishes.,Apparaît lorsqu'une avance rapide automatique vers un temps cible se termine.,Viene mostrata quando termina un'accelerazione temporale automatica verso un bersaglio.,Appears when an automatic warp to a target time finishes.,Appears when an automatic warp to a target time finishes.,Appears when an automatic warp to a target time finishes.,Appears when an automatic warp to a target time finishes.,"Pojawia się, gdy automatyczne przyspieszenie czasu do docelowego momentu dobiegnie końca.",Появляется после завершения автоматического перемещения во времени к заданной точке.,当自动时间加速到达预设目标点时，会显示此提示。,Appears when an automatic warp to a target time finishes.,Appears when an automatic warp to a target time finishes.,Appears when an automatic warp to a target time finishes.,Appears when an automatic warp to a target time finishes.,Appears when an automatic warp to a target time finishes.,Appears when an automatic warp to a target time finishes.,,Localized
Menu/Settings/Notifications/Passive/TimeWarpDecreasingOrbitalEvent,Text,,Time Warp Reduced for Orbital Event,Avance rapide réduite pour un événement orbital,Accelerazione temporale ridotta per evento orbitale,Time Warp Reduced for Orbital Event,Time Warp Reduced for Orbital Event,Time Warp Reduced for Orbital Event,Time Warp Reduced for Orbital Event,Zmniejszono przyspieszenie ze względu na zdarzenie orbitalne,Уменьшение искажения времени при орбитальном событии,时间加速因轨道事件降低,Time Warp Reduced for Orbital Event,Time Warp Reduced for Orbital Event,Time Warp Reduced for Orbital Event,Time Warp Reduced for Orbital Event,Time Warp Reduced for Orbital Event,Time Warp Reduced for Orbital Event,,Localized
Menu/Settings/Notifications/Passive/TimeWarpDecreasingOrbitalEvent/Desc,Text,,Appears when time warp is automatically lowered ahead of a maneuver or sphere-of-influence change.,Apparaît lorsque l'avance rapide est automatiquement réduite avant une manœuvre ou un changement de sphère d'influence.,Viene mostrata quando l'accelerazione temporale viene ridotta automaticamente prima di una manovra o di una transizione di SdI.,Appears when time warp is automatically lowered ahead of a maneuver or sphere-of-influence change.,Appears when time warp is automatically lowered ahead of a maneuver or sphere-of-influence change.,Appears when time warp is automatically lowered ahead of a maneuver or sphere-of-influence change.,Appears when time warp is automatically lowered ahead of a maneuver or sphere-of-influence change.,"Pojawia się, gdy przyspieszenie czasu zostaje automatycznie zmniejszone przed manewrem lub zmianą strefy wpływów.","Появляется, когда скорость искажения времени автоматически снижается перед выполнением маневра или изменением сферы притяжения.",当时间加速在机动或引力范围变化之前自动降低时，会显示此提示。,Appears when time warp is automatically lowered ahead of a maneuver or sphere-of-influence change.,Appears when time warp is automatically lowered ahead of a maneuver or sphere-of-influence change.,Appears when time warp is automatically lowered ahead of a maneuver or sphere-of-influence change.,Appears when time warp is automatically lowered ahead of a maneuver or sphere-of-influence change.,Appears when time warp is automatically lowered ahead of a maneuver or sphere-of-influence change.,Appears when time warp is automatically lowered ahead of a maneuver or sphere-of-influence change.,,Localized
Menu/Settings/Notifications/Passive/ForceDecreaseTimeWarp,Text,,Time Warp Reduced,Avance rapide réduite,Accelerazione temporale ridotta,Time Warp Reduced,Time Warp Reduced,Time Warp Reduced,Time Warp Reduced,Zmniejszono przyspieszenie czasu,Уменьшение искажения времени,时间加速已降低,Time Warp Reduced,Time Warp Reduced,Time Warp Reduced,Time Warp Reduced,Time Warp Reduced,Time Warp Reduced,,Localized
Menu/Settings/Notifications/Passive/ForceDecreaseTimeWarp/Desc,Text,,Appears when time warp is automatically lowered because the current rate is no longer allowed.,Apparaît lorsque l'avance rapide est automatiquement réduite car la vitesse actuelle n'est plus autorisée.,Viene mostrata quando l'accelerazione temporale viene ridotta automaticamente perché il moltiplicatore attuale non è più consentito.,Appears when time warp is automatically lowered because the current rate is no longer allowed.,Appears when time warp is automatically lowered because the current rate is no longer allowed.,Appears when time warp is automatically lowered because the current rate is no longer allowed.,Appears when time warp is automatically lowered because the current rate is no longer allowed.,"Pojawia się, gdy przyspieszenie czasu zostaje automatycznie zmniejszone, ponieważ obecna prędkość nie jest już dozwolona.","Появляется, когда скорость изменения времени автоматически снижается, поскольку текущая скорость больше не допускается.",当时间加速因当前倍率不被允许而自动降低时，会显示此提示。,Appears when time warp is automatically lowered because the current rate is no longer allowed.,Appears when time warp is automatically lowered because the current rate is no longer allowed.,Appears when time warp is automatically lowered because the current rate is no longer allowed.,Appears when time warp is automatically lowered because the current rate is no longer allowed.,Appears when time warp is automatically lowered because the current rate is no longer allowed.,Appears when time warp is automatically lowered because the current rate is no longer allowed.,,Localized
Menu/Settings/Notifications/Passive/ThrottleLockedDueToTimeWarp,Text,,Throttle Locked,Gaz bloqués,Manetta bloccata,Throttle Locked,Throttle Locked,Throttle Locked,Throttle Locked,Ciąg zablokowany,Дроссель заблокирован,节流阀已锁定,Throttle Locked,Throttle Locked,Throttle Locked,Throttle Locked,Throttle Locked,Throttle Locked,,Localized
Menu/Settings/Notifications/Passive/ThrottleLockedDueToTimeWarp/Desc,Text,,Appears when the throttle is locked because time warp is active.,Apparaît lorsque les gaz sont bloqués car l'avance rapide est active.,Viene mostrata quando la manetta è bloccata perché l'accelerazione temporale è attiva.,Appears when the throttle is locked because time warp is active.,Appears when the throttle is locked because time warp is active.,Appears when the throttle is locked because time warp is active.,Appears when the throttle is locked because time warp is active.,"Pojawia się, gdy przepustnica zostaje zablokowana z powodu aktywnego przyspieszenia czasu.","Появляется, когда дроссель заблокирован, поскольку активирована функция искажения времени.",当节流阀因时间加速激活而被锁定时，会显示此提示。,Appears when the throttle is locked because time warp is active.,Appears when the throttle is locked because time warp is active.,Appears when the throttle is locked because time warp is active.,Appears when the throttle is locked because time warp is active.,Appears when the throttle is locked because time warp is active.,Appears when the throttle is locked because time warp is active.,,Localized
Menu/Settings/Notifications/Passive/EngineInAirBreathingMode,Text,,Air-Breathing Mode,Mode aérobie,Modalità a ciclo aspirato,Air-Breathing Mode,Air-Breathing Mode,Air-Breathing Mode,Air-Breathing Mode,Tryb atmosferyczny silnika,Воздушно-реактивный режим,吸气模式,Air-Breathing Mode,Air-Breathing Mode,Air-Breathing Mode,Air-Breathing Mode,Air-Breathing Mode,Air-Breathing Mode,,Localized
Menu/Settings/Notifications/Passive/EngineInAirBreathingMode/Desc,Text,,Appears when an engine switches to air-breathing mode.,Apparaît lorsqu'un moteur passe en mode aérobie.,Viene mostrata quando un motore passa alla modalità a ciclo aspirato.,Appears when an engine switches to air-breathing mode.,Appears when an engine switches to air-breathing mode.,Appears when an engine switches to air-breathing mode.,Appears when an engine switches to air-breathing mode.,"Pojawia się, gdy silnik przełącza się w tryb atmosferyczny.","Появляется, когда двигатель переключается в воздушно-реактивный режим.",当引擎切换至吸气模式时，会显示此提示。,Appears when an engine switches to air-breathing mode.,Appears when an engine switches to air-breathing mode.,Appears when an engine switches to air-breathing mode.,Appears when an engine switches to air-breathing mode.,Appears when an engine switches to air-breathing mode.,Appears when an engine switches to air-breathing mode.,,Localized
Menu/Settings/Notifications/Passive/GamePauseToggled,Text,,Game Paused,Jeu en pause,Gioco in pausa,Game Paused,Game Paused,Game Paused,Game Paused,Gra wstrzymana,Игра приостановлена,游戏暂停,Game Paused,Game Paused,Game Paused,Game Paused,Game Paused,Game Paused,,Localized
Menu/Settings/Notifications/Passive/GamePauseToggled/Desc,Text,,Appears when the game is paused or unpaused.,Apparaît lorsque le jeu est mis en pause ou repris.,Viene mostrata quando il gioco viene messo in pausa o ripreso.,Appears when the game is paused or unpaused.,Appears when the game is paused or unpaused.,Appears when the game is paused or unpaused.,Appears when the game is paused or unpaused.,"Pojawia się, gdy gra zostaje wstrzymana lub wznowiona.",Появляется при приостановке или возобновлении игры.,当游戏暂停或取消暂停时，会显示此提示。,Appears when the game is paused or unpaused.,Appears when the game is paused or unpaused.,Appears when the game is paused or unpaused.,Appears when the game is paused or unpaused.,Appears when the game is paused or unpaused.,Appears when the game is paused or unpaused.,,Localized
Menu/Settings/Notifications/Passive/MuteSoundChanged,Text,,Sound Effects Muted,Effets sonores coupés,Effetti sonori disattivati,Sound Effects Muted,Sound Effects Muted,Sound Effects Muted,Sound Effects Muted,Efekty dźwiękowe wyciszone,Звуковые эффекты отключены,已关闭音效,Sound Effects Muted,Sound Effects Muted,Sound Effects Muted,Sound Effects Muted,Sound Effects Muted,Sound Effects Muted,,Localized
Menu/Settings/Notifications/Passive/MuteSoundChanged/Desc,Text,,Appears when sound effects are muted or unmuted.,Apparaît lorsque les effets sonores sont coupés ou réactivés.,Viene mostrata quando gli effetti sonori vengono disattivati o riattivati.,Appears when sound effects are muted or unmuted.,Appears when sound effects are muted or unmuted.,Appears when sound effects are muted or unmuted.,Appears when sound effects are muted or unmuted.,"Pojawia się, gdy efekty dźwiękowe zostają wyciszone lub ponownie włączone.",Появляется при включении или выключении звуковых эффектов.,当音效被静音或取消静音时，会显示此提示。,Appears when sound effects are muted or unmuted.,Appears when sound effects are muted or unmuted.,Appears when sound effects are muted or unmuted.,Appears when sound effects are muted or unmuted.,Appears when sound effects are muted or unmuted.,Appears when sound effects are muted or unmuted.,,Localized
Menu/Settings/Notifications/Passive/MuteMusicChanged,Text,,Music Muted,Musique coupée,Musica disattivata,Music Muted,Music Muted,Music Muted,Music Muted,Muzyka wyciszona,Музыка отключена,已关闭音乐,Music Muted,Music Muted,Music Muted,Music Muted,Music Muted,Music Muted,,Localized
Menu/Settings/Notifications/Passive/MuteMusicChanged/Desc,Text,,Appears when music is muted or unmuted.,Apparaît lorsque la musique est coupée ou réactivée.,Viene mostrata quando la musica viene disattivata o riattivata.,Appears when music is muted or unmuted.,Appears when music is muted or unmuted.,Appears when music is muted or unmuted.,Appears when music is muted or unmuted.,"Pojawia się, gdy muzyka zostaje wyciszona lub ponownie włączona.",Появляется при включении или выключении музыки.,当音乐被静音或取消静音时，会显示此提示,Appears when music is muted or unmuted.,Appears when music is muted or unmuted.,Appears when music is muted or unmuted.,Appears when music is muted or unmuted.,Appears when music is muted or unmuted.,Appears when music is muted or unmuted.,,Localized
Menu/Settings/Notifications/Passive/QuickSaveComplete,Text,,Quicksave Complete,Sauvegarde rapide terminée,Salvataggio rapido completato,Quicksave Complete,Quicksave Complete,Quicksave Complete,Quicksave Complete,Zakończono szybki zapis,Быстрое сохранение завершено,快速存档已完成,Quicksave Complete,Quicksave Complete,Quicksave Complete,Quicksave Complete,Quicksave Complete,Quicksave Complete,,Localized
Menu/Settings/Notifications/Passive/QuickSaveComplete/Desc,Text,,Appears when a quicksave finishes writing.,Apparaît lorsqu'une sauvegarde rapide a fini d'être écrite.,Viene mostrata quando viene completato il salvataggio rapido.,Appears when a quicksave finishes writing.,Appears when a quicksave finishes writing.,Appears when a quicksave finishes writing.,Appears when a quicksave finishes writing.,"Pojawia się, gdy szybki zapis gry dobiegnie końca.","Появляется, когда завершается запись в быстрое сохранение.",当快速存档保存完成时，会显示此提示。,Appears when a quicksave finishes writing.,Appears when a quicksave finishes writing.,Appears when a quicksave finishes writing.,Appears when a quicksave finishes writing.,Appears when a quicksave finishes writing.,Appears when a quicksave finishes writing.,,Localized
Menu/Settings/Notifications/Passive/NewMissionAvailable,Text,,New Mission Available,Nouvelle mission disponible,Nuova missione disponibile,New Mission Available,New Mission Available,New Mission Available,New Mission Available,Dostępna nowa misja,Доступна новая миссия,新任务可用,New Mission Available,New Mission Available,New Mission Available,New Mission Available,New Mission Available,New Mission Available,,Localized
Menu/Settings/Notifications/Passive/NewMissionAvailable/Desc,Text,,Appears when a new mission becomes available.,Apparaît lorsqu'une nouvelle mission devient disponible.,Viene mostrata quando una nuova missione diventa disponibile.,Appears when a new mission becomes available.,Appears when a new mission becomes available.,Appears when a new mission becomes available.,Appears when a new mission becomes available.,"Pojawia się, gdy nowa misja staje się dostępna.","Появляется, когда становится доступна новая миссия.",当新任务可用时，会显示此提示。,Appears when a new mission becomes available.,Appears when a new mission becomes available.,Appears when a new mission becomes available.,Appears when a new mission becomes available.,Appears when a new mission becomes available.,Appears when a new mission becomes available.,,Localized
Menu/Settings/Notifications/Passive/MissionTracked,Text,,Mission Tracked,Mission suivie,Tracciamento missione attivo,Mission Tracked,Mission Tracked,Mission Tracked,Mission Tracked,Śledzenie misji,Миссия отслеживается,任务已追踪,Mission Tracked,Mission Tracked,Mission Tracked,Mission Tracked,Mission Tracked,Mission Tracked,,Localized
Menu/Settings/Notifications/Passive/MissionTracked/Desc,Text,,Appears when a mission is added to tracking.,Apparaît lorsqu'une mission est ajoutée au suivi.,Viene mostrata quando una missione viene aggiunta al tracciamento.,Appears when a mission is added to tracking.,Appears when a mission is added to tracking.,Appears when a mission is added to tracking.,Appears when a mission is added to tracking.,"Pojawia się, gdy misja zostaje dodana do śledzonych.",Появляется при добавлении миссии в систему отслеживания.,当任务被加入追踪时，会显示此提示。,Appears when a mission is added to tracking.,Appears when a mission is added to tracking.,Appears when a mission is added to tracking.,Appears when a mission is added to tracking.,Appears when a mission is added to tracking.,Appears when a mission is added to tracking.,,Localized
Menu/Settings/Notifications/Passive/MissionUntracked,Text,,Mission Untracked,Mission non suivie,Tracciamento missione disattivato,Mission Untracked,Mission Untracked,Mission Untracked,Mission Untracked,Zakończono śledzenie misji,Миссия не отслеживается,任务取消追踪,Mission Untracked,Mission Untracked,Mission Untracked,Mission Untracked,Mission Untracked,Mission Untracked,,Localized
Menu/Settings/Notifications/Passive/MissionUntracked/Desc,Text,,Appears when a mission is removed from tracking.,Apparaît lorsqu'une mission est retirée du suivi.,Viene mostrata quando si disattiva il tracciamento di una missione.,Appears when a mission is removed from tracking.,Appears when a mission is removed from tracking.,Appears when a mission is removed from tracking.,Appears when a mission is removed from tracking.,"Pojawia się, gdy misja zostaje usunięta ze śledzonych.","Появляется, когда миссия удаляется из системы отслеживания.",当任务被取消追踪时，会显示此提示。,Appears when a mission is removed from tracking.,Appears when a mission is removed from tracking.,Appears when a mission is removed from tracking.,Appears when a mission is removed from tracking.,Appears when a mission is removed from tracking.,Appears when a mission is removed from tracking.,,Localized
Menu/Settings/AutoSaveTitle,Text,,Auto Save Settings,Paramètres de sauvegarde automatique,Impostazioni salvataggio automatico,Auto Save Settings,Auto Save Settings,Auto Save Settings,Auto Save Settings,Auto Save Settings,Настройки автосохранения,自动保存设置,Auto Save Settings,Auto Save Settings,Auto Save Settings,Auto Save Settings,Auto Save Settings,Auto Save Settings,,Localized
Menu/Settings/EnableAutoSave,Text,,Enable Auto Saves,Activer les sauvegardes automatiques,Abilita salvataggio automatico,Enable Auto Saves,Enable Auto Saves,Enable Auto Saves,Enable Auto Saves,Enable Auto Saves,Включить автосохранения,启用自动保存,Enable Auto Saves,Enable Auto Saves,Enable Auto Saves,Enable Auto Saves,Enable Auto Saves,Enable Auto Saves,,Localized
Menu/Settings/AutoSaveCooldown,Text,,Auto Save Time,Délai de sauvegarde automatique,Frequenza salvataggio automatico,Auto Save Time,Auto Save Time,Auto Save Time,Auto Save Time,Auto Save Time,Интервал автосохранения,自动保存间隔,Auto Save Time,Auto Save Time,Auto Save Time,Auto Save Time,Auto Save Time,Auto Save Time,,Localized
Menu/Settings/Descriptions/AutoSaveCooldown,Text,,The time it will take to auto save in seconds.,"Le temps, en secondes, avant qu'une sauvegarde automatique soit effectuée.",Tempo d'attesa in secondi per il salvataggio automatico,The time it will take to auto save in seconds.,The time it will take to auto save in seconds.,The time it will take to auto save in seconds.,The time it will take to auto save in seconds.,The time it will take to auto save in seconds.,"Интервал между автосохранениями, в секундах.",两次自动保存之间的时间间隔，单位秒。,The time it will take to auto save in seconds.,The time it will take to auto save in seconds.,The time it will take to auto save in seconds.,The time it will take to auto save in seconds.,The time it will take to auto save in seconds.,The time it will take to auto save in seconds.,,Localized
Menu/Settings/AutoSaveMaxCount,Text,,Maximum Amount of Auto Saves,Nombre maximum de sauvegardes automatiques,Numero massimo di salvataggi automatici,Maximum Amount of Auto Saves,Maximum Amount of Auto Saves,Maximum Amount of Auto Saves,Maximum Amount of Auto Saves,Maximum Amount of Auto Saves,Максимальное количество автосохранений,自动存档的最大数量,Maximum Amount of Auto Saves,Maximum Amount of Auto Saves,Maximum Amount of Auto Saves,Maximum Amount of Auto Saves,Maximum Amount of Auto Saves,Maximum Amount of Auto Saves,,Localized
Menu/Settings/Description/AutoSaveMaxCount,Text,,The maximum amount of auto save files before it overwrites the oldest one.,Le nombre maximum de fichiers de sauvegarde automatique avant que le plus ancien ne soit écrasé.,Numero massimo di file di salvataggio automatico consentiti prima che venga sovrascritto il più vecchio,The maximum amount of auto save files before it overwrites the oldest one.,The maximum amount of auto save files before it overwrites the oldest one.,The maximum amount of auto save files before it overwrites the oldest one.,The maximum amount of auto save files before it overwrites the oldest one.,The maximum amount of auto save files before it overwrites the oldest one.,"Максимальное количество файлов автосохранения, после которого самый старый файл будет перезаписан.",自动保存存档的最大数量，超过这一数量会删除最旧的自动存档。,The maximum amount of auto save files before it overwrites the oldest one.,The maximum amount of auto save files before it overwrites the oldest one.,The maximum amount of auto save files before it overwrites the oldest one.,The maximum amount of auto save files before it overwrites the oldest one.,The maximum amount of auto save files before it overwrites the oldest one.,The maximum amount of auto save files before it overwrites the oldest one.,,Localized
Menu/Settings/EnableSOIChangeAutoSave,Text,,"Enable ""SOI Changed"" Auto Save events",Activer les sauvegardes automatiques lors des événements « Changement de SDI »,"Abilita i salvataggi automatici per l'evento ""Transizione di SdI""","Enable ""SOI Changed"" Auto Save events","Enable ""SOI Changed"" Auto Save events","Enable ""SOI Changed"" Auto Save events","Enable ""SOI Changed"" Auto Save events","Enable ""SOI Changed"" Auto Save events","Включить автосохранения при событии ""Смена Сферы"".",在引力范围变化时自动保存,"Enable ""SOI Changed"" Auto Save events","Enable ""SOI Changed"" Auto Save events","Enable ""SOI Changed"" Auto Save events","Enable ""SOI Changed"" Auto Save events","Enable ""SOI Changed"" Auto Save events","Enable ""SOI Changed"" Auto Save events",,Localized
Menu/Settings/EnableVesselLandedAutoSave,Text,,"Enable ""Vessel Landed"" Auto Save events",Activer les sauvegardes automatiques lors des événements « Vaisseau posé »,"Abilita i salvataggi automatici per l'evento ""Veicolo Atterrato""","Enable ""Vessel Landed"" Auto Save events","Enable ""Vessel Landed"" Auto Save events","Enable ""Vessel Landed"" Auto Save events","Enable ""Vessel Landed"" Auto Save events","Enable ""Vessel Landed"" Auto Save events","Включить автосохранения при событии ""Аппарат приземлился""",在航天器着陆时自动保存,"Enable ""Vessel Landed"" Auto Save events","Enable ""Vessel Landed"" Auto Save events","Enable ""Vessel Landed"" Auto Save events","Enable ""Vessel Landed"" Auto Save events","Enable ""Vessel Landed"" Auto Save events","Enable ""Vessel Landed"" Auto Save events",,Localized
Menu/Settings/EnableVesselSplashedAutoSave,Text,,"Enable ""Vessel Splashed"" Auto Save events",Activer les sauvegardes automatiques lors des événements « Vaisseau amerri »,"Abilita i salvataggi automatici per l'evento ""Veicolo ammarato""","Enable ""Vessel Splashed"" Auto Save events","Enable ""Vessel Splashed"" Auto Save events","Enable ""Vessel Splashed"" Auto Save events","Enable ""Vessel Splashed"" Auto Save events","Enable ""Vessel Splashed"" Auto Save events","Включить автосохранения при событии ""Аппарат приводнился"".",在飞船溅落时自动保存,"Enable ""Vessel Splashed"" Auto Save events","Enable ""Vessel Splashed"" Auto Save events","Enable ""Vessel Splashed"" Auto Save events","Enable ""Vessel Splashed"" Auto Save events","Enable ""Vessel Splashed"" Auto Save events","Enable ""Vessel Splashed"" Auto Save events",,Localized
Menu/Settings/EnableVesselAtmosphereTransitionAutoSave,Text,,"Enable ""Atmosphere Transition"" Auto Save events",Activer les sauvegardes automatiques lors des événements « Transition atmosphérique »,"Abilita i salvataggi automatici per l'evento ""Transizione atmosferica""","Enable ""Atmosphere Transition"" Auto Save events","Enable ""Atmosphere Transition"" Auto Save events","Enable ""Atmosphere Transition"" Auto Save events","Enable ""Atmosphere Transition"" Auto Save events","Enable ""Atmosphere Transition"" Auto Save events","Включить автосохранения при событии ""Граница атмосферы"".",在进入或离开大气层时自动保存,"Enable ""Atmosphere Transition"" Auto Save events","Enable ""Atmosphere Transition"" Auto Save events","Enable ""Atmosphere Transition"" Auto Save events","Enable ""Atmosphere Transition"" Auto Save events","Enable ""Atmosphere Transition"" Auto Save events","Enable ""Atmosphere Transition"" Auto Save events",,Localized
Menu/Settings/MaxVesselLandedAutoSaveCount,Text,,"Max amount of ""Vessel Landed"" Auto Save files",Nombre maximum de fichiers de sauvegarde automatique « Vaisseau posé »,"Numero massimo di file di salvataggio automatico per ""Veicolo Atterrato""","Max amount of ""Vessel Landed"" Auto Save files","Max amount of ""Vessel Landed"" Auto Save files","Max amount of ""Vessel Landed"" Auto Save files","Max amount of ""Vessel Landed"" Auto Save files","Max amount of ""Vessel Landed"" Auto Save files","Максимальное количество автосохранений ""Аппарат приземлился""",航天器着陆的自动存档最大数量,"Max amount of ""Vessel Landed"" Auto Save files","Max amount of ""Vessel Landed"" Auto Save files","Max amount of ""Vessel Landed"" Auto Save files","Max amount of ""Vessel Landed"" Auto Save files","Max amount of ""Vessel Landed"" Auto Save files","Max amount of ""Vessel Landed"" Auto Save files",,Localized
Menu/Settings/Descriptions/MaxVesselLandedAutoSaveCount,Text,,The maximum amount of auto save files before it overwrites the oldest one.,Le nombre maximum de fichiers de sauvegarde automatique avant que le plus ancien ne soit écrasé.,Numero massimo di file di salvataggio automatico consentiti prima che venga sovrascritto il più vecchio,The maximum amount of auto save files before it overwrites the oldest one.,The maximum amount of auto save files before it overwrites the oldest one.,The maximum amount of auto save files before it overwrites the oldest one.,The maximum amount of auto save files before it overwrites the oldest one.,The maximum amount of auto save files before it overwrites the oldest one.,"Максимальное количество файлов автосохранения, после которого самый старый файл будет перезаписан.",自动保存存档的最大数量，超过这一数量会删除最旧的自动存档。,The maximum amount of auto save files before it overwrites the oldest one.,The maximum amount of auto save files before it overwrites the oldest one.,The maximum amount of auto save files before it overwrites the oldest one.,The maximum amount of auto save files before it overwrites the oldest one.,The maximum amount of auto save files before it overwrites the oldest one.,The maximum amount of auto save files before it overwrites the oldest one.,,Localized
Menu/Settings/MaxVesselSplashedAutoSaveCount,Text,,"Max amount of ""Vessel Splashed"" Auto Save files",Nombre maximum de fichiers de sauvegarde automatique « Vaisseau amerri »,"Numero massimo di file di salvataggio automatico per ""Veicolo ammarato""","Max amount of ""Vessel Splashed"" Auto Save files","Max amount of ""Vessel Splashed"" Auto Save files","Max amount of ""Vessel Splashed"" Auto Save files","Max amount of ""Vessel Splashed"" Auto Save files","Max amount of ""Vessel Splashed"" Auto Save files","Максимальное количество автосохранений ""Аппарат приводнился""",航天器溅落的自动存档最大数量,"Max amount of ""Vessel Splashed"" Auto Save files","Max amount of ""Vessel Splashed"" Auto Save files","Max amount of ""Vessel Splashed"" Auto Save files","Max amount of ""Vessel Splashed"" Auto Save files","Max amount of ""Vessel Splashed"" Auto Save files","Max amount of ""Vessel Splashed"" Auto Save files",,Localized
Menu/Settings/Show CommNet Lines,Text,,Show CommNet Lines,Afficher les lignes CommNet,Mostra linee CommNet,Show CommNet Lines,Show CommNet Lines,Show CommNet Lines,Show CommNet Lines,Show CommNet Lines,Показать линии Телекома,显示通信网络,Show CommNet Lines,Show CommNet Lines,Show CommNet Lines,Show CommNet Lines,Show CommNet Lines,Show CommNet Lines,,Localized
Menu/Settings/Descriptions/Show CommNet Lines,Text,,Draw CommNet connection lines in the map view,Tracer les lignes de connexion CommNet sur la carte,Mostra le linee di connessione CommNet sulla mappa,Draw CommNet connection lines in the map view,Draw CommNet connection lines in the map view,Draw CommNet connection lines in the map view,Draw CommNet connection lines in the map view,Draw CommNet connection lines in the map view,Отображать линии Телекома в режиме карты.,在地图视图中绘制通信网络连接线,Draw CommNet connection lines in the map view,Draw CommNet connection lines in the map view,Draw CommNet connection lines in the map view,Draw CommNet connection lines in the map view,Draw CommNet connection lines in the map view,Draw CommNet connection lines in the map view,,Localized
Menu/Settings/Structural Effects,Text,,Structural Effects,Effets Structurels,Effetti strutturali,Structural Effects,Structural Effects,Structural Effects,Structural Effects,Structural Effects,Структурные эффекты,结构影响,Structural Effects,Structural Effects,Structural Effects,Structural Effects,Structural Effects,Structural Effects,,Localized
Menu/Settings/Stress VFX Source Limit,Text,,Stress VFX Source Limit,Limite de source des effets visuel de contrainte,Limite stress sorgenti VFX,Stress VFX Source Limit,Stress VFX Source Limit,Stress VFX Source Limit,Stress VFX Source Limit,Stress VFX Source Limit,Лимит источников напряжения VFX,应力视觉特效来源上限,Stress VFX Source Limit,Stress VFX Source Limit,Stress VFX Source Limit,Stress VFX Source Limit,Stress VFX Source Limit,Stress VFX Source Limit,,Localized
Menu/Settings/Descriptions/Stress VFX Source Limit,Text,,Maximum number of joint stress VFX sources that may be active at once. Select No Limit to remove the global cap.,Le nombre maximal d'effets visuel des joints en contrainte qui peuvent être actif à la foix. Sélectionnez aucune limite pour enlever la limite globale.,"Numero massimo di sorgenti VFX per le sollecitazioni dei giunti attive contemporaneamente. Seleziona ""Nessun limite"" per rimuovere il limite globale",Maximum number of joint stress VFX sources that may be active at once. Select No Limit to remove the global cap.,Maximum number of joint stress VFX sources that may be active at once. Select No Limit to remove the global cap.,Maximum number of joint stress VFX sources that may be active at once. Select No Limit to remove the global cap.,Maximum number of joint stress VFX sources that may be active at once. Select No Limit to remove the global cap.,Maximum number of joint stress VFX sources that may be active at once. Select No Limit to remove the global cap.,"Максимальное количество источников VFX-эффектов напряжения в соединениях, которые могут быть активны одновременно. Выберите «Без ограничений», чтобы снять глобальное ограничение.",可同时激活的连接点应力特效来源的最大数量。选择“无限制”可移除全局上限。,Maximum number of joint stress VFX sources that may be active at once. Select No Limit to remove the global cap.,Maximum number of joint stress VFX sources that may be active at once. Select No Limit to remove the global cap.,Maximum number of joint stress VFX sources that may be active at once. Select No Limit to remove the global cap.,Maximum number of joint stress VFX sources that may be active at once. Select No Limit to remove the global cap.,Maximum number of joint stress VFX sources that may be active at once. Select No Limit to remove the global cap.,Maximum number of joint stress VFX sources that may be active at once. Select No Limit to remove the global cap.,,Localized
Menu/Settings/No Limit,Text,,No Limit,Pas de limite,Nessun limite,No Limit,No Limit,No Limit,No Limit,No Limit,Без ограничения,无限制,No Limit,No Limit,No Limit,No Limit,No Limit,No Limit,,Localized
Menu/Settings/Camera,Text,,Camera,Caméra,Telecamera,Camera,Camera,Camera,Camera,Camera,Камера,相机,Camera,Camera,Camera,Camera,Camera,Camera,,Localized
Menu/Settings/Smooth Camera Transitions,Text,,Smooth Camera Transitions,Transitions de caméra douces,Transizioni fluide della telecamera,Smooth Camera Transitions,Smooth Camera Transitions,Smooth Camera Transitions,Smooth Camera Transitions,Smooth Camera Transitions,Плавные переходы камеры,相机平滑过渡,Smooth Camera Transitions,Smooth Camera Transitions,Smooth Camera Transitions,Smooth Camera Transitions,Smooth Camera Transitions,Smooth Camera Transitions,,Localized
Menu/Settings/Descriptions/Smooth Camera Transitions,Text,,"Slide the camera instead of teleporting it when decoupling, docking, undocking or switching to another vessel","Glisse la caméra au lieu de la téléporter pendant le découplage, l'amarrage, le désamarrage ou le changement vers un autre vaisseau","Trasla la telecamera anziché spostarla istantaneamente durante le fasi di accoppiamento, disaccoppiamento e cambio di veicolo","Slide the camera instead of teleporting it when decoupling, docking, undocking or switching to another vessel","Slide the camera instead of teleporting it when decoupling, docking, undocking or switching to another vessel","Slide the camera instead of teleporting it when decoupling, docking, undocking or switching to another vessel","Slide the camera instead of teleporting it when decoupling, docking, undocking or switching to another vessel","Slide the camera instead of teleporting it when decoupling, docking, undocking or switching to another vessel","При отсоединении, стыковке, отстыковке или переключении на другой аппарат перемещает камеру, а не телепортируйте её.",在分离、对接、解除对接或切换到另一艘航天器时，滑动相机视角而非瞬移。,"Slide the camera instead of teleporting it when decoupling, docking, undocking or switching to another vessel","Slide the camera instead of teleporting it when decoupling, docking, undocking or switching to another vessel","Slide the camera instead of teleporting it when decoupling, docking, undocking or switching to another vessel","Slide the camera instead of teleporting it when decoupling, docking, undocking or switching to another vessel","Slide the camera instead of teleporting it when decoupling, docking, undocking or switching to another vessel","Slide the camera instead of teleporting it when decoupling, docking, undocking or switching to another vessel",,Localized
Menu/Settings/Smooth Camera Transition Max Distance,Text,,Maximum Transition Distance,Distance de Transition Maximum,Distanza massima per le transizioni,Maximum Transition Distance,Maximum Transition Distance,Maximum Transition Distance,Maximum Transition Distance,Maximum Transition Distance,Максимальное расстояние перехода камеры,最大过渡距离,Maximum Transition Distance,Maximum Transition Distance,Maximum Transition Distance,Maximum Transition Distance,Maximum Transition Distance,Maximum Transition Distance,,Localized
Menu/Settings/Descriptions/Smooth Camera Transition Max Distance,Text,,Beyond this distance the camera jumps straight to its new target instead of sliding,Au dessus de cette distance la caméra saute directement à sa nouvelle cible au lieu de glisser,"Oltre questa distanza, la telecamera si sposta istantaneamente sul nuovo bersaglio anziché traslare",Beyond this distance the camera jumps straight to its new target instead of sliding,Beyond this distance the camera jumps straight to its new target instead of sliding,Beyond this distance the camera jumps straight to its new target instead of sliding,Beyond this distance the camera jumps straight to its new target instead of sliding,Beyond this distance the camera jumps straight to its new target instead of sliding,"За пределами этого расстояния камера сразу же перескакивает на новую цель, вместо того чтобы перемещаться.",超过此距离，相机将直接跳转到新目标，而非滑动。,Beyond this distance the camera jumps straight to its new target instead of sliding,Beyond this distance the camera jumps straight to its new target instead of sliding,Beyond this distance the camera jumps straight to its new target instead of sliding,Beyond this distance the camera jumps straight to its new target instead of sliding,Beyond this distance the camera jumps straight to its new target instead of sliding,Beyond this distance the camera jumps straight to its new target instead of sliding,,Localized
Menu/Settings/Flight Portrait Count,Text,,Crew Portraits Shown,Portraits de l'équipage affiché,Ritratti dell'equipaggio visualizzati,Crew Portraits Shown,Crew Portraits Shown,Crew Portraits Shown,Crew Portraits Shown,Crew Portraits Shown,Кол-во портретов членов экипажа,显示乘员头像,Crew Portraits Shown,Crew Portraits Shown,Crew Portraits Shown,Crew Portraits Shown,Crew Portraits Shown,Crew Portraits Shown,,Localized
Menu/Settings/Descriptions/Flight Portrait Count,Text,,How many crew portraits the flight panel shows at once.,Combien de portraits de l'équipage le panneau de vol montre à la foix.,Numero di ritratti dell'equipaggio mostrati contemporaneamente nel pannello di volo,How many crew portraits the flight panel shows at once.,How many crew portraits the flight panel shows at once.,How many crew portraits the flight panel shows at once.,How many crew portraits the flight panel shows at once.,How many crew portraits the flight panel shows at once.,Сколько портретов членов экипажа отображается на приборной панели одновременно.,飞行面板同时显示的乘员头像数量。,How many crew portraits the flight panel shows at once.,How many crew portraits the flight panel shows at once.,How many crew portraits the flight panel shows at once.,How many crew portraits the flight panel shows at once.,How many crew portraits the flight panel shows at once.,How many crew portraits the flight panel shows at once.,,Localized
Menu/Settings/Descriptions/EnableAutoSave,Text,,Enable periodic auto saves. This is separate from the event-driven auto save settings below.,Active les auto-sauvegardes périodique. Ceci est différent du paramétre d'auto-sauvegarde événementiel ci-dessous.,Abilita i salvataggi automatici periodici. Questa opzione è separata dalle impostazioni di salvataggio automatico basate su eventi riportate di seguito,Enable periodic auto saves. This is separate from the event-driven auto save settings below.,Enable periodic auto saves. This is separate from the event-driven auto save settings below.,Enable periodic auto saves. This is separate from the event-driven auto save settings below.,Enable periodic auto saves. This is separate from the event-driven auto save settings below.,Enable periodic auto saves. This is separate from the event-driven auto save settings below.,"Включить периодическое автосохранение. Эта настройка отличается от настроек автосохранений по событиям, описанных ниже.",启用定期自动保存。此设置与下方的事件驱动自动保存设置相互独立。,Enable periodic auto saves. This is separate from the event-driven auto save settings below.,Enable periodic auto saves. This is separate from the event-driven auto save settings below.,Enable periodic auto saves. This is separate from the event-driven auto save settings below.,Enable periodic auto saves. This is separate from the event-driven auto save settings below.,Enable periodic auto saves. This is separate from the event-driven auto save settings below.,Enable periodic auto saves. This is separate from the event-driven auto save settings below.,,Localized
Menu/Settings/Descriptions/MaxVesselSplashedAutoSaveCount,Text,,The maximum amount of auto save files before it overwrites the oldest one.,La quantité maximum de fichiers d'auto-sauvegarde avant que le plus ancien soit remplacé.,Numero massimo di salvataggi automatici conservati prima di sovrascrivere il più vecchio,The maximum amount of auto save files before it overwrites the oldest one.,The maximum amount of auto save files before it overwrites the oldest one.,The maximum amount of auto save files before it overwrites the oldest one.,The maximum amount of auto save files before it overwrites the oldest one.,The maximum amount of auto save files before it overwrites the oldest one.,"Максимальное количество файлов автосохранений, после которого самый старый файл будет перезаписан.",自动保存存档的最大数量，超过这一数量会删除最旧的自动存档。,The maximum amount of auto save files before it overwrites the oldest one.,The maximum amount of auto save files before it overwrites the oldest one.,The maximum amount of auto save files before it overwrites the oldest one.,The maximum amount of auto save files before it overwrites the oldest one.,The maximum amount of auto save files before it overwrites the oldest one.,The maximum amount of auto save files before it overwrites the oldest one.,,Localized
Menu/Settings/Descriptions/AutoSaveMaxCount,Text,,The maximum amount of auto save files before it overwrites the oldest one.,La quantité maximum de fichiers d'auto-sauvegarde avant que le plus ancien soit remplacé.,Numero massimo di salvataggi automatici conservati prima di sovrascrivere il più vecchio,The maximum amount of auto save files before it overwrites the oldest one.,The maximum amount of auto save files before it overwrites the oldest one.,The maximum amount of auto save files before it overwrites the oldest one.,The maximum amount of auto save files before it overwrites the oldest one.,The maximum amount of auto save files before it overwrites the oldest one.,"Максимальное количество файлов автосохранений, после которого самый старый файл будет перезаписан.",自动保存存档的最大数量，超过这一数量会删除最旧的自动存档。,The maximum amount of auto save files before it overwrites the oldest one.,The maximum amount of auto save files before it overwrites the oldest one.,The maximum amount of auto save files before it overwrites the oldest one.,The maximum amount of auto save files before it overwrites the oldest one.,The maximum amount of auto save files before it overwrites the oldest one.,The maximum amount of auto save files before it overwrites the oldest one.,,Localized
Menu/Settings/Descriptions/EnableSOIChangeAutoSave,Text,,"Toggles ""SOI Changed"" event-driven auto saves on/off.",Active/Désactive les auto-sauvegardes événementiel lors d'un changement de sphère d'influence.,"Attiva o disattiva i salvataggi automatici basati su eventi per l'evento ""Transizione di SdI""","Toggles ""SOI Changed"" event-driven auto saves on/off.","Toggles ""SOI Changed"" event-driven auto saves on/off.","Toggles ""SOI Changed"" event-driven auto saves on/off.","Toggles ""SOI Changed"" event-driven auto saves on/off.","Toggles ""SOI Changed"" event-driven auto saves on/off.","Включает/выключает автосохранения при событии ""Смена сферы"".",切换“引力范围变化”事件驱动的自动保存开关。,"Toggles ""SOI Changed"" event-driven auto saves on/off.","Toggles ""SOI Changed"" event-driven auto saves on/off.","Toggles ""SOI Changed"" event-driven auto saves on/off.","Toggles ""SOI Changed"" event-driven auto saves on/off.","Toggles ""SOI Changed"" event-driven auto saves on/off.","Toggles ""SOI Changed"" event-driven auto saves on/off.",,Localized
Menu/Settings/Descriptions/EnableVesselLandedAutoSave,Text,,"Toggles ""Vessel Landed"" event-driven auto saves on/off.",Active/Désactive les auto-sauvegardes événementiel après un atterrissage de vaisseau.,"Attiva o disattiva i salvataggi automatici basati su eventi per l'evento ""Veicolo atterrato""","Toggles ""Vessel Landed"" event-driven auto saves on/off.","Toggles ""Vessel Landed"" event-driven auto saves on/off.","Toggles ""Vessel Landed"" event-driven auto saves on/off.","Toggles ""Vessel Landed"" event-driven auto saves on/off.","Toggles ""Vessel Landed"" event-driven auto saves on/off.","Включает/выключает автосохранения при событии ""Аппарат приземлился"".",切换“航天器着陆”事件驱动的自动保存开关。,"Toggles ""Vessel Landed"" event-driven auto saves on/off.","Toggles ""Vessel Landed"" event-driven auto saves on/off.","Toggles ""Vessel Landed"" event-driven auto saves on/off.","Toggles ""Vessel Landed"" event-driven auto saves on/off.","Toggles ""Vessel Landed"" event-driven auto saves on/off.","Toggles ""Vessel Landed"" event-driven auto saves on/off.",,Localized
Menu/Settings/Descriptions/EnableVesselSplashedAutoSave,Text,,"Toggles ""Vessel Splashed"" event-driven auto saves on/off.",Active/Désactive les auto-sauvegardes événementiel après un amerrissage de vaisseau.,"Attiva o disattiva i salvataggi automatici basati su eventi per l'evento ""Veicolo ammarato""","Toggles ""Vessel Splashed"" event-driven auto saves on/off.","Toggles ""Vessel Splashed"" event-driven auto saves on/off.","Toggles ""Vessel Splashed"" event-driven auto saves on/off.","Toggles ""Vessel Splashed"" event-driven auto saves on/off.","Toggles ""Vessel Splashed"" event-driven auto saves on/off.","Включает/выключает автосохранения при событии ""Аппарат приводнился"".",切换“航天器溅落”事件驱动的自动保存开关。,"Toggles ""Vessel Splashed"" event-driven auto saves on/off.","Toggles ""Vessel Splashed"" event-driven auto saves on/off.","Toggles ""Vessel Splashed"" event-driven auto saves on/off.","Toggles ""Vessel Splashed"" event-driven auto saves on/off.","Toggles ""Vessel Splashed"" event-driven auto saves on/off.","Toggles ""Vessel Splashed"" event-driven auto saves on/off.",,Localized
Menu/Settings/Descriptions/EnableVesselAtmosphereTransitionAutoSave,Text,,"Toggles ""Atmosphere Transition"" event-driven auto saves on/off.",Active/Désactive les auto-sauvegardes événementiel après une transition dans l’atmosphère.,"Attiva o disattiva i salvataggi automatici basati su eventi per l'evento ""Transizione atmosferica""","Toggles ""Atmosphere Transition"" event-driven auto saves on/off.","Toggles ""Atmosphere Transition"" event-driven auto saves on/off.","Toggles ""Atmosphere Transition"" event-driven auto saves on/off.","Toggles ""Atmosphere Transition"" event-driven auto saves on/off.","Toggles ""Atmosphere Transition"" event-driven auto saves on/off.","Включает/выключает автосохранения при событии ""Граница атмосферы"".",切换“大气层过渡”事件驱动的自动保存开关。,"Toggles ""Atmosphere Transition"" event-driven auto saves on/off.","Toggles ""Atmosphere Transition"" event-driven auto saves on/off.","Toggles ""Atmosphere Transition"" event-driven auto saves on/off.","Toggles ""Atmosphere Transition"" event-driven auto saves on/off.","Toggles ""Atmosphere Transition"" event-driven auto saves on/off.","Toggles ""Atmosphere Transition"" event-driven auto saves on/off.",,Localized
Menu/Settings/EVA/SwimUpDown/positive,Text,,Swim Up,Nager en haut,Nuota verso l'alto,Swim Up,Swim Up,Swim Up,Swim Up,Swim Up,Swim Up,向上游,Swim Up,Swim Up,Swim Up,Swim Up,Swim Up,Swim Up,,Localized
Menu/Settings/EVA/SwimUpDown/negative,Text,,Swim Down,Nager en bas,Nuota verso il basso,Swim Down,Swim Down,Swim Down,Swim Down,Swim Down,Swim Down,向下游,Swim Down,Swim Down,Swim Down,Swim Down,Swim Down,Swim Down,,Localized
Menu/Settings/Descriptions/EVA/SwimUpDown,Text,,Swim Up and Down while in water,Nager en haut et en bas dans l'eau,Nuota verso l'alto e il basso quando sei in acqua,Swim Up and Down while in water,Swim Up and Down while in water,Swim Up and Down while in water,Swim Up and Down while in water,Swim Up and Down while in water,Swim Up and Down while in water,在水中上浮或下沉,Swim Up and Down while in water,Swim Up and Down while in water,Swim Up and Down while in water,Swim Up and Down while in water,Swim Up and Down while in water,Swim Up and Down while in water,,Localized
Menu/Settings/EnableOabAutoSave,Text,,Enable OAB Auto Saves,Activer les Auto-sauvegarde dans le BAO,Abilita i salvataggi automatici nell'EAO,Enable OAB Auto Saves,Enable OAB Auto Saves,Enable OAB Auto Saves,Enable OAB Auto Saves,Enable OAB Auto Saves,Enable OAB Auto Saves,启用编辑器自动保存,Enable OAB Auto Saves,Enable OAB Auto Saves,Enable OAB Auto Saves,Enable OAB Auto Saves,Enable OAB Auto Saves,Enable OAB Auto Saves,,Localized
Menu/Settings/Descriptions/EnableOabAutoSave,Text,,Enable periodic auto saves in the VAB/BAE. This is separate from the event-driven auto save settings below.,Activez la sauvegarde automatique périodique dans le BAV/EAB. Cette option est distincte des paramètres de sauvegarde automatique déclenchée par des événements indiqués ci-dessous.,Abilita i salvataggi automatici dei veicoli nell'EAV/EAB. Questa opzione è separata dalle impostazioni di salvataggio automatico basate su eventi riportate di seguito,Enable periodic auto saves in the VAB/BAE. This is separate from the event-driven auto save settings below.,Enable periodic auto saves in the VAB/BAE. This is separate from the event-driven auto save settings below.,Enable periodic auto saves in the VAB/BAE. This is separate from the event-driven auto save settings below.,Enable periodic auto saves in the VAB/BAE. This is separate from the event-driven auto save settings below.,Enable periodic auto saves in the VAB/BAE. This is separate from the event-driven auto save settings below.,Enable periodic auto saves in the VAB/BAE. This is separate from the event-driven auto save settings below.,在组装大楼和基地编辑中启用定期自动保存。此设置与下方的事件驱动自动保存设置相互独立。,Enable periodic auto saves in the VAB/BAE. This is separate from the event-driven auto save settings below.,Enable periodic auto saves in the VAB/BAE. This is separate from the event-driven auto save settings below.,Enable periodic auto saves in the VAB/BAE. This is separate from the event-driven auto save settings below.,Enable periodic auto saves in the VAB/BAE. This is separate from the event-driven auto save settings below.,Enable periodic auto saves in the VAB/BAE. This is separate from the event-driven auto save settings below.,Enable periodic auto saves in the VAB/BAE. This is separate from the event-driven auto save settings below.,,Localized
Menu/Settings/OabAutoSaveCooldown,Text,,OAB Auto Save Time,Temp d'auto-sauvegarde dans le BAO,Frequenza salvataggio automatico nell'EAO,OAB Auto Save Time,OAB Auto Save Time,OAB Auto Save Time,OAB Auto Save Time,OAB Auto Save Time,OAB Auto Save Time,编辑器自动保存间隔,OAB Auto Save Time,OAB Auto Save Time,OAB Auto Save Time,OAB Auto Save Time,OAB Auto Save Time,OAB Auto Save Time,,Localized
Menu/Settings/Descriptions/OabAutoSaveCooldown,Text,,The time it will take to auto save in the VAB/BAE in seconds.,Le délai (en secondes) avant la sauvegarde automatique dans le BAV/EAB.,Tempo d'attesa in secondi per il salvataggio automatico nell'EAV/EAB,The time it will take to auto save in the VAB/BAE in seconds.,The time it will take to auto save in the VAB/BAE in seconds.,The time it will take to auto save in the VAB/BAE in seconds.,The time it will take to auto save in the VAB/BAE in seconds.,The time it will take to auto save in the VAB/BAE in seconds.,The time it will take to auto save in the VAB/BAE in seconds.,在组装大楼和基地编辑中两次自动保存之间的时间间隔，单位秒。,The time it will take to auto save in the VAB/BAE in seconds.,The time it will take to auto save in the VAB/BAE in seconds.,The time it will take to auto save in the VAB/BAE in seconds.,The time it will take to auto save in the VAB/BAE in seconds.,The time it will take to auto save in the VAB/BAE in seconds.,The time it will take to auto save in the VAB/BAE in seconds.,,Localized
Menu/Settings/Descriptions/OabAutoSaveMaxCount,Text,,The maximum amount of auto save files before it overwrites the oldest one.,La quantité maximum de fichiers d'auto-sauvegarde avant que le plus ancien soit remplacé.,Numero massimo di file di salvataggio automatico consentiti prima che venga sovrascritto il più vecchio,The maximum amount of auto save files before it overwrites the oldest one.,The maximum amount of auto save files before it overwrites the oldest one.,The maximum amount of auto save files before it overwrites the oldest one.,The maximum amount of auto save files before it overwrites the oldest one.,The maximum amount of auto save files before it overwrites the oldest one.,The maximum amount of auto save files before it overwrites the oldest one.,自动保存存档的最大数量，超过这一数量会删除最旧的自动存档。,The maximum amount of auto save files before it overwrites the oldest one.,The maximum amount of auto save files before it overwrites the oldest one.,The maximum amount of auto save files before it overwrites the oldest one.,The maximum amount of auto save files before it overwrites the oldest one.,The maximum amount of auto save files before it overwrites the oldest one.,The maximum amount of auto save files before it overwrites the oldest one.,,Localized
Menu/Settings/OabAutoSaveMaxCount,Text,,Maximum Amount of OAB Auto Saves,Quantité Maximum d'auto-sauvegarde dans le BAO,Numero massimo di salvataggi automatici dell'EAO,Maximum Amount of OAB Auto Saves,Maximum Amount of OAB Auto Saves,Maximum Amount of OAB Auto Saves,Maximum Amount of OAB Auto Saves,Maximum Amount of OAB Auto Saves,Maximum Amount of OAB Auto Saves,编辑器自动存档的最大数量,Maximum Amount of OAB Auto Saves,Maximum Amount of OAB Auto Saves,Maximum Amount of OAB Auto Saves,Maximum Amount of OAB Auto Saves,Maximum Amount of OAB Auto Saves,Maximum Amount of OAB Auto Saves,,Localized
Menu/Settings/Sections/OnlineServices,Text,,Online Services,Services en ligne,Servizi online,Online Services,Online Services,Online Services,Online Services,Online Services,Online Services,在线服务,Online Services,Online Services,Online Services,Online Services,Online Services,Online Services,,Localized
Menu/Settings/CheckModVersions,Text,,Check for mod updates,Rechercher des mises à jour de mods,Controlla aggiornamenti mod,Check for mod updates,Check for mod updates,Check for mod updates,Check for mod updates,Check for mod updates,Check for mod updates,检查模组更新,Check for mod updates,Check for mod updates,Check for mod updates,Check for mod updates,Check for mod updates,Check for mod updates,,Localized
Menu/Settings/Description/CheckModVersions,Text,,Check for available mod updates when Redux starts.,Cherche des mises à jour de mod disponibles au démarrage de Redux.,Verifica la presenza di aggiornamenti per le mod all'avvio,Check for available mod updates when Redux starts.,Check for available mod updates when Redux starts.,Check for available mod updates when Redux starts.,Check for available mod updates when Redux starts.,Check for available mod updates when Redux starts.,Check for available mod updates when Redux starts.,在Redux启动时检查可用的模组更新。,Check for available mod updates when Redux starts.,Check for available mod updates when Redux starts.,Check for available mod updates when Redux starts.,Check for available mod updates when Redux starts.,Check for available mod updates when Redux starts.,Check for available mod updates when Redux starts.,,Localized
Menu/Settings/DownloadLocalizationUpdates,Text,,Download localization updates,Télécharger les mises à jour de traduction,Scarica traduzioni aggiornate,Download localization updates,Download localization updates,Download localization updates,Download localization updates,Download localization updates,Download localization updates,下载本地化更新,Download localization updates,Download localization updates,Download localization updates,Download localization updates,Download localization updates,Download localization updates,,Localized
Menu/Settings/Description/DownloadLocalizationUpdates,Text,,Download updated first-party Redux localizations when Redux starts.,Télécharge les nouvelles traductions Redux officielles au démarrage de Redux.,Scarica le traduzioni ufficiali aggiornate all'avvio di Redux,Download updated first-party Redux localizations when Redux starts.,Download updated first-party Redux localizations when Redux starts.,Download updated first-party Redux localizations when Redux starts.,Download updated first-party Redux localizations when Redux starts.,Download updated first-party Redux localizations when Redux starts.,Download updated first-party Redux localizations when Redux starts.,在Redux启动时更新官方本地化。,Download updated first-party Redux localizations when Redux starts.,Download updated first-party Redux localizations when Redux starts.,Download updated first-party Redux localizations when Redux starts.,Download updated first-party Redux localizations when Redux starts.,Download updated first-party Redux localizations when Redux starts.,Download updated first-party Redux localizations when Redux starts.,,Localized
Menu/Settings/DownloadMissionUpdates,Text,,Download mission updates,Télécharger les mises à jour de mission,Scarica aggiornamenti missioni,Download mission updates,Download mission updates,Download mission updates,Download mission updates,Download mission updates,Download mission updates,下载任务更新,Download mission updates,Download mission updates,Download mission updates,Download mission updates,Download mission updates,Download mission updates,,Localized
Menu/Settings/Description/DownloadMissionUpdates,Text,,Download updated first-party Redux mission definitions when a campaign loads.,Télécharge les descriptions de mission Redux officielles mises à jour au lancement d'une campagne.,Scarica le missioni Redux ufficiali aggiornate al caricamento di una campagna,Download updated first-party Redux mission definitions when a campaign loads.,Download updated first-party Redux mission definitions when a campaign loads.,Download updated first-party Redux mission definitions when a campaign loads.,Download updated first-party Redux mission definitions when a campaign loads.,Download updated first-party Redux mission definitions when a campaign loads.,Download updated first-party Redux mission definitions when a campaign loads.,加载战役时，更新官方Redux任务定义。,Download updated first-party Redux mission definitions when a campaign loads.,Download updated first-party Redux mission definitions when a campaign loads.,Download updated first-party Redux mission definitions when a campaign loads.,Download updated first-party Redux mission definitions when a campaign loads.,Download updated first-party Redux mission definitions when a campaign loads.,Download updated first-party Redux mission definitions when a campaign loads.,,Localized
Menu/Settings/DownloadMainMenuVessels,Text,,Download main menu vessels,Télécharger les vaisseaux du menu principal,Scarica i veicoli del menu principale,Download main menu vessels,Download main menu vessels,Download main menu vessels,Download main menu vessels,Download main menu vessels,Download main menu vessels,下载主菜单航天器,Download main menu vessels,Download main menu vessels,Download main menu vessels,Download main menu vessels,Download main menu vessels,Download main menu vessels,,Localized
Menu/Settings/Description/DownloadMainMenuVessels,Text,,Download updated first-party Redux main menu vessel prefabs when Redux starts.,Télécharge les préfabriqués Redux officielles des vaisseaux du menu principal au démarrage du jeu.,Scarica i modelli dei veicoli ufficiali Redux del menu principale all'avvio di Redux,Download updated first-party Redux main menu vessel prefabs when Redux starts.,Download updated first-party Redux main menu vessel prefabs when Redux starts.,Download updated first-party Redux main menu vessel prefabs when Redux starts.,Download updated first-party Redux main menu vessel prefabs when Redux starts.,Download updated first-party Redux main menu vessel prefabs when Redux starts.,Download updated first-party Redux main menu vessel prefabs when Redux starts.,在Redux启动时更新官方Redux主菜单航天器预设。,Download updated first-party Redux main menu vessel prefabs when Redux starts.,Download updated first-party Redux main menu vessel prefabs when Redux starts.,Download updated first-party Redux main menu vessel prefabs when Redux starts.,Download updated first-party Redux main menu vessel prefabs when Redux starts.,Download updated first-party Redux main menu vessel prefabs when Redux starts.,Download updated first-party Redux main menu vessel prefabs when Redux starts.,,Localized
Menu/OnlineServices/Consent/Title,Text,,Online Services,Services en ligne,Servizi online,Online Services,Online Services,Online Services,Online Services,Online Services,Online Services,在线服务,Online Services,Online Services,Online Services,Online Services,Online Services,Online Services,,Localized
Menu/OnlineServices/Consent/Message,Text,,Choose which online services Redux may use. You can change these later in settings.,Choisissez quels services en ligne Redux peut utiliser. Vous pourrez les changer dans les paramètres ultérieurement.,Seleziona quali servizi online Redux può utilizzare. Potrai modificarli successivamente nelle impostazioni,Choose which online services Redux may use. You can change these later in settings.,Choose which online services Redux may use. You can change these later in settings.,Choose which online services Redux may use. You can change these later in settings.,Choose which online services Redux may use. You can change these later in settings.,Choose which online services Redux may use. You can change these later in settings.,Choose which online services Redux may use. You can change these later in settings.,选择Redux可以使用的在线服务。你可以在后续的设置中更改这些选项。,Choose which online services Redux may use. You can change these later in settings.,Choose which online services Redux may use. You can change these later in settings.,Choose which online services Redux may use. You can change these later in settings.,Choose which online services Redux may use. You can change these later in settings.,Choose which online services Redux may use. You can change these later in settings.,Choose which online services Redux may use. You can change these later in settings.,,Localized
Menu/OnlineServices/Consent/Confirm,Text,,Confirm,Confirmer,Conferma,Confirm,Confirm,Confirm,Confirm,Confirm,Confirm,确认,Confirm,Confirm,Confirm,Confirm,Confirm,Confirm,,Localized
Menu/Settings/MainMenuTransitionSpeed/SettingName,Text,,Main Menu Transition Speed,Vitesse de transition du menu principal,Velocità di transizione del menu principale,Main Menu Transition Speed,Main Menu Transition Speed,Main Menu Transition Speed,Main Menu Transition Speed,Main Menu Transition Speed,Main Menu Transition Speed,主菜单切换速度,Main Menu Transition Speed,Main Menu Transition Speed,Main Menu Transition Speed,Main Menu Transition Speed,Main Menu Transition Speed,Main Menu Transition Speed,,Localized
Menu/Settings/Descriptions/MainMenuTransitionSpeed,Text,,How quickly the main menu turns from one craft to the next. Slower is gentler to watch.,Détermine la vitesse à laquelle les vaisseaux de l'écran principal défilent. Un paramètre plus lent est plus doux à regarder.,Indica la velocità con cui il menu principale passa da un veicolo all'altro. Una velocità inferiore rende la transizione più fluida e piacevole da guardare,How quickly the main menu turns from one craft to the next. Slower is gentler to watch.,How quickly the main menu turns from one craft to the next. Slower is gentler to watch.,How quickly the main menu turns from one craft to the next. Slower is gentler to watch.,How quickly the main menu turns from one craft to the next. Slower is gentler to watch.,How quickly the main menu turns from one craft to the next. Slower is gentler to watch.,How quickly the main menu turns from one craft to the next. Slower is gentler to watch.,主菜单中航天器切换的速度。速度较慢时观看体验更平缓。,How quickly the main menu turns from one craft to the next. Slower is gentler to watch.,How quickly the main menu turns from one craft to the next. Slower is gentler to watch.,How quickly the main menu turns from one craft to the next. Slower is gentler to watch.,How quickly the main menu turns from one craft to the next. Slower is gentler to watch.,How quickly the main menu turns from one craft to the next. Slower is gentler to watch.,How quickly the main menu turns from one craft to the next. Slower is gentler to watch.,,Localized
Menu/Settings/MainMenuTransitionSpeed/Slow,Text,,Slow,Lent,Lento,Slow,Slow,Slow,Slow,Slow,Slow,慢,Slow,Slow,Slow,Slow,Slow,Slow,,Localized
Menu/Settings/MainMenuTransitionSpeed/Medium,Text,,Medium,Moyen,Medio,Medium,Medium,Medium,Medium,Medium,Medium,中,Medium,Medium,Medium,Medium,Medium,Medium,,Localized
Menu/Settings/MainMenuTransitionSpeed/Fast,Text,,Fast,Rapide,Veloce,Fast,Fast,Fast,Fast,Fast,Fast,快,Fast,Fast,Fast,Fast,Fast,Fast,,Localized
Menu/Settings/ShareAnonymousUsageData,Text,,Share anonymous usage data,Partager des données d'utilisation anonymes,Condividi dati anonimi sull'utilizzo,Share anonymous usage data,Share anonymous usage data,Share anonymous usage data,Share anonymous usage data,Share anonymous usage data,Share anonymous usage data,共享匿名使用数据,Share anonymous usage data,Share anonymous usage data,Share anonymous usage data,Share anonymous usage data,Share anonymous usage data,Share anonymous usage data,,Localized
Menu/Settings/Description/ShareAnonymousUsageData,Text,,Share anonymous sessions and one-time use of major Redux features.,Partage une session anonyme et les usages uniques des fonctionnalités majeures de Redux.,Condividi le sessioni anonime e l'uso delle funzionalità principali di Redux,Share anonymous sessions and one-time use of major Redux features.,Share anonymous sessions and one-time use of major Redux features.,Share anonymous sessions and one-time use of major Redux features.,Share anonymous sessions and one-time use of major Redux features.,Share anonymous sessions and one-time use of major Redux features.,Share anonymous sessions and one-time use of major Redux features.,共享匿名的游戏会话和Redux主要功能的单次使用数据。,Share anonymous sessions and one-time use of major Redux features.,Share anonymous sessions and one-time use of major Redux features.,Share anonymous sessions and one-time use of major Redux features.,Share anonymous sessions and one-time use of major Redux features.,Share anonymous sessions and one-time use of major Redux features.,Share anonymous sessions and one-time use of major Redux features.,,Localized
Menu/Settings/SendCrashReports,Text,,Send crash and error reports,Envoyer les rapports de plantage et d'erreur,Invia messagi di errore e crash,Send crash and error reports,Send crash and error reports,Send crash and error reports,Send crash and error reports,Send crash and error reports,Send crash and error reports,发送崩溃和错误报告,Send crash and error reports,Send crash and error reports,Send crash and error reports,Send crash and error reports,Send crash and error reports,Send crash and error reports,,Localized
Menu/Settings/Description/SendCrashReports,Text,,"Send sanitized Unity errors, exceptions, associated Unity crash-report text, and probable unclean-exit reports.","Envoye des rapports normés des erreurs, des exceptions, des textes de rapports associés à Unity, et des rapports de sortie anormale probable de Unity.","Invia errori, eccezioni, crash e chiusure inaspettate di Unity anonimizzati","Send sanitized Unity errors, exceptions, associated Unity crash-report text, and probable unclean-exit reports.","Send sanitized Unity errors, exceptions, associated Unity crash-report text, and probable unclean-exit reports.","Send sanitized Unity errors, exceptions, associated Unity crash-report text, and probable unclean-exit reports.","Send sanitized Unity errors, exceptions, associated Unity crash-report text, and probable unclean-exit reports.","Send sanitized Unity errors, exceptions, associated Unity crash-report text, and probable unclean-exit reports.","Send sanitized Unity errors, exceptions, associated Unity crash-report text, and probable unclean-exit reports.",发送已脱敏的Unity错误、异常、相关的Unity崩溃报告文本，以及可能的非正常退出报告。,"Send sanitized Unity errors, exceptions, associated Unity crash-report text, and probable unclean-exit reports.","Send sanitized Unity errors, exceptions, associated Unity crash-report text, and probable unclean-exit reports.","Send sanitized Unity errors, exceptions, associated Unity crash-report text, and probable unclean-exit reports.","Send sanitized Unity errors, exceptions, associated Unity crash-report text, and probable unclean-exit reports.","Send sanitized Unity errors, exceptions, associated Unity crash-report text, and probable unclean-exit reports.","Send sanitized Unity errors, exceptions, associated Unity crash-report text, and probable unclean-exit reports.",,Localized
Menu/OnlineServices/Consent/PrivacyPolicy,Text,,Read the privacy policy,Lire la politique de confidentialité,Leggi la politica sulla privacy,Read the privacy policy,Read the privacy policy,Read the privacy policy,Read the privacy policy,Read the privacy policy,Read the privacy policy,阅读隐私政策,Read the privacy policy,Read the privacy policy,Read the privacy policy,Read the privacy policy,Read the privacy policy,Read the privacy policy,,Localized
Menu/Settings/TelemetryIdentity,Text,,Anonymous session identity,Identité de session anonyme,Sessione anonima,Anonymous session identity,Anonymous session identity,Anonymous session identity,Anonymous session identity,Anonymous session identity,Anonymous session identity,匿名会话ID,Anonymous session identity,Anonymous session identity,Anonymous session identity,Anonymous session identity,Anonymous session identity,Anonymous session identity,,Localized
Menu/Settings/ResetTelemetryIdentity,Text,,Reset anonymous session ID,Réinitialiser l'identifiant de session anonyme,Resetta l'ID della sessione anonima,Reset anonymous session ID,Reset anonymous session ID,Reset anonymous session ID,Reset anonymous session ID,Reset anonymous session ID,Reset anonymous session ID,重置匿名会话ID,Reset anonymous session ID,Reset anonymous session ID,Reset anonymous session ID,Reset anonymous session ID,Reset anonymous session ID,Reset anonymous session ID,,Localized
Menu/Settings/ResetTelemetryIdentityWarning,Text,,This starts a new anonymous session identity. It does not erase previously aggregated data.,Ceci crée une nouvelle identité de session anonyme. Ceci n'efface pas les données collectées précédemment.,Inizia una nuova sessione anonima. I dati precedentemente raccolti non verranno cancellati,This starts a new anonymous session identity. It does not erase previously aggregated data.,This starts a new anonymous session identity. It does not erase previously aggregated data.,This starts a new anonymous session identity. It does not erase previously aggregated data.,This starts a new anonymous session identity. It does not erase previously aggregated data.,This starts a new anonymous session identity. It does not erase previously aggregated data.,This starts a new anonymous session identity. It does not erase previously aggregated data.,这将启用一个新的匿名会话ID。它不会抹除之前已聚合的数据。,This starts a new anonymous session identity. It does not erase previously aggregated data.,This starts a new anonymous session identity. It does not erase previously aggregated data.,This starts a new anonymous session identity. It does not erase previously aggregated data.,This starts a new anonymous session identity. It does not erase previously aggregated data.,This starts a new anonymous session identity. It does not erase previously aggregated data.,This starts a new anonymous session identity. It does not erase previously aggregated data.,,Localized
Menu/Settings/ResetTelemetryIdentityConfirm,Text,,Reset identity,Réinitialiser l'identité,Resetta l'identità,Reset identity,Reset identity,Reset identity,Reset identity,Reset identity,Reset identity,重置ID,Reset identity,Reset identity,Reset identity,Reset identity,Reset identity,Reset identity,,Localized
Menu/Settings/ResetTelemetryIdentityCancel,Text,,Cancel,Annuler,Annulla,Cancel,Cancel,Cancel,Cancel,Cancel,Cancel,取消,Cancel,Cancel,Cancel,Cancel,Cancel,Cancel,,Localized
Menu/Settings/LinkTelemetryIdentity,Text,,Link telemetry to anonymous session ID,Lier la télémétrie à un identifiant de session anonyme,Collega la telemetria a un ID di sessione anonimo,Link telemetry to anonymous session ID,Link telemetry to anonymous session ID,Link telemetry to anonymous session ID,Link telemetry to anonymous session ID,Link telemetry to anonymous session ID,Link telemetry to anonymous session ID,将遥测数据关联至匿名会话ID,Link telemetry to anonymous session ID,Link telemetry to anonymous session ID,Link telemetry to anonymous session ID,Link telemetry to anonymous session ID,Link telemetry to anonymous session ID,Link telemetry to anonymous session ID,,Localized
Menu/Settings/Description/LinkTelemetryIdentity,Text,,Use the same anonymous ID for sessions events and crash or error reports. Leave this off to use a new random ID for each event or report.,Use the same anonymous ID for sessions events and crash or error reports. Leave this off to use a new random ID for each event or report.,Usa lo stesso ID anonimo per gli eventi di sessione e per i report di crash o errori. Disattiva questa opzione per usare un nuovo ID casuale per ogni evento o report,Use the same anonymous ID for sessions events and crash or error reports. Leave this off to use a new random ID for each event or report.,Use the same anonymous ID for sessions events and crash or error reports. Leave this off to use a new random ID for each event or report.,Use the same anonymous ID for sessions events and crash or error reports. Leave this off to use a new random ID for each event or report.,Use the same anonymous ID for sessions events and crash or error reports. Leave this off to use a new random ID for each event or report.,Use the same anonymous ID for sessions events and crash or error reports. Leave this off to use a new random ID for each event or report.,Use the same anonymous ID for sessions events and crash or error reports. Leave this off to use a new random ID for each event or report.,为会话事件以及崩溃或错误报告使用相同的匿名ID。关闭此选项后，每个事件或报告将使用新的随机ID。,Use the same anonymous ID for sessions events and crash or error reports. Leave this off to use a new random ID for each event or report.,Use the same anonymous ID for sessions events and crash or error reports. Leave this off to use a new random ID for each event or report.,Use the same anonymous ID for sessions events and crash or error reports. Leave this off to use a new random ID for each event or report.,Use the same anonymous ID for sessions events and crash or error reports. Leave this off to use a new random ID for each event or report.,Use the same anonymous ID for sessions events and crash or error reports. Leave this off to use a new random ID for each event or report.,Use the same anonymous ID for sessions events and crash or error reports. Leave this off to use a new random ID for each event or report.,,Localized
Menu/OnlineServices/Consent/RequiredTelemetry,Text,,These two settings are locked on because this is a pre-release Redux build.,These two settings are locked on because this is a pre-release Redux build.,"Queste due impostazioni sono bloccate su ""Attivo"" poiché questa è una build pre-release di Redux",These two settings are locked on because this is a pre-release Redux build.,These two settings are locked on because this is a pre-release Redux build.,These two settings are locked on because this is a pre-release Redux build.,These two settings are locked on because this is a pre-release Redux build.,These two settings are locked on because this is a pre-release Redux build.,These two settings are locked on because this is a pre-release Redux build.,由于您在使用Redux预览版本，这两项设置被强制开启。,These two settings are locked on because this is a pre-release Redux build.,These two settings are locked on because this is a pre-release Redux build.,These two settings are locked on because this is a pre-release Redux build.,These two settings are locked on because this is a pre-release Redux build.,These two settings are locked on because this is a pre-release Redux build.,These two settings are locked on because this is a pre-release Redux build.,,Localized
Menu/OnlineServices/Consent/UpdateNotice,Text,,Redux's online services terms have changed since you last reviewed them. Review the current choices and privacy policy below before confirming again.,Redux's online services terms have changed since you last reviewed them. Review the current choices and privacy policy below before confirming again.,I termini dei servizi online di Redux sono stati modificati dall'ultima consultazione. Rivedi le tue scelte riguardo l'informativa sulla privacy prima di confermare nuovamente,Redux's online services terms have changed since you last reviewed them. Review the current choices and privacy policy below before confirming again.,Redux's online services terms have changed since you last reviewed them. Review the current choices and privacy policy below before confirming again.,Redux's online services terms have changed since you last reviewed them. Review the current choices and privacy policy below before confirming again.,Redux's online services terms have changed since you last reviewed them. Review the current choices and privacy policy below before confirming again.,Redux's online services terms have changed since you last reviewed them. Review the current choices and privacy policy below before confirming again.,Redux's online services terms have changed since you last reviewed them. Review the current choices and privacy policy below before confirming again.,Redux的在线服务条款已变更。请在再次确认前查看下方的当前选项和隐私政策。,Redux's online services terms have changed since you last reviewed them. Review the current choices and privacy policy below before confirming again.,Redux's online services terms have changed since you last reviewed them. Review the current choices and privacy policy below before confirming again.,Redux's online services terms have changed since you last reviewed them. Review the current choices and privacy policy below before confirming again.,Redux's online services terms have changed since you last reviewed them. Review the current choices and privacy policy below before confirming again.,Redux's online services terms have changed since you last reviewed them. Review the current choices and privacy policy below before confirming again.,Redux's online services terms have changed since you last reviewed them. Review the current choices and privacy policy below before confirming again.,,Localized
Menu/Settings/Joints/AnalyticalName,Text,,Analytical Joints,Analytical Joints,Giunzioni analitiche,Analytical Joints,Analytical Joints,Analytical Joints,Analytical Joints,Analytical Joints,Analytical Joints,解析关节,Analytical Joints,Analytical Joints,Analytical Joints,Analytical Joints,Analytical Joints,Analytical Joints,,Localized
Menu/Settings/Descriptions/AnalyticalJointsEnable,Text,,Enable the new analytical joints solver which replaces the legacy PhysX solver. Disabling this new solver is unsupported and bug reports about joints with it off will be ignored.,Enable the new analytical joints solver which replaces the legacy PhysX solver. Disabling this new solver is unsupported and bug reports about joints with it off will be ignored.,Abilita il nuovo risolutore per le giunzioni analitiche che sostituisce il vecchio sistema PhysX. La disattivazione di questo risolutore non è supportata e le segnalazioni di bug relative alle giunzioni con l'opzione disattivata verranno ignorate,Enable the new analytical joints solver which replaces the legacy PhysX solver. Disabling this new solver is unsupported and bug reports about joints with it off will be ignored.,Enable the new analytical joints solver which replaces the legacy PhysX solver. Disabling this new solver is unsupported and bug reports about joints with it off will be ignored.,Enable the new analytical joints solver which replaces the legacy PhysX solver. Disabling this new solver is unsupported and bug reports about joints with it off will be ignored.,Enable the new analytical joints solver which replaces the legacy PhysX solver. Disabling this new solver is unsupported and bug reports about joints with it off will be ignored.,Enable the new analytical joints solver which replaces the legacy PhysX solver. Disabling this new solver is unsupported and bug reports about joints with it off will be ignored.,Enable the new analytical joints solver which replaces the legacy PhysX solver. Disabling this new solver is unsupported and bug reports about joints with it off will be ignored.,启用新的解析关节求解器，以取代旧版PhysX求解器。禁用此新求解器不受支持，且关闭时的关节错误报告将被忽略。,Enable the new analytical joints solver which replaces the legacy PhysX solver. Disabling this new solver is unsupported and bug reports about joints with it off will be ignored.,Enable the new analytical joints solver which replaces the legacy PhysX solver. Disabling this new solver is unsupported and bug reports about joints with it off will be ignored.,Enable the new analytical joints solver which replaces the legacy PhysX solver. Disabling this new solver is unsupported and bug reports about joints with it off will be ignored.,Enable the new analytical joints solver which replaces the legacy PhysX solver. Disabling this new solver is unsupported and bug reports about joints with it off will be ignored.,Enable the new analytical joints solver which replaces the legacy PhysX solver. Disabling this new solver is unsupported and bug reports about joints with it off will be ignored.,Enable the new analytical joints solver which replaces the legacy PhysX solver. Disabling this new solver is unsupported and bug reports about joints with it off will be ignored.,,Localized
Menu/Settings/Stage Recovery,Text,,Stage Recovery,Stage Recovery,Stage Recovery,Stage Recovery,Stage Recovery,Stage Recovery,Stage Recovery,Stage Recovery,Stage Recovery,分级回收,Stage Recovery,Stage Recovery,Stage Recovery,Stage Recovery,Stage Recovery,Stage Recovery,,Localized
Menu/Settings/Recovery Save Delay,Text,,Recovery Save Delay,Recovery Save Delay,Recovery Save Delay,Recovery Save Delay,Recovery Save Delay,Recovery Save Delay,Recovery Save Delay,Recovery Save Delay,Recovery Save Delay,回收保存延迟,Recovery Save Delay,Recovery Save Delay,Recovery Save Delay,Recovery Save Delay,Recovery Save Delay,Recovery Save Delay,,Localized
Menu/Settings/Description/Recovery Save Delay,Text,,"When you decouple, the game will take a recovery save snapshot after this amount of time.","When you decouple, the game will take a recovery save snapshot after this amount of time.","When you decouple, the game will take a recovery save snapshot after this amount of time.","When you decouple, the game will take a recovery save snapshot after this amount of time.","When you decouple, the game will take a recovery save snapshot after this amount of time.","When you decouple, the game will take a recovery save snapshot after this amount of time.","When you decouple, the game will take a recovery save snapshot after this amount of time.","When you decouple, the game will take a recovery save snapshot after this amount of time.","When you decouple, the game will take a recovery save snapshot after this amount of time.",游戏将在分离的此时间之后创建回收存档快照。,"When you decouple, the game will take a recovery save snapshot after this amount of time.","When you decouple, the game will take a recovery save snapshot after this amount of time.","When you decouple, the game will take a recovery save snapshot after this amount of time.","When you decouple, the game will take a recovery save snapshot after this amount of time.","When you decouple, the game will take a recovery save snapshot after this amount of time.","When you decouple, the game will take a recovery save snapshot after this amount of time.",,Localized
